[
{
  "model": "changes.unit",
  "pk": 1,
  "fields": {
    "name": "cbm"
  }
},
{
  "model": "changes.unit",
  "pk": 2,
  "fields": {
    "name": "tons"
  }
},
{
  "model": "changes.unit",
  "pk": 3,
  "fields": {
    "name": "meters"
  }
},
{
  "model": "changes.unit",
  "pk": 4,
  "fields": {
    "name": "number"
  }
},
{
  "model": "changes.unit",
  "pk": 5,
  "fields": {
    "name": "\u20ac"
  }
},
{
  "model": "changes.solutioncategory",
  "pk": 1,
  "fields": {
    "user": 2,
    "name": "Collection containers"
  }
},
{
  "model": "changes.solutioncategory",
  "pk": 2,
  "fields": {
    "user": 2,
    "name": "Regulation"
  }
},
{
  "model": "changes.solutioncategory",
  "pk": 3,
  "fields": {
    "user": 2,
    "name": "Tour planning"
  }
},
{
  "model": "changes.solutioncategory",
  "pk": 4,
  "fields": {
    "user": 2,
    "name": "Public awareness"
  }
},
{
  "model": "changes.solutioncategory",
  "pk": 8,
  "fields": {
    "user": 5,
    "name": "Police"
  }
},
{
  "model": "changes.solutioncategory",
  "pk": 9,
  "fields": {
    "user": 1,
    "name": "iamthenewcategeroy"
  }
},
{
  "model": "changes.solution",
  "pk": 1,
  "fields": {
    "user": 2,
    "solution_category": 1,
    "name": "Multiple boxes",
    "description": "aaa",
    "one_unit_equals": "One box"
  }
},
{
  "model": "changes.solution",
  "pk": 2,
  "fields": {
    "user": 1,
    "solution_category": 1,
    "name": "Flexible bins",
    "description": "bbb",
    "one_unit_equals": "One bin"
  }
},
{
  "model": "changes.solution",
  "pk": 3,
  "fields": {
    "user": 2,
    "solution_category": 1,
    "name": "Underfloor collectors",
    "description": "ccc",
    "one_unit_equals": "One collector"
  }
},
{
  "model": "changes.solution",
  "pk": 4,
  "fields": {
    "user": 2,
    "solution_category": 2,
    "name": "Stricter recycling law",
    "description": "ddd",
    "one_unit_equals": "One law"
  }
},
{
  "model": "changes.solution",
  "pk": 5,
  "fields": {
    "user": 1,
    "solution_category": 3,
    "name": "Tour optimisation",
    "description": "eee",
    "one_unit_equals": "One optimisation"
  }
},
{
  "model": "changes.solution",
  "pk": 6,
  "fields": {
    "user": 1,
    "solution_category": 4,
    "name": "Public ads",
    "description": "fff",
    "one_unit_equals": "One campaign"
  }
},
{
  "model": "changes.solution",
  "pk": 7,
  "fields": {
    "user": 2,
    "solution_category": 4,
    "name": "Recycling training",
    "description": "ggg",
    "one_unit_equals": "One training program"
  }
},
{
  "model": "changes.solution",
  "pk": 17,
  "fields": {
    "user": 5,
    "solution_category": 8,
    "name": "Razzia",
    "description": "Bum",
    "one_unit_equals": "One Police(wo)man"
  }
},
{
  "model": "changes.solution",
  "pk": 18,
  "fields": {
    "user": 1,
    "solution_category": 2,
    "name": "123213",
    "description": "3123",
    "one_unit_equals": "two units and one horse"
  }
},
{
  "model": "changes.solution",
  "pk": 19,
  "fields": {
    "user": 1,
    "solution_category": 2,
    "name": "143143",
    "description": "21312",
    "one_unit_equals": "134"
  }
},
{
  "model": "changes.solution",
  "pk": 20,
  "fields": {
    "user": 1,
    "solution_category": 2,
    "name": "new",
    "description": "omg so new",
    "one_unit_equals": "millions"
  }
},
{
  "model": "changes.solution",
  "pk": 21,
  "fields": {
    "user": 1,
    "solution_category": 2,
    "name": "1new",
    "description": "omg so new",
    "one_unit_equals": "millions"
  }
},
{
  "model": "changes.solutionquantity",
  "pk": 1,
  "fields": {
    "solution": 3,
    "unit": 4,
    "name": "number of collectors"
  }
},
{
  "model": "changes.solutionquantity",
  "pk": 3,
  "fields": {
    "solution": 4,
    "unit": 3,
    "name": "laws"
  }
},
{
  "model": "changes.solutionquantity",
  "pk": 5,
  "fields": {
    "solution": 5,
    "unit": 2,
    "name": "campaigns"
  }
},
{
  "model": "changes.solutionquantity",
  "pk": 6,
  "fields": {
    "solution": 6,
    "unit": 1,
    "name": "another amount"
  }
},
{
  "model": "changes.solutionquantity",
  "pk": 7,
  "fields": {
    "solution": 3,
    "unit": 3,
    "name": "depth of containers"
  }
},
{
  "model": "changes.solutionquantity",
  "pk": 8,
  "fields": {
    "solution": 3,
    "unit": 5,
    "name": "price"
  }
},
{
  "model": "changes.solutionquantity",
  "pk": 9,
  "fields": {
    "solution": 1,
    "unit": 4,
    "name": "Anzahl"
  }
},
{
  "model": "changes.solutionquantity",
  "pk": 10,
  "fields": {
    "solution": 1,
    "unit": 3,
    "name": "H\u00f6he"
  }
},
{
  "model": "changes.solutionratiooneunit",
  "pk": 1,
  "fields": {
    "solution": 3,
    "name": "Collection volume",
    "value": 50.0,
    "unit": 1
  }
},
{
  "model": "changes.solutionratiooneunit",
  "pk": 2,
  "fields": {
    "solution": 3,
    "name": "Collection Costs",
    "value": 350.0,
    "unit": 5
  }
},
{
  "model": "changes.implementation",
  "pk": 1,
  "fields": {
    "user": 2,
    "name": "Organic waste initiative Hamburg-Altona",
    "coordinating_stakeholder": 4
  }
},
{
  "model": "changes.solutioninimplementation",
  "pk": 1,
  "fields": {
    "solution": 3,
    "implementation": 1,
    "participants": [
      2,
      4
    ]
  }
},
{
  "model": "changes.solutioninimplementation",
  "pk": 2,
  "fields": {
    "solution": 5,
    "implementation": 1,
    "participants": [
      4
    ]
  }
},
{
  "model": "changes.solutioninimplementation",
  "pk": 3,
  "fields": {
    "solution": 6,
    "implementation": 1,
    "participants": [
      2,
      6
    ]
  }
},
{
  "model": "changes.solutioninimplementation",
  "pk": 6,
  "fields": {
    "solution": 7,
    "implementation": 1,
    "participants": []
  }
},
{
  "model": "changes.solutioninimplementation",
  "pk": 8,
  "fields": {
    "solution": 2,
    "implementation": 1,
    "participants": []
  }
},
{
  "model": "changes.solutioninimplementationnote",
  "pk": 1,
  "fields": {
    "sii": 1,
    "note": "Bezirk Altona pays 30%"
  }
},
{
  "model": "changes.solutioninimplementationnote",
  "pk": 2,
  "fields": {
    "sii": 2,
    "note": "As already done in Amsterdam"
  }
},
{
  "model": "changes.solutioninimplementationnote",
  "pk": 3,
  "fields": {
    "sii": 3,
    "note": "Every other month"
  }
},
{
  "model": "changes.solutioninimplementationnote",
  "pk": 5,
  "fields": {
    "sii": 2,
    "note": "Another Note"
  }
},
{
  "model": "changes.solutioninimplementationquantity",
  "pk": 1,
  "fields": {
    "sii": 1,
    "quantity": 1,
    "value": 123.0
  }
},
{
  "model": "changes.solutioninimplementationquantity",
  "pk": 2,
  "fields": {
    "sii": 1,
    "quantity": 7,
    "value": 2.0
  }
},
{
  "model": "changes.solutioninimplementationquantity",
  "pk": 3,
  "fields": {
    "sii": 2,
    "quantity": 5,
    "value": 0.0
  }
},
{
  "model": "changes.solutioninimplementationquantity",
  "pk": 4,
  "fields": {
    "sii": 3,
    "quantity": 6,
    "value": 0.0
  }
},
{
  "model": "changes.solutioninimplementationquantity",
  "pk": 5,
  "fields": {
    "sii": 1,
    "quantity": 1,
    "value": 35.0
  }
},
{
  "model": "changes.solutioninimplementationquantity",
  "pk": 6,
  "fields": {
    "sii": 2,
    "quantity": 6,
    "value": 1.0
  }
},
{
  "model": "changes.solutioninimplementationquantity",
  "pk": 7,
  "fields": {
    "sii": 3,
    "quantity": 5,
    "value": 3.0
  }
},
{
  "model": "changes.solutioninimplementationquantity",
  "pk": 14,
  "fields": {
    "sii": 1,
    "quantity": 7,
    "value": 2.5
  }
},
{
  "model": "changes.solutioninimplementationquantity",
  "pk": 15,
  "fields": {
    "sii": 1,
    "quantity": 8,
    "value": 333.0
  }
},
{
  "model": "changes.solutioninimplementationgeometry",
  "pk": 1,
  "fields": {
    "sii": 1,
    "name": "Phoenixhof",
    "geom": "TheGeometry"
  }
},
{
  "model": "changes.solutioninimplementationgeometry",
  "pk": 2,
  "fields": {
    "sii": 1,
    "name": "Elbe",
    "geom": "TheGeometry"
  }
},
{
  "model": "changes.solutioninimplementationgeometry",
  "pk": 3,
  "fields": {
    "sii": 1,
    "name": "",
    "geom": "TheGeometry"
  }
},
{
  "model": "changes.solutioninimplementationgeometry",
  "pk": 4,
  "fields": {
    "sii": 2,
    "name": "Hier",
    "geom": "TheGeometry"
  }
},
{
  "model": "changes.solutioninimplementationgeometry",
  "pk": 5,
  "fields": {
    "sii": 3,
    "name": "",
    "geom": "TheGeometry"
  }
},
{
  "model": "changes.strategy",
  "pk": 1,
  "fields": {
    "user": 1,
    "name": "Vision Waste 2035",
    "coordinator": 1,
    "implementations": [
      1
    ]
  }
}
]
