[
{
  "model": "studyarea.casestudy",
  "pk": 1,
  "fields": {
    "name": "Napoli"
  }
},
{
  "model": "studyarea.casestudy",
  "pk": 2,
  "fields": {
    "name": "Amsterdam"
  }
},
{
  "model": "studyarea.casestudy",
  "pk": 3,
  "fields": {
    "name": "Ghent"
  }
},
{
  "model": "studyarea.casestudy",
  "pk": 4,
  "fields": {
    "name": "Lodsz"
  }
},
{
  "model": "studyarea.casestudy",
  "pk": 5,
  "fields": {
    "name": "Hamburg"
  }
},
{
  "model": "studyarea.casestudy",
  "pk": 6,
  "fields": {
    "name": "Pecs"
  }
},
{
  "model": "studyarea.user",
  "pk": 1,
  "fields": {
    "name": "Max"
  }
},
{
  "model": "studyarea.user",
  "pk": 2,
  "fields": {
    "name": "JM"
  }
},
{
  "model": "studyarea.user",
  "pk": 3,
  "fields": {
    "name": "Andreas"
  }
},
{
  "model": "studyarea.userincasestudy",
  "pk": 1,
  "fields": {
    "user": 1,
    "casestudy": 5
  }
},
{
  "model": "studyarea.userincasestudy",
  "pk": 2,
  "fields": {
    "user": 2,
    "casestudy": 5
  }
},
{
  "model": "studyarea.userincasestudy",
  "pk": 3,
  "fields": {
    "user": 3,
    "casestudy": 5
  }
},
{
  "model": "studyarea.userincasestudy",
  "pk": 5,
  "fields": {
    "user": 2,
    "casestudy": 2
  }
},
{
  "model": "studyarea.userincasestudy",
  "pk": 6,
  "fields": {
    "user": 1,
    "casestudy": 2
  }
},
{
  "model": "studyarea.userincasestudy",
  "pk": 7,
  "fields": {
    "user": 2,
    "casestudy": 3
  }
},
{
  "model": "studyarea.unit",
  "pk": 1,
  "fields": {
    "name": "cbm"
  }
},
{
  "model": "studyarea.unit",
  "pk": 2,
  "fields": {
    "name": "tons"
  }
},
{
  "model": "studyarea.unit",
  "pk": 3,
  "fields": {
    "name": "meters"
  }
},
{
  "model": "studyarea.unit",
  "pk": 4,
  "fields": {
    "name": "number"
  }
},
{
  "model": "studyarea.unit",
  "pk": 5,
  "fields": {
    "name": "\u20ac"
  }
},
{
  "model": "studyarea.stakeholdercategory",
  "pk": 1,
  "fields": {
    "casestudy": 5,
    "name": "Government"
  }
},
{
  "model": "studyarea.stakeholdercategory",
  "pk": 2,
  "fields": {
    "casestudy": 5,
    "name": "Waste companies"
  }
},
{
  "model": "studyarea.stakeholdercategory",
  "pk": 3,
  "fields": {
    "casestudy": 5,
    "name": "NGOs"
  }
},
{
  "model": "studyarea.stakeholdercategory",
  "pk": 4,
  "fields": {
    "casestudy": 2,
    "name": "Private"
  }
},
{
  "model": "studyarea.stakeholder",
  "pk": 1,
  "fields": {
    "stakeholder_category": 1,
    "name": "Altona"
  }
},
{
  "model": "studyarea.stakeholder",
  "pk": 2,
  "fields": {
    "stakeholder_category": 1,
    "name": "Stadt Hamburg"
  }
},
{
  "model": "studyarea.stakeholder",
  "pk": 3,
  "fields": {
    "stakeholder_category": 1,
    "name": "Kreis Pinneberg"
  }
},
{
  "model": "studyarea.stakeholder",
  "pk": 4,
  "fields": {
    "stakeholder_category": 2,
    "name": "Stadtreinigung Hamburg"
  }
},
{
  "model": "studyarea.stakeholder",
  "pk": 5,
  "fields": {
    "stakeholder_category": 2,
    "name": "GAP"
  }
},
{
  "model": "studyarea.stakeholder",
  "pk": 6,
  "fields": {
    "stakeholder_category": 3,
    "name": "NABU"
  }
},
{
  "model": "studyarea.stakeholder",
  "pk": 16,
  "fields": {
    "stakeholder_category": 4,
    "name": "Amsterdam Waste Initiative"
  }
},
{
  "model": "studyarea.stakeholder",
  "pk": 17,
  "fields": {
    "stakeholder_category": 4,
    "name": "Altona"
  }
},
{
  "model": "studyarea.solutioncategory",
  "pk": 1,
  "fields": {
    "user": 2,
    "name": "Collection containers"
  }
},
{
  "model": "studyarea.solutioncategory",
  "pk": 2,
  "fields": {
    "user": 2,
    "name": "Regulation"
  }
},
{
  "model": "studyarea.solutioncategory",
  "pk": 3,
  "fields": {
    "user": 2,
    "name": "Tour planning"
  }
},
{
  "model": "studyarea.solutioncategory",
  "pk": 4,
  "fields": {
    "user": 2,
    "name": "Public awareness"
  }
},
{
  "model": "studyarea.solutioncategory",
  "pk": 7,
  "fields": {
    "user": 3,
    "name": "Financial"
  }
},
{
  "model": "studyarea.solutioncategory",
  "pk": 8,
  "fields": {
    "user": 5,
    "name": "Police"
  }
},
{
  "model": "studyarea.solution",
  "pk": 1,
  "fields": {
    "user": 2,
    "solution_category": 1,
    "name": "Multiple boxes",
    "description": "aaa",
    "one_unit_equals": "One box"
  }
},
{
  "model": "studyarea.solution",
  "pk": 2,
  "fields": {
    "user": 1,
    "solution_category": 1,
    "name": "Flexible bins",
    "description": "bbb",
    "one_unit_equals": "One bin"
  }
},
{
  "model": "studyarea.solution",
  "pk": 3,
  "fields": {
    "user": 2,
    "solution_category": 1,
    "name": "Underfloor collectors",
    "description": "ccc",
    "one_unit_equals": "One collector"
  }
},
{
  "model": "studyarea.solution",
  "pk": 4,
  "fields": {
    "user": 2,
    "solution_category": 2,
    "name": "Stricter recycling law",
    "description": "ddd",
    "one_unit_equals": "One law"
  }
},
{
  "model": "studyarea.solution",
  "pk": 5,
  "fields": {
    "user": 1,
    "solution_category": 3,
    "name": "Tour optimisation",
    "description": "eee",
    "one_unit_equals": "One optimisation"
  }
},
{
  "model": "studyarea.solution",
  "pk": 6,
  "fields": {
    "user": 1,
    "solution_category": 4,
    "name": "Public ads",
    "description": "fff",
    "one_unit_equals": "One campaign"
  }
},
{
  "model": "studyarea.solution",
  "pk": 7,
  "fields": {
    "user": 2,
    "solution_category": 4,
    "name": "Recycling training",
    "description": "ggg",
    "one_unit_equals": "One training program"
  }
},
{
  "model": "studyarea.solution",
  "pk": 17,
  "fields": {
    "user": 5,
    "solution_category": 8,
    "name": "Razzia",
    "description": "Bum",
    "one_unit_equals": "One Police(wo)man"
  }
},
{
  "model": "studyarea.solutionquantity",
  "pk": 1,
  "fields": {
    "solution": 3,
    "unit": 4,
    "name": "number of collectors"
  }
},
{
  "model": "studyarea.solutionquantity",
  "pk": 3,
  "fields": {
    "solution": 4,
    "unit": 3,
    "name": "laws"
  }
},
{
  "model": "studyarea.solutionquantity",
  "pk": 5,
  "fields": {
    "solution": 5,
    "unit": 2,
    "name": "campaigns"
  }
},
{
  "model": "studyarea.solutionquantity",
  "pk": 6,
  "fields": {
    "solution": 6,
    "unit": 1,
    "name": "another amount"
  }
},
{
  "model": "studyarea.solutionquantity",
  "pk": 7,
  "fields": {
    "solution": 3,
    "unit": 3,
    "name": "depth of containers"
  }
},
{
  "model": "studyarea.solutionratiooneunit",
  "pk": 1,
  "fields": {
    "solution": 3,
    "name": "Collection volume",
    "value": 50.0,
    "unit": 1
  }
},
{
  "model": "studyarea.solutionratiooneunit",
  "pk": 2,
  "fields": {
    "solution": 3,
    "name": "Collection Costs",
    "value": 350.0,
    "unit": 5
  }
},
{
  "model": "studyarea.implementation",
  "pk": 1,
  "fields": {
    "user": 2,
    "name": "Organic waste initiative Hamburg-Altona",
    "coordinating_stakeholder": 4
  }
},
{
  "model": "studyarea.implementation",
  "pk": 2,
  "fields": {
    "user": 3,
    "name": "Regulative reform bundle 2025",
    "coordinating_stakeholder": 1
  }
},
{
  "model": "studyarea.solutioninimplementation",
  "pk": 1,
  "fields": {
    "solution": 3,
    "implementation": 1,
    "participants": [
      4,
      2
    ]
  }
},
{
  "model": "studyarea.solutioninimplementation",
  "pk": 2,
  "fields": {
    "solution": 5,
    "implementation": 1,
    "participants": [
      4
    ]
  }
},
{
  "model": "studyarea.solutioninimplementation",
  "pk": 3,
  "fields": {
    "solution": 6,
    "implementation": 1,
    "participants": [
      6,
      2
    ]
  }
},
{
  "model": "studyarea.solutioninimplementation",
  "pk": 4,
  "fields": {
    "solution": 4,
    "implementation": 2,
    "participants": [
      2,
      1
    ]
  }
},
{
  "model": "studyarea.solutioninimplementation",
  "pk": 5,
  "fields": {
    "solution": 3,
    "implementation": 2,
    "participants": [
      1
    ]
  }
},
{
  "model": "studyarea.solutioninimplementationnote",
  "pk": 1,
  "fields": {
    "sii": 1,
    "note": "Bezirk Altona pays 30%"
  }
},
{
  "model": "studyarea.solutioninimplementationnote",
  "pk": 2,
  "fields": {
    "sii": 2,
    "note": "As already done in Amsterdam"
  }
},
{
  "model": "studyarea.solutioninimplementationnote",
  "pk": 3,
  "fields": {
    "sii": 3,
    "note": "Every other month"
  }
},
{
  "model": "studyarea.solutioninimplementationnote",
  "pk": 4,
  "fields": {
    "sii": 4,
    "note": "As discussed in workshop #2"
  }
},
{
  "model": "studyarea.solutioninimplementationnote",
  "pk": 5,
  "fields": {
    "sii": 2,
    "note": "Another Note"
  }
},
{
  "model": "studyarea.solutioninimplementationquantity",
  "pk": 5,
  "fields": {
    "sii": 1,
    "quantity": 1,
    "value": 35.0
  }
},
{
  "model": "studyarea.solutioninimplementationquantity",
  "pk": 6,
  "fields": {
    "sii": 2,
    "quantity": 6,
    "value": 1.0
  }
},
{
  "model": "studyarea.solutioninimplementationquantity",
  "pk": 7,
  "fields": {
    "sii": 3,
    "quantity": 5,
    "value": 3.0
  }
},
{
  "model": "studyarea.solutioninimplementationquantity",
  "pk": 8,
  "fields": {
    "sii": 4,
    "quantity": 3,
    "value": 1.0
  }
},
{
  "model": "studyarea.solutioninimplementationquantity",
  "pk": 13,
  "fields": {
    "sii": 5,
    "quantity": 3,
    "value": 2.0
  }
},
{
  "model": "studyarea.solutioninimplementationquantity",
  "pk": 14,
  "fields": {
    "sii": 1,
    "quantity": 7,
    "value": 2.5
  }
},
{
  "model": "studyarea.solutioninimplementationgeometry",
  "pk": 1,
  "fields": {
    "sii": 1,
    "name": "Phoenixhof",
    "geom": "TheGeometry"
  }
},
{
  "model": "studyarea.solutioninimplementationgeometry",
  "pk": 2,
  "fields": {
    "sii": 1,
    "name": "Elbe",
    "geom": "TheGeometry"
  }
},
{
  "model": "studyarea.solutioninimplementationgeometry",
  "pk": 3,
  "fields": {
    "sii": 1,
    "name": "",
    "geom": "TheGeometry"
  }
},
{
  "model": "studyarea.solutioninimplementationgeometry",
  "pk": 4,
  "fields": {
    "sii": 2,
    "name": "Hier",
    "geom": "TheGeometry"
  }
},
{
  "model": "studyarea.solutioninimplementationgeometry",
  "pk": 5,
  "fields": {
    "sii": 3,
    "name": "",
    "geom": "TheGeometry"
  }
},
{
  "model": "studyarea.solutioninimplementationgeometry",
  "pk": 6,
  "fields": {
    "sii": 4,
    "name": "Dort",
    "geom": "TheGeometry"
  }
},
{
  "model": "studyarea.strategy",
  "pk": 1,
  "fields": {
    "user": 1,
    "name": "Vision Waste 2035",
    "coordinator": 1,
    "implementations": [
      1,
      2
    ]
  }
}
]
