[
    {
        "fields": {
            "date_joined": "2018-01-12T10:50:47.774Z",
            "email": "",
            "first_name": "",
            "groups": [],
            "is_active": true,
            "is_staff": false,
            "is_superuser": false,
            "last_login": null,
            "last_name": "",
            "password": "pbkdf2_sha256$36000$KtZXCUB8A8LE$vNWcekVaZ3dHNupV1GOnj0WM1nakgUzBmHN4PqL0ZR0=",
            "user_permissions": [],
            "username": "stefaan"
        },
        "model": "auth.user",
        "pk": 8
    },
    {
        "fields": {
            "date_joined": "2018-01-12T10:14:53Z",
            "email": "geocolconsultant@gmail.com",
            "first_name": "Gustavo",
            "groups": [],
            "is_active": true,
            "is_staff": false,
            "is_superuser": false,
            "last_login": "2018-01-12T10:18:42.771Z",
            "last_name": "Arciniegas",
            "password": "pbkdf2_sha256$36000$wjqrQhShjpVw$LSQNONjBBfBSBC20C1c7NmU9q58Q/2R+SW5Po+1AGd4=",
            "user_permissions": [],
            "username": "gustavo"
        },
        "model": "auth.user",
        "pk": 7
    },
    {
        "fields": {
            "date_joined": "2017-11-01T18:11:08.551Z",
            "email": "my.name@is.rabbit",
            "first_name": "",
            "groups": [],
            "is_active": true,
            "is_staff": false,
            "is_superuser": false,
            "last_login": null,
            "last_name": "",
            "password": "i",
            "user_permissions": [],
            "username": "AnonymusUser"
        },
        "model": "auth.user",
        "pk": -1
    },
    {
        "fields": {
            "date_joined": "2017-12-19T17:31:05.995Z",
            "email": "",
            "first_name": "",
            "groups": [],
            "is_active": true,
            "is_staff": true,
            "is_superuser": true,
            "last_login": "2018-01-17T15:34:58.038Z",
            "last_name": "",
            "password": "pbkdf2_sha256$36000$mHEaxEq79DN3$GgvNZiFPeuQlCjEGmeeapH5TIYRxUZ9RmypICFk8UOs=",
            "user_permissions": [],
            "username": "admin"
        },
        "model": "auth.user",
        "pk": 5
    },
    {
        "fields": {
            "date_joined": "2017-11-06T10:55:44Z",
            "email": "cfr@ggr-planung.de",
            "first_name": "",
            "groups": [
                1
            ],
            "is_active": true,
            "is_staff": true,
            "is_superuser": true,
            "last_login": "2017-12-20T13:21:43.820Z",
            "last_name": "",
            "password": "pbkdf2_sha256$36000$DVQzpbZngKsn$dZUNYPmtE6s+75lX3MjmtQoIT9fNY7jBOMjRNiFqC1g=",
            "user_permissions": [],
            "username": "Cfr"
        },
        "model": "auth.user",
        "pk": 4
    },
    {
        "fields": {
            "code": "Org",
            "name": "Organic"
        },
        "model": "asmfa.keyflow",
        "pk": 1
    },
    {
        "fields": {
            "organization": "",
            "user": 8
        },
        "model": "login.profile",
        "pk": 8
    },
    {
        "fields": {
            "organization": "",
            "user": 7
        },
        "model": "login.profile",
        "pk": 7
    },
    {
        "fields": {
            "organization": "",
            "user": -1
        },
        "model": "login.profile",
        "pk": -1
    },
    {
        "fields": {
            "organization": "",
            "user": 5
        },
        "model": "login.profile",
        "pk": 5
    },
    {
        "fields": {
            "organization": "GGR",
            "user": 4
        },
        "model": "login.profile",
        "pk": 4
    },
    {
        "fields": {
            "focusarea": null,
            "geom": null,
            "name": "SandboxCity"
        },
        "model": "login.casestudy",
        "pk": 7
    },
    {
        "fields": {
            "casestudy": 7,
            "keyflow": 1,
            "note": ""
        },
        "model": "asmfa.keyflowincasestudy",
        "pk": 30
    },
    {
        "fields": {
            "casestudy": 7,
            "role": "",
            "user": 8
        },
        "model": "login.userincasestudy",
        "pk": 72
    },
    {
        "fields": {
            "casestudy": 7,
            "role": "",
            "user": 7
        },
        "model": "login.userincasestudy",
        "pk": 65
    },
    {
        "fields": {
            "casestudy": 7,
            "role": "",
            "user": -1
        },
        "model": "login.userincasestudy",
        "pk": 37
    },
    {
        "fields": {
            "casestudy": 7,
            "role": "",
            "user": 5
        },
        "model": "login.userincasestudy",
        "pk": 42
    },
    {
        "fields": {
            "casestudy": 7,
            "role": "",
            "user": 4
        },
        "model": "login.userincasestudy",
        "pk": 21
    },
    {
        "fields": {
            "app_label": "studyarea",
            "model": "nuts1"
        },
        "model": "contenttypes.contenttype",
        "pk": 42
    },
    {
        "fields": {
            "casestudy": 7,
            "level": 10,
            "name": "Wijk"
        },
        "model": "studyarea.adminlevels",
        "pk": 4
    },
    {
        "fields": {
            "casestudy": 7,
            "level": 8,
            "name": "Gemeende"
        },
        "model": "studyarea.adminlevels",
        "pk": 3
    },
    {
        "fields": {
            "casestudy": 7,
            "level": 6,
            "name": "Metropoolregion"
        },
        "model": "studyarea.adminlevels",
        "pk": 2
    },
    {
        "fields": {
            "casestudy": 7,
            "level": 4,
            "name": "Province"
        },
        "model": "studyarea.adminlevels",
        "pk": 1
    },
    {
        "fields": {
            "casestudy": 7,
            "code": "12",
            "content_type": 42,
            "geom": "SRID=4326;MULTIPOLYGON (((5.929908 51.745726, 5.934994 51.742059, 5.938647 51.742355, 5.944276 51.742635, 5.951708 51.745218, 5.952248 51.748032, 5.953716 51.748746, 5.953302 51.743176, 5.955857 51.739352, 5.971675 51.74023, 5.975921 51.740264, 5.982155 51.7394, 5.985969 51.74013, 5.995027 51.73933, 6.008608 51.733313, 6.018524 51.729699, 6.02865 51.727022, 6.03242 51.724812, 6.033372 51.721829, 6.035164 51.721742, 6.036467 51.71884, 6.038015 51.719049, 6.038146 51.720719, 6.045747 51.717338, 6.043329 51.713467, 6.033861 51.713436, 6.027689 51.710644, 6.028599 51.700937, 6.032091 51.692996, 6.029074 51.690291, 6.033315 51.684925, 6.031445 51.683789, 6.031218 51.678802, 6.032896 51.677033, 6.032776 51.67693, 6.03791 51.673755, 6.072586 51.664965, 6.076621 51.665816, 6.079908 51.66449, 6.079547 51.662915, 6.08225 51.662887, 6.084762 51.663891, 6.087119 51.663386, 6.088319 51.661132, 6.095846 51.660802, 6.100196 51.659372, 6.102409 51.661397, 6.118217 51.657159, 6.115948 51.654529, 6.11743 51.651391, 6.110272 51.647577, 6.11174 51.645731, 6.107712 51.642091, 6.100563 51.624826, 6.097067 51.621637, 6.094564 51.622862, 6.095308 51.616183, 6.092608 51.606568, 6.117042 51.594699, 6.120493 51.594703, 6.129916 51.583687, 6.146831 51.572193, 6.158461 51.567699, 6.161826 51.56159, 6.177707 51.539354, 6.195607 51.531359, 6.202474 51.526343, 6.212505 51.514317, 6.214379 51.508687, 6.214891 51.50151, 6.213229 51.492365, 6.220164 51.485143, 6.224367 51.475791, 6.223348 51.470734, 6.224613 51.469239, 6.223122 51.466868, 6.222849 51.464312, 6.221254 51.45651, 6.22199 51.447594, 6.215486 51.4474, 6.215551 51.44346, 6.216048 51.435082, 6.207613 51.406211, 6.206048 51.400459, 6.212011 51.401878, 6.228572 51.40123, 6.215786 51.390468, 6.217733 51.389822, 6.21582 51.388542, 6.221681 51.375396, 6.227499 51.362065, 6.225359 51.360295, 6.190626 51.340364, 6.193956 51.335859, 6.187999 51.335921, 6.179152 51.334392, 6.169503 51.334077, 6.16917 51.332371, 6.170171 51.330938, 6.168632 51.329346, 6.162793 51.324859, 6.162934 51.322935, 6.160026 51.321183, 6.159501 51.31596, 6.154926 51.312456, 6.154443 51.308355, 6.141378 51.295666, 6.129367 51.286459, 6.125685 51.278533, 6.125333 51.275279, 6.097247 51.256242, 6.086297 51.248405, 6.073964 51.243339, 6.074035 51.243102, 6.086834 51.223392, 6.083979 51.222476, 6.081781 51.222953, 6.072314 51.222802, 6.068843 51.22141, 6.070118 51.213873, 6.072888 51.183491, 6.082897 51.172346, 6.099772 51.170887, 6.102334 51.172503, 6.110701 51.174184, 6.116427 51.179233, 6.122162 51.181979, 6.165894 51.195189, 6.180596 51.18677, 6.140016 51.173836, 6.146059 51.171264, 6.176135 51.159041, 6.163457 51.153405, 6.163222 51.149706, 6.152386 51.148979, 6.126169 51.145443, 6.12192 51.143486, 6.121851 51.141689, 6.102272 51.137263, 6.097424 51.135391, 6.093416 51.135459, 6.088848 51.130434, 6.089902 51.128993, 6.087172 51.127836, 6.08791 51.125538, 6.084248 51.124905, 6.081474 51.126772, 6.080686 51.125301, 6.081234 51.122708, 6.076578 51.121703, 6.076783 51.119823, 6.0729 51.119167, 6.068527 51.119185, 6.062941 51.118, 6.059519 51.11596, 6.055728 51.111842, 6.057091 51.111168, 6.045712 51.102026, 6.042766 51.101742, 6.036888 51.097091, 6.029364 51.094749, 6.025811 51.094539, 6.021522 51.093329, 6.019514 51.093674, 6.018213 51.094607, 6.015559 51.092138, 6.013133 51.091203, 6.010861 51.091264, 6.004939 51.087664, 5.997568 51.084182, 5.994827 51.081794, 5.99026 51.075905, 5.987878 51.074625, 5.982305 51.073588, 5.980443 51.072046, 5.981881 51.070154, 5.975745 51.064375, 5.971 51.061732, 5.971541 51.058413, 5.969089 51.056704, 5.970863 51.055414, 5.968859 51.052368, 5.969465 51.048074, 5.967408 51.044617, 5.959075 51.041956, 5.960407 51.038886, 5.957818 51.035702, 5.955443 51.03572, 5.954882 51.036944, 5.94974 51.037559, 5.938608 51.036294, 5.933303 51.044343, 5.927248 51.048533, 5.925984 51.049907, 5.918857 51.064947, 5.913508 51.0675, 5.904849 51.061919, 5.897439 51.058356, 5.892608 51.054005, 5.886511 51.052652, 5.866872 51.0523, 5.866926 51.051986, 5.867688 51.047603, 5.875341 51.039943, 5.87624 51.039556, 5.878333 51.038657, 5.877364 51.032077, 5.875114 51.029904, 5.877911 51.024989, 5.87958 51.021975, 5.879522 51.019354, 5.88225 51.016584, 5.884131 51.014824, 5.892809 51.01309, 5.896107 51.012029, 5.896397 51.005239, 5.905888 51.003034, 5.904911 50.996811, 5.90413 50.988406, 5.893468 50.981168, 5.898586 50.975739, 5.904827 50.975581, 5.916426 50.979012, 5.919422 50.978722, 5.928187 50.982887, 5.934213 50.986364, 5.9563 50.989198, 5.958234 50.98602, 5.966958 50.980358, 5.971283 50.980772, 5.979743 50.983871, 5.981752 50.984314, 5.985309 50.98304, 6.019775 50.984609, 6.027428 50.983898, 6.014774 50.962047, 6.011831 50.960779, 6.008125 50.959443, 6.005628 50.957516, 6.017667 50.953193, 6.015336 50.947893, 6.017908 50.939685, 6.018014 50.93817, 6.019228 50.935182, 6.041893 50.930786, 6.045581 50.928852, 6.050741 50.930624, 6.056358 50.927458, 6.054854 50.923068, 6.061671 50.921848, 6.063265 50.922783, 6.068561 50.921657, 6.072445 50.923839, 6.079158 50.922962, 6.088312 50.919441, 6.093907 50.92203, 6.094517 50.920159, 6.09277 50.918071, 6.089172 50.916527, 6.085212 50.910846, 6.083223 50.910865, 6.080994 50.906551, 6.080663 50.90454, 6.078631 50.900835, 6.07601 50.894736, 6.07694 50.893811, 6.077978 50.888812, 6.087816 50.879342, 6.086503 50.876544, 6.088031 50.873027, 6.084287 50.865933, 6.082376 50.865543, 6.082893 50.865391, 6.082552 50.8633, 6.078525 50.862004, 6.078163 50.86034, 6.074045 50.847922, 6.056939 50.852278, 6.057137 50.857342, 6.05662 50.857837, 6.054241 50.857756, 6.052075 50.856058, 6.050818 50.856167, 6.050802 50.855017, 6.045543 50.85299, 6.044677 50.853396, 6.043078 50.852058, 6.04022 50.851671, 6.038318 50.851832, 6.036253 50.851095, 6.03475 50.851403, 6.032288 50.850715, 6.028857 50.848378, 6.026945 50.847884, 6.025931 50.848441, 6.023455 50.847509, 6.019664 50.846708, 6.016122 50.839226, 6.019831 50.838138, 6.017305 50.834471, 6.018317 50.832705, 6.01915 50.830366, 6.025617 50.828356, 6.023241 50.827451, 6.02657 50.82067, 6.024325 50.818824, 6.022974 50.817611, 6.02492 50.814778, 6.01557 50.809858, 6.010882 50.804659, 6.00382 50.802437, 5.985658 50.811129, 5.983944 50.810155, 5.980737 50.808106, 5.979285 50.805383, 5.976383 50.803506, 5.975382 50.798935, 5.980136 50.79655, 5.984037 50.795895, 5.986781 50.794845, 5.988645 50.794839, 5.995285 50.791258, 5.996216 50.788372, 5.998734 50.788012, 6.003062 50.785015, 6.005861 50.783988, 6.007594 50.782611, 6.021428 50.777198, 6.026688 50.776222, 6.026847 50.7744, 6.019394 50.764898, 6.021738 50.755195, 6.014459 50.755849, 6.003341 50.754194, 6.002138 50.754831, 5.99448 50.753749, 5.982831 50.753691, 5.979214 50.755418, 5.974396 50.755699, 5.974915 50.758687, 5.972697 50.760598, 5.968496 50.761361, 5.964418 50.761606, 5.961248 50.762845, 5.958869 50.763019, 5.95381 50.761357, 5.951446 50.761485, 5.945147 50.75958, 5.939145 50.758744, 5.936122 50.757746, 5.930964 50.757441, 5.922439 50.752431, 5.91503 50.75138, 5.91532 50.755461, 5.913931 50.755371, 5.913414 50.756909, 5.90914 50.755267, 5.908225 50.756076, 5.904562 50.755778, 5.902158 50.752677, 5.890018 50.757182, 5.889381 50.758286, 5.890394 50.763207, 5.889448 50.765584, 5.886684 50.770723, 5.876888 50.76659, 5.868814 50.765645, 5.861765 50.763237, 5.852764 50.758364, 5.850142 50.755126, 5.848314 50.755428, 5.845061 50.766125, 5.841201 50.764997, 5.838915 50.764188, 5.836379 50.762983, 5.833999 50.761591, 5.830958 50.759491, 5.826768 50.759706, 5.824172 50.759712, 5.822201 50.759526, 5.820746 50.759195, 5.818776 50.758621, 5.815087 50.756918, 5.809102 50.75644, 5.80812 50.756673, 5.794037 50.770902, 5.788489 50.768602, 5.785072 50.768036, 5.779903 50.775445, 5.776869 50.782665, 5.776957 50.783271, 5.77472 50.783907, 5.767719 50.783415, 5.76552 50.782609, 5.750984 50.77307, 5.74699 50.770448, 5.742068 50.766323, 5.741335 50.761902, 5.739246 50.757995, 5.730059 50.758536, 5.730047 50.759599, 5.723352 50.762087, 5.723536 50.763036, 5.722231 50.763412, 5.721977 50.764912, 5.720443 50.765587, 5.715691 50.760865, 5.713306 50.762051, 5.707069 50.759352, 5.702614 50.759729, 5.700972 50.757191, 5.697303 50.755731, 5.687861 50.756933, 5.687821 50.758398, 5.682103 50.758692, 5.682258 50.760887, 5.684835 50.764243, 5.695205 50.772287, 5.699808 50.77922, 5.701237 50.783522, 5.700699 50.786042, 5.697661 50.789532, 5.694965 50.793852, 5.691834 50.797308, 5.692399 50.799191, 5.694744 50.800935, 5.699026 50.804723, 5.699186 50.806999, 5.697416 50.809254, 5.69373 50.812851, 5.689319 50.813123, 5.686298 50.814222, 5.684564 50.814132, 5.682205 50.813348, 5.680292 50.813236, 5.6785 50.817802, 5.673871 50.817218, 5.673419 50.817965, 5.669494 50.818989, 5.66798 50.818966, 5.667648 50.817766, 5.654659 50.821565, 5.656683 50.82432, 5.652506 50.828822, 5.649075 50.827714, 5.651161 50.83335, 5.650099 50.835096, 5.648737 50.834671, 5.64782 50.83652, 5.644192 50.838878, 5.645237 50.840529, 5.642259 50.842107, 5.643101 50.842707, 5.642028 50.844007, 5.639194 50.849026, 5.641142 50.849035, 5.640745 50.850731, 5.643317 50.851239, 5.641337 50.854868, 5.643366 50.857805, 5.642316 50.858521, 5.643754 50.859953, 5.642477 50.861376, 5.643673 50.862194, 5.642592 50.862894, 5.644224 50.864214, 5.642605 50.866124, 5.649419 50.86985, 5.644333 50.872832, 5.651996 50.876281, 5.653639 50.875535, 5.656451 50.877559, 5.670093 50.882588, 5.673219 50.881963, 5.680181 50.881828, 5.680055 50.885447, 5.681861 50.888501, 5.68553 50.89147, 5.691351 50.89418, 5.694805 50.897651, 5.697004 50.902633, 5.696829 50.907131, 5.697641 50.910085, 5.700817 50.91197, 5.706886 50.912978, 5.711294 50.911754, 5.715681 50.909719, 5.718862 50.909149, 5.72247 50.910198, 5.727023 50.915022, 5.725531 50.921002, 5.726996 50.923347, 5.732502 50.930072, 5.741174 50.936705, 5.745238 50.942346, 5.745813 50.944179, 5.746645 50.946824, 5.748359 50.948398, 5.750483 50.949233, 5.757123 50.950936, 5.759376 50.952916, 5.75742 50.956905, 5.752308 50.960699, 5.746738 50.961977, 5.741571 50.960567, 5.737268 50.957209, 5.732128 50.956018, 5.72696 50.956281, 5.72302 50.958226, 5.720906 50.961253, 5.722309 50.964527, 5.733119 50.972834, 5.735043 50.974738, 5.736917 50.978592, 5.739451 50.979711, 5.7458 50.981222, 5.749626 50.983116, 5.755683 50.99035, 5.759815 50.993296, 5.76422 50.996273, 5.766911 50.998856, 5.768223 51.001982, 5.767129 51.009743, 5.76786 51.014276, 5.772429 51.018396, 5.774129 51.020179, 5.77629 51.022446, 5.776552 51.024916, 5.774596 51.02766, 5.768025 51.029663, 5.762751 51.030593, 5.759549 51.032566, 5.759218 51.035182, 5.760783 51.037585, 5.76627 51.042824, 5.77183 51.051669, 5.773146 51.056434, 5.772855 51.061317, 5.774729 51.06328, 5.778291 51.063454, 5.783239 51.062437, 5.791288 51.059631, 5.795892 51.059535, 5.798593 51.060374, 5.801002 51.061664, 5.801534 51.06445, 5.798136 51.071419, 5.797741 51.073716, 5.799942 51.075639, 5.80428 51.078319, 5.804904 51.081126, 5.79979 51.086085, 5.796566 51.089364, 5.796605 51.092101, 5.800513 51.094443, 5.809097 51.097033, 5.813578 51.096503, 5.815752 51.095976, 5.821435 51.093265, 5.82612 51.093733, 5.829811 51.095886, 5.832511 51.098474, 5.833514 51.101503, 5.833502 51.101973, 5.833431 51.10467, 5.830559 51.106913, 5.826362 51.10855, 5.82052 51.108448, 5.813185 51.10897, 5.809752 51.111357, 5.80868 51.115153, 5.811037 51.119235, 5.81648 51.123069, 5.820168 51.125818, 5.823419 51.128504, 5.828478 51.130689, 5.834624 51.131246, 5.840368 51.130946, 5.842589 51.132426, 5.844196 51.138419, 5.84731 51.141358, 5.856287 51.145026, 5.836895 51.154243, 5.838614 51.157414, 5.832919 51.159732, 5.833561 51.162158, 5.828713 51.164846, 5.826747 51.167102, 5.824806 51.16812, 5.817309 51.163941, 5.815508 51.161114, 5.815287 51.159545, 5.812317 51.160183, 5.806182 51.163216, 5.804542 51.162417, 5.805652 51.161638, 5.798573 51.15813, 5.793774 51.15765, 5.787749 51.155473, 5.786186 51.154054, 5.778232 51.151862, 5.775872 51.156783, 5.777344 51.158901, 5.779734 51.160656, 5.779609 51.163788, 5.777503 51.163327, 5.776727 51.165893, 5.774776 51.165728, 5.774693 51.164536, 5.770493 51.164863, 5.769575 51.170677, 5.773504 51.170489, 5.779847 51.172193, 5.77763 51.173583, 5.772437 51.173808, 5.776969 51.179394, 5.767604 51.184695, 5.756432 51.185195, 5.757157 51.186393, 5.753521 51.187318, 5.749279 51.189634, 5.746512 51.190096, 5.745362 51.189943, 5.741327 51.187804, 5.740583 51.185464, 5.739265 51.187199, 5.735031 51.187007, 5.734384 51.186257, 5.725956 51.186136, 5.716181 51.184503, 5.710196 51.181176, 5.709473 51.182689, 5.701996 51.183054, 5.700038 51.184654, 5.6948 51.184078, 5.689941 51.186016, 5.677216 51.183664, 5.676894 51.185393, 5.671678 51.18644, 5.664818 51.186844, 5.658813 51.185892, 5.649771 51.194689, 5.654139 51.195341, 5.653069 51.198376, 5.583852 51.217356, 5.566631 51.221463, 5.595192 51.226861, 5.595099 51.225112, 5.619337 51.230559, 5.623568 51.249759, 5.62608 51.274056, 5.644118 51.29043, 5.652767 51.29846, 5.672531 51.315459, 5.715197 51.323587, 5.746141 51.329757, 5.759711 51.332325, 5.760664 51.332506, 5.768468 51.334097, 5.770931 51.334791, 5.799322 51.340334, 5.800424 51.340378, 5.80365 51.340506, 5.840373 51.347632, 5.840973 51.348307, 5.873442 51.354185, 5.89596 51.365478, 5.931465 51.385706, 5.903727 51.417578, 5.875788 51.447017, 5.871093 51.45116, 5.860969 51.492802, 5.852638 51.504913, 5.848847 51.521852, 5.845577 51.53426, 5.838041 51.567528, 5.87173 51.56399, 5.891906 51.561587, 5.900401 51.556572, 5.907068 51.552764, 5.934569 51.554446, 5.953224 51.557733, 5.976459 51.562669, 6.005048 51.57086, 6.01239 51.566975, 6.018948 51.564231, 6.031748 51.553722, 6.03433 51.556407, 6.033138 51.557683, 6.037885 51.558773, 6.041207 51.557716, 6.044757 51.558318, 6.043855 51.55949, 6.045366 51.559976, 6.047185 51.558891, 6.048939 51.55965, 6.045189 51.561682, 6.041719 51.56527, 6.039496 51.569024, 6.038126 51.57203, 6.038991 51.577441, 6.040695 51.581269, 6.039765 51.584239, 6.038542 51.587254, 6.034523 51.589895, 6.030044 51.592547, 6.027391 51.595399, 6.024738 51.600391, 6.025104 51.611176, 6.024508 51.613123, 6.024275 51.616157, 6.023256 51.619631, 6.021411 51.62162, 6.016696 51.625274, 6.005525 51.632122, 5.999424 51.635654, 5.986405 51.64169, 5.977619 51.644863, 5.971132 51.647372, 5.967006 51.650157, 5.965669 51.653435, 5.964078 51.658779, 5.964678 51.663937, 5.964762 51.670479, 5.965403 51.676669, 5.965192 51.685909, 5.964806 51.686301, 5.963331 51.687799, 5.963615 51.687933, 5.961998 51.69022, 5.960783 51.691939, 5.959825 51.694168, 5.957561 51.69943, 5.956744 51.701329, 5.956765 51.705781, 5.955331 51.709988, 5.955085 51.710258, 5.954374 51.711041, 5.952789 51.711988, 5.948885 51.713531, 5.942096 51.715439, 5.934822 51.717054, 5.929319 51.717615, 5.918857 51.718288, 5.918296 51.718348, 5.904537 51.719807, 5.897061 51.721582, 5.894735 51.72274, 5.891255 51.72425, 5.890651 51.724775, 5.888238 51.726874, 5.887481 51.727532, 5.887223 51.728154, 5.886022 51.731035, 5.88405 51.735766, 5.881083 51.745007, 5.881013 51.745245, 5.880721 51.746234, 5.879325 51.748949, 5.876392 51.753034, 5.876285 51.753163, 5.871398 51.756353, 5.865866 51.758346, 5.869845 51.764014, 5.867558 51.770666, 5.868213 51.776358, 5.879297 51.777719, 5.886749 51.779549, 5.893517 51.778818, 5.898314 51.774692, 5.902192 51.769529, 5.906173 51.76603, 5.911494 51.7632, 5.913662 51.759685, 5.913263 51.756161, 5.915499 51.753241, 5.933883 51.748449, 5.929908 51.745726)))",
            "level": 1,
            "name": "Limburg"
        },
        "model": "studyarea.area",
        "pk": 12
    },
    {
        "fields": {
            "casestudy": 7,
            "code": "11",
            "content_type": 42,
            "geom": "SRID=4326;MULTIPOLYGON (((5.536081 51.816691, 5.540857 51.816483, 5.544959 51.817938, 5.548014 51.819619, 5.55126 51.823848, 5.553476 51.825529, 5.554132 51.826027, 5.558443 51.82781, 5.577049 51.828497, 5.584183 51.830007, 5.59225 51.830057, 5.598079 51.828758, 5.600192 51.828288, 5.617127 51.820762, 5.622327 51.819483, 5.633075 51.819965, 5.639692 51.818571, 5.645325 51.814909, 5.645562 51.8145, 5.648576 51.809288, 5.654602 51.801208, 5.660898 51.796693, 5.667132 51.793837, 5.678677 51.792821, 5.686527 51.791539, 5.693061 51.789056, 5.697378 51.785495, 5.700898 51.780541, 5.701466 51.77974, 5.706422 51.776767, 5.711092 51.775272, 5.719433 51.775586, 5.724779 51.774701, 5.730478 51.773048, 5.731448 51.773779, 5.735491 51.770779, 5.74119 51.764643, 5.745985 51.759988, 5.74955 51.758206, 5.756277 51.755665, 5.763437 51.753647, 5.769579 51.752676, 5.776699 51.752422, 5.78366 51.752833, 5.792726 51.754639, 5.792774 51.755139, 5.800447 51.756394, 5.810581 51.75764, 5.821629 51.758281, 5.842939 51.759808, 5.843431 51.759854, 5.852376 51.760255, 5.852563 51.760229, 5.865096 51.758322, 5.865866 51.758346, 5.871398 51.756353, 5.876285 51.753163, 5.876392 51.753034, 5.879325 51.748949, 5.880721 51.746234, 5.881013 51.745245, 5.881083 51.745007, 5.88405 51.735766, 5.886022 51.731035, 5.887223 51.728154, 5.887481 51.727532, 5.888238 51.726874, 5.890651 51.724775, 5.891255 51.72425, 5.894735 51.72274, 5.897061 51.721582, 5.904537 51.719807, 5.918296 51.718348, 5.918857 51.718288, 5.929319 51.717615, 5.934822 51.717054, 5.942096 51.715439, 5.948885 51.713531, 5.952789 51.711988, 5.954374 51.711041, 5.955085 51.710258, 5.955331 51.709988, 5.956765 51.705781, 5.956744 51.701329, 5.957561 51.69943, 5.959825 51.694168, 5.960783 51.691939, 5.961998 51.69022, 5.963615 51.687933, 5.963331 51.687799, 5.964806 51.686301, 5.965192 51.685909, 5.965403 51.676669, 5.964762 51.670479, 5.964678 51.663937, 5.964078 51.658779, 5.965669 51.653435, 5.967006 51.650157, 5.971132 51.647372, 5.977619 51.644863, 5.986405 51.64169, 5.999424 51.635654, 6.005525 51.632122, 6.016696 51.625274, 6.021411 51.62162, 6.023256 51.619631, 6.024275 51.616157, 6.024508 51.613123, 6.025104 51.611176, 6.024738 51.600391, 6.027391 51.595399, 6.030044 51.592547, 6.034523 51.589895, 6.038542 51.587254, 6.039765 51.584239, 6.040695 51.581269, 6.038991 51.577441, 6.038126 51.57203, 6.039496 51.569024, 6.041719 51.56527, 6.045189 51.561682, 6.048939 51.55965, 6.047185 51.558891, 6.045366 51.559976, 6.043855 51.55949, 6.044757 51.558318, 6.041207 51.557716, 6.037885 51.558773, 6.033138 51.557683, 6.03433 51.556407, 6.031748 51.553722, 6.018948 51.564231, 6.01239 51.566975, 6.005048 51.57086, 5.976459 51.562669, 5.953224 51.557733, 5.934569 51.554446, 5.907068 51.552764, 5.900401 51.556572, 5.891906 51.561587, 5.87173 51.56399, 5.838041 51.567528, 5.845577 51.53426, 5.848847 51.521852, 5.852638 51.504913, 5.860969 51.492802, 5.871093 51.45116, 5.875788 51.447017, 5.903727 51.417578, 5.931465 51.385706, 5.89596 51.365478, 5.873442 51.354185, 5.840973 51.348307, 5.840373 51.347632, 5.80365 51.340506, 5.800424 51.340378, 5.799322 51.340334, 5.770931 51.334791, 5.768468 51.334097, 5.760664 51.332506, 5.759711 51.332325, 5.746141 51.329757, 5.715197 51.323587, 5.672531 51.315459, 5.652767 51.29846, 5.644118 51.29043, 5.62608 51.274056, 5.623568 51.249759, 5.619337 51.230559, 5.595099 51.225112, 5.595192 51.226861, 5.566631 51.221463, 5.561031 51.222849, 5.557083 51.238877, 5.555645 51.244714, 5.556077 51.247754, 5.557052 51.252141, 5.556778 51.257896, 5.557465 51.263658, 5.556877 51.267272, 5.543996 51.272454, 5.519353 51.290156, 5.516484 51.295847, 5.51582 51.296034, 5.485398 51.301009, 5.48336 51.301285, 5.483405 51.299622, 5.478349 51.297134, 5.477586 51.291924, 5.465035 51.285093, 5.441938 51.282474, 5.441903 51.28049, 5.438557 51.27688, 5.433863 51.276829, 5.418208 51.263251, 5.346887 51.276611, 5.346411 51.272991, 5.343978 51.270113, 5.343448 51.26655, 5.337716 51.263965, 5.316278 51.264101, 5.296071 51.262178, 5.263317 51.267382, 5.238302 51.262045, 5.236326 51.263015, 5.225786 51.269171, 5.242359 51.305747, 5.240514 51.306508, 5.2006 51.322946, 5.197163 51.321236, 5.191161 51.320544, 5.175664 51.316818, 5.172772 51.316158, 5.163132 51.311129, 5.134437 51.316474, 5.131634 51.348034, 5.119874 51.356277, 5.117046 51.362121, 5.071411 51.39428, 5.095257 51.423233, 5.102826 51.429953, 5.104556 51.432463, 5.080169 51.470484, 5.079088 51.47217, 5.075753 51.471875, 5.047822 51.471908, 5.046345 51.47191, 5.045596 51.473915, 5.038335 51.480498, 5.039822 51.480848, 5.038592 51.488186, 5.033811 51.488124, 5.032535 51.486962, 5.030571 51.486454, 5.025734 51.484424, 5.02194 51.482149, 5.017271 51.476331, 5.014541 51.474384, 5.011216 51.473125, 5.007762 51.465929, 5.008195 51.463204, 5.00902 51.463316, 5.011033 51.459121, 5.010118 51.457426, 5.011356 51.456383, 5.010532 51.453765, 5.005364 51.451099, 5.004565 51.444147, 5.000856 51.44308, 4.997543 51.44049, 4.962668 51.421966, 4.929251 51.397014, 4.927841 51.400183, 4.925055 51.399352, 4.927361 51.395987, 4.921096 51.394531, 4.915086 51.396254, 4.918916 51.397381, 4.923711 51.397593, 4.922949 51.399035, 4.918941 51.398949, 4.917317 51.399637, 4.917602 51.401821, 4.910967 51.403281, 4.909876 51.408154, 4.906406 51.409737, 4.904354 51.413067, 4.900886 51.411309, 4.902162 51.41387, 4.89916 51.413976, 4.898494 51.412273, 4.890804 51.415517, 4.884716 51.417399, 4.87921 51.415004, 4.878097 51.416066, 4.874134 51.41555, 4.866865 51.412344, 4.868516 51.410781, 4.867484 51.410064, 4.865388 51.410752, 4.859706 51.411408, 4.859835 51.41383, 4.854746 51.413939, 4.850266 51.415026, 4.847456 51.4133, 4.839446 51.415399, 4.799221 51.411545, 4.793314 51.41036, 4.792234 51.41149, 4.789464 51.409752, 4.783725 51.41162, 4.776664 51.414776, 4.773035 51.414088, 4.768873 51.419878, 4.770159 51.423913, 4.768539 51.430844, 4.777886 51.433255, 4.787259 51.433211, 4.789541 51.4303, 4.801028 51.429579, 4.807466 51.427588, 4.813775 51.426754, 4.821531 51.423623, 4.825626 51.423877, 4.826887 51.421635, 4.837254 51.418691, 4.839674 51.420713, 4.841773 51.423375, 4.837404 51.422007, 4.83364 51.421561, 4.828895 51.423162, 4.82478 51.436733, 4.826181 51.437154, 4.823075 51.449412, 4.8291 51.452717, 4.834815 51.459646, 4.837596 51.457425, 4.841109 51.457663, 4.844329 51.460217, 4.838494 51.462076, 4.836935 51.462251, 4.837243 51.4694, 4.839879 51.474165, 4.840092 51.47926, 4.841669 51.48154, 4.836866 51.483029, 4.829523 51.482715, 4.821231 51.483876, 4.820042 51.486939, 4.817737 51.489976, 4.818093 51.492327, 4.816034 51.495161, 4.796902 51.500445, 4.792727 51.499507, 4.783856 51.500372, 4.781074 51.504867, 4.773826 51.50589, 4.760202 51.503082, 4.758861 51.500762, 4.755939 51.501088, 4.752914 51.500246, 4.749809 51.497628, 4.750838 51.496017, 4.746795 51.490124, 4.729685 51.484872, 4.723341 51.477515, 4.721094 51.474041, 4.716316 51.471865, 4.717378 51.46958, 4.703704 51.467902, 4.70299 51.46693, 4.704144 51.466314, 4.699807 51.461955, 4.699898 51.460366, 4.693021 51.452575, 4.687495 51.452205, 4.6705 51.446827, 4.666915 51.445257, 4.670246 51.427485, 4.656605 51.425938, 4.651701 51.427567, 4.649452 51.426707, 4.646858 51.424577, 4.641063 51.423152, 4.637733 51.423754, 4.634456 51.42575, 4.630339 51.426716, 4.598376 51.431001, 4.575877 51.433564, 4.575266 51.433647, 4.536367 51.423881, 4.530488 51.450433, 4.548423 51.474022, 4.538501 51.483207, 4.487094 51.478115, 4.481879 51.479009, 4.47675 51.479114, 4.471878 51.476802, 4.466508 51.472288, 4.449548 51.469932, 4.443197 51.469533, 4.391105 51.452263, 4.384395 51.450439, 4.383083 51.450865, 4.380494 51.447628, 4.387924 51.445928, 4.392442 51.447026, 4.396483 51.443756, 4.397522 51.44208, 4.395533 51.439167, 4.395577 51.436602, 4.399332 51.436033, 4.397883 51.432597, 4.392816 51.43373, 4.392674 51.432412, 4.395062 51.432222, 4.395758 51.428035, 4.39168 51.428165, 4.390962 51.425021, 4.390254 51.42567, 4.383948 51.422004, 4.392283 51.408948, 4.431842 51.376326, 4.425817 51.372448, 4.426679 51.371297, 4.431329 51.367227, 4.431749 51.365054, 4.422091 51.365949, 4.396263 51.357039, 4.385753 51.355348, 4.383782 51.355918, 4.378743 51.355812, 4.37017 51.357606, 4.368838 51.357309, 4.366607 51.357992, 4.350103 51.359415, 4.341747 51.358274, 4.337347 51.370383, 4.335022 51.378247, 4.310267 51.377877, 4.277737 51.376985, 4.274565 51.382592, 4.274056 51.38396, 4.268462 51.384113, 4.266063 51.387541, 4.26854 51.388996, 4.269202 51.40098, 4.263406 51.417104, 4.266255 51.421462, 4.276293 51.4264, 4.265712 51.440821, 4.268589 51.441422, 4.283848 51.441696, 4.286061 51.443914, 4.28973 51.445981, 4.293962 51.446701, 4.295413 51.45025, 4.296504 51.45667, 4.290978 51.467907, 4.288609 51.471711, 4.272947 51.471864, 4.259367 51.47853, 4.259141 51.480234, 4.260356 51.482056, 4.261429 51.482852, 4.263083 51.48231, 4.266833 51.484725, 4.268104 51.484282, 4.273095 51.480699, 4.277467 51.480069, 4.279814 51.480319, 4.280687 51.481909, 4.276097 51.489429, 4.271242 51.490162, 4.26564 51.4933, 4.261983 51.491301, 4.259363 51.492325, 4.250847 51.500207, 4.241993 51.503154, 4.249882 51.507585, 4.241173 51.50928, 4.239088 51.511475, 4.233134 51.513307, 4.221483 51.514597, 4.225479 51.523781, 4.223538 51.526047, 4.229595 51.536371, 4.233077 51.538121, 4.237396 51.542995, 4.239022 51.546173, 4.237811 51.551358, 4.237304 51.552858, 4.235759 51.557441, 4.229544 51.564397, 4.227252 51.56925, 4.22507 51.571549, 4.218461 51.573661, 4.211935 51.57755, 4.196967 51.589348, 4.1914 51.599947, 4.192054 51.606738, 4.192826 51.61023, 4.194651 51.614419, 4.19922 51.621787, 4.205023 51.62533, 4.209698 51.627638, 4.219149 51.630698, 4.228338 51.632347, 4.236735 51.63243, 4.243771 51.630942, 4.254609 51.628036, 4.260292 51.628128, 4.266865 51.625097, 4.268132 51.627927, 4.272397 51.629486, 4.289474 51.633393, 4.291872 51.632942, 4.304846 51.637078, 4.31646 51.643505, 4.32586 51.643561, 4.34994 51.649294, 4.36783 51.657675, 4.369548 51.658672, 4.38039 51.663803, 4.388236 51.671084, 4.394299 51.67958, 4.392289 51.680838, 4.399832 51.684297, 4.406911 51.688494, 4.391929 51.698435, 4.384948 51.700396, 4.375468 51.701396, 4.375128 51.703246, 4.384995 51.703516, 4.388977 51.705391, 4.396776 51.713125, 4.400252 51.712412, 4.398211 51.708856, 4.396515 51.704653, 4.398761 51.700142, 4.403031 51.696528, 4.412148 51.691131, 4.425804 51.697832, 4.437904 51.698078, 4.458709 51.690625, 4.479843 51.686233, 4.493228 51.684345, 4.501748 51.683453, 4.514741 51.684035, 4.526615 51.685932, 4.533617 51.685947, 4.538968 51.687926, 4.570247 51.693053, 4.578732 51.676286, 4.582598 51.676937, 4.574877 51.6936, 4.587936 51.695138, 4.593279 51.682808, 4.596669 51.683689, 4.594182 51.688725, 4.595381 51.689362, 4.604805 51.687871, 4.60545 51.689289, 4.59335 51.691546, 4.591304 51.696176, 4.602344 51.698411, 4.607121 51.700759, 4.612209 51.692382, 4.615293 51.693153, 4.610151 51.702501, 4.618667 51.706591, 4.618738 51.706532, 4.620204 51.70686, 4.622247 51.707316, 4.623357 51.708507, 4.626145 51.709403, 4.630128 51.71065, 4.637654 51.71276, 4.640085 51.71349, 4.648111 51.715281, 4.648457 51.715284, 4.651977 51.713258, 4.658984 51.714087, 4.66954 51.715653, 4.675774 51.716617, 4.679254 51.71664, 4.684824 51.717738, 4.69133 51.719129, 4.698987 51.719785, 4.703784 51.718855, 4.71242 51.719075, 4.720698 51.72025, 4.721819 51.720465, 4.729322 51.721908, 4.736859 51.723598, 4.738152 51.7237, 4.74078 51.723908, 4.747651 51.72396, 4.754157 51.723458, 4.763029 51.721959, 4.781306 51.716497, 4.793449 51.713172, 4.803461 51.711546, 4.815513 51.7102, 4.825805 51.710279, 4.827225 51.71029, 4.830601 51.710841, 4.83874 51.712165, 4.841966 51.713655, 4.84652 51.715758, 4.846567 51.715779, 4.83907 51.715948, 4.836893 51.715997, 4.830588 51.714051, 4.825011 51.713546, 4.815931 51.713701, 4.807012 51.71457, 4.797646 51.715864, 4.787091 51.718732, 4.778468 51.72138, 4.78323 51.724021, 4.783311 51.723975, 4.786818 51.723026, 4.792137 51.721196, 4.794627 51.720879, 4.796817 51.721091, 4.800163 51.721892, 4.804172 51.722787, 4.806231 51.723206, 4.808312 51.723371, 4.809917 51.723052, 4.81326 51.721861, 4.814703 51.720839, 4.816166 51.719701, 4.817348 51.719289, 4.818969 51.719304, 4.82031 51.719813, 4.824075 51.721409, 4.825213 51.721941, 4.826939 51.722842, 4.830081 51.724081, 4.833134 51.72746, 4.833141 51.729142, 4.832454 51.729866, 4.830889 51.730048, 4.828516 51.729444, 4.827209 51.729327, 4.82407 51.730254, 4.81977 51.731466, 4.816596 51.732197, 4.814717 51.732148, 4.812784 51.731936, 4.810228 51.731114, 4.807618 51.730326, 4.804103 51.729754, 4.800808 51.729505, 4.797051 51.729314, 4.794604 51.728871, 4.790446 51.728021, 4.784193 51.726787, 4.782226 51.726207, 4.781715 51.72556, 4.78188 51.725071, 4.776501 51.722063, 4.771043 51.724039, 4.766021 51.72541, 4.754973 51.727191, 4.757104 51.730213, 4.758618 51.732025, 4.760388 51.734137, 4.763118 51.735928, 4.763543 51.736198, 4.765599 51.735599, 4.764288 51.734768, 4.761521 51.732918, 4.760901 51.7321, 4.760779 51.731282, 4.761212 51.730188, 4.762396 51.729535, 4.764339 51.728515, 4.767628 51.727233, 4.770321 51.726882, 4.772234 51.727162, 4.774715 51.727929, 4.779349 51.729091, 4.780515 51.730786, 4.781593 51.731836, 4.784792 51.735138, 4.786092 51.736292, 4.78769 51.736951, 4.789949 51.737843, 4.791308 51.73841, 4.792002 51.739264, 4.792599 51.740866, 4.792518 51.741891, 4.791738 51.742592, 4.790059 51.742841, 4.787242 51.742547, 4.78323 51.741848, 4.77981 51.740999, 4.776926 51.739783, 4.775641 51.739044, 4.773452 51.738728, 4.771004 51.738262, 4.768854 51.737508, 4.767221 51.736629, 4.767162 51.736591, 4.765678 51.737552, 4.766143 51.737847, 4.765489 51.738939, 4.761348 51.738377, 4.759524 51.736115, 4.755723 51.734528, 4.751536 51.732928, 4.748252 51.73132, 4.741846 51.728448, 4.738145 51.728277, 4.734907 51.727773, 4.731398 51.72667, 4.732101 51.728376, 4.7366 51.730104, 4.739354 51.731078, 4.742307 51.732629, 4.745296 51.734398, 4.748167 51.736858, 4.751214 51.738259, 4.7555 51.739181, 4.760397 51.73971, 4.764038 51.740641, 4.766029 51.740611, 4.767552 51.741443, 4.769945 51.741645, 4.773629 51.741907, 4.776331 51.742707, 4.779663 51.743153, 4.779494 51.743589, 4.777595 51.7437, 4.776633 51.74432, 4.77775 51.745221, 4.780777 51.747059, 4.78276 51.747893, 4.78435 51.749623, 4.786077 51.750433, 4.788814 51.751557, 4.788314 51.752062, 4.783771 51.750532, 4.784573 51.751881, 4.787547 51.7535, 4.790629 51.755394, 4.793423 51.756425, 4.796723 51.756513, 4.801291 51.756879, 4.805624 51.756601, 4.810605 51.756104, 4.81592 51.755251, 4.820042 51.753738, 4.82384 51.753308, 4.829095 51.753238, 4.835119 51.753594, 4.839696 51.755744, 4.838842 51.756045, 4.837552 51.7565, 4.83347 51.75503, 4.82757 51.755042, 4.823351 51.754897, 4.819267 51.756363, 4.813522 51.758206, 4.808097 51.75884, 4.80478 51.758706, 4.798846 51.758521, 4.793059 51.758302, 4.788692 51.758039, 4.786957 51.757112, 4.786011 51.756606, 4.784119 51.755761, 4.782676 51.754122, 4.780337 51.752518, 4.778566 51.753412, 4.780167 51.754336, 4.782378 51.75684, 4.782969 51.759098, 4.782535 51.76034, 4.781238 51.761363, 4.780696 51.762352, 4.779999 51.764159, 4.779133 51.764145, 4.775317 51.761649, 4.772534 51.759247, 4.767631 51.759213, 4.767065 51.756068, 4.7682 51.75501, 4.768919 51.752536, 4.769663 51.751836, 4.771432 51.751782, 4.774161 51.751501, 4.775394 51.751791, 4.776717 51.752347, 4.777122 51.75258, 4.778875 51.751652, 4.777026 51.750574, 4.774725 51.750108, 4.770945 51.750273, 4.767926 51.749908, 4.76587 51.748809, 4.761676 51.747855, 4.759067 51.746997, 4.755364 51.744466, 4.755501 51.743453, 4.750759 51.742082, 4.748098 51.740867, 4.747391 51.741578, 4.745123 51.739569, 4.743047 51.738792, 4.740891 51.738937, 4.741321 51.740342, 4.741235 51.741816, 4.743106 51.742707, 4.745434 51.744153, 4.748186 51.745553, 4.750053 51.747101, 4.751182 51.748797, 4.753563 51.750507, 4.756062 51.751412, 4.757656 51.752682, 4.759761 51.754438, 4.761254 51.75671, 4.762823 51.758649, 4.764819 51.760335, 4.764897 51.76035, 4.767359 51.760824, 4.769047 51.761865, 4.770797 51.764299, 4.769731 51.764647, 4.767748 51.765293, 4.76495 51.764734, 4.764041 51.763212, 4.761684 51.760534, 4.75881 51.758052, 4.755209 51.756454, 4.751468 51.754175, 4.750685 51.753229, 4.747431 51.749893, 4.74614 51.747817, 4.742272 51.745458, 4.737199 51.741725, 4.735134 51.739727, 4.731393 51.737691, 4.725687 51.736915, 4.718391 51.737045, 4.712575 51.736223, 4.71137 51.737152, 4.715328 51.739478, 4.720189 51.741863, 4.724574 51.74411, 4.728657 51.746931, 4.733757 51.749696, 4.737001 51.749705, 4.740283 51.751763, 4.737594 51.7514, 4.736504 51.751742, 4.739418 51.753696, 4.742202 51.755776, 4.746768 51.758517, 4.748905 51.760871, 4.74981 51.762981, 4.752438 51.763955, 4.751123 51.7647, 4.751541 51.767614, 4.752154 51.769167, 4.752681 51.77523, 4.747513 51.772218, 4.747563 51.773352, 4.749269 51.778038, 4.750066 51.779904, 4.755247 51.782633, 4.756247 51.783564, 4.75961 51.785489, 4.762329 51.786703, 4.762843 51.787338, 4.764475 51.789352, 4.767041 51.79252, 4.771584 51.793032, 4.775044 51.794401, 4.776567 51.795002, 4.785002 51.797675, 4.808089 51.800923, 4.815277 51.800597, 4.829105 51.799341, 4.837258 51.799143, 4.847349 51.800261, 4.852767 51.801498, 4.860333 51.803704, 4.86768 51.807341, 4.874616 51.811354, 4.885552 51.817494, 4.902106 51.823304, 4.915003 51.826816, 4.927697 51.82917, 4.933829 51.829281, 4.943029 51.826952, 4.948854 51.825574, 4.96942 51.822447, 4.971855 51.822466, 4.987798 51.822591, 4.987483 51.8214, 5.000698 51.821854, 5.010129 51.818146, 5.01011 51.815193, 5.011356 51.813028, 5.016052 51.809456, 5.021402 51.806605, 5.027995 51.804151, 5.036616 51.802316, 5.043985 51.800665, 5.048845 51.798811, 5.052729 51.795979, 5.057526 51.791664, 5.06358 51.783947, 5.068492 51.780812, 5.073134 51.780098, 5.078687 51.780578, 5.08262 51.78213, 5.086819 51.785289, 5.092478 51.787669, 5.096397 51.788271, 5.099667 51.78845, 5.104799 51.787102, 5.107261 51.785803, 5.113299 51.782203, 5.119972 51.77851, 5.128936 51.776192, 5.135349 51.775161, 5.139019 51.773685, 5.140594 51.770517, 5.138916 51.768111, 5.137092 51.765198, 5.136306 51.762702, 5.138245 51.758784, 5.143079 51.755999, 5.139336 51.752037, 5.13451 51.749741, 5.128672 51.74729, 5.126756 51.745738, 5.126427 51.74429, 5.126341 51.738406, 5.139673 51.74048, 5.154409 51.742856, 5.170229 51.743869, 5.178828 51.743788, 5.186553 51.742664, 5.196723 51.741354, 5.204114 51.741715, 5.208875 51.742784, 5.216484 51.744344, 5.222443 51.744453, 5.227004 51.743523, 5.231656 51.742056, 5.244529 51.735562, 5.24863 51.73478, 5.254383 51.735117, 5.258869 51.736848, 5.263962 51.739322, 5.26775 51.740368, 5.274957 51.741022, 5.278248 51.741177, 5.283948 51.740838, 5.291852 51.738415, 5.297221 51.737686, 5.300475 51.737955, 5.304521 51.739515, 5.318079 51.745732, 5.346135 51.75384, 5.353798 51.756719, 5.356001 51.757546, 5.360886 51.762165, 5.361221 51.764221, 5.360496 51.769492, 5.3613 51.774976, 5.364004 51.783222, 5.369804 51.791622, 5.384438 51.805829, 5.395068 51.813678, 5.399008 51.817316, 5.403009 51.82078, 5.406819 51.822322, 5.412271 51.822456, 5.415313 51.821324, 5.416643 51.820829, 5.41877 51.81867, 5.422458 51.814923, 5.427105 51.812346, 5.43417 51.810294, 5.443809 51.809484, 5.448509 51.809882, 5.461407 51.811131, 5.471479 51.813586, 5.47567 51.816197, 5.478825 51.821275, 5.481669 51.826471, 5.486554 51.829857, 5.49407 51.831189, 5.496697 51.830631, 5.501098 51.829695, 5.50708 51.827256, 5.514081 51.821501, 5.519033 51.819422, 5.524965 51.818792, 5.53062 51.818048, 5.536081 51.816691)))",
            "level": 1,
            "name": "Noord-Brabant"
        },
        "model": "studyarea.area",
        "pk": 11
    },
    {
        "fields": {
            "casestudy": 7,
            "code": "10",
            "content_type": 42,
            "geom": "SRID=4326;MULTIPOLYGON (((3.578718 51.394525, 3.592683 51.389351, 3.598292 51.386185, 3.601296 51.387062, 3.614325 51.383458, 3.615544 51.381439, 3.639439 51.376924, 3.687665 51.372355, 3.693508 51.368169, 3.708499 51.358913, 3.713704 51.35494, 3.719924 51.351735, 3.732339 51.348928, 3.736626 51.345905, 3.738254 51.349928, 3.738535 51.350776, 3.738553 51.352954, 3.742936 51.3536, 3.757993 51.35073, 3.760596 51.34944, 3.756267 51.344473, 3.757043 51.341518, 3.769182 51.338235, 3.769152 51.350547, 3.772486 51.352013, 3.7881 51.350992, 3.806627 51.345284, 3.81178 51.344216, 3.827213 51.344158, 3.835564 51.342009, 3.845791 51.339436, 3.856689 51.33882, 3.863767 51.341021, 3.874302 51.345507, 3.884582 51.350056, 3.900806 51.355823, 3.909886 51.360288, 3.93569 51.364592, 3.939592 51.364384, 3.941683 51.366036, 3.957779 51.366058, 3.959445 51.37221, 3.963229 51.376616, 3.963197 51.382691, 3.967911 51.386047, 3.965512 51.389852, 3.964512 51.397742, 3.974421 51.406932, 3.983288 51.406693, 3.992609 51.405957, 3.995784 51.403766, 4.020766 51.402046, 4.025227 51.395021, 4.029581 51.393742, 4.035847 51.381674, 4.041874 51.376136, 4.046895 51.369835, 4.050525 51.367606, 4.086712 51.365328, 4.110856 51.355308, 4.110107 51.351666, 4.117318 51.346753, 4.119709 51.343801, 4.122535 51.343831, 4.129896 51.337838, 4.149561 51.328678, 4.168747 51.328211, 4.184033 51.3333, 4.195899 51.336022, 4.19575 51.338764, 4.208634 51.346424, 4.224535 51.351944, 4.232006 51.346422, 4.165801 51.293631, 4.137789 51.281475, 4.078848 51.25473, 4.07728 51.25354, 4.071281 51.251863, 4.072007 51.251134, 4.064576 51.248783, 4.061971 51.245372, 4.055127 51.243976, 4.040662 51.242179, 4.036945 51.246276, 4.03264 51.243888, 4.027755 51.243576, 4.02522 51.24246, 4.021232 51.246256, 4.015846 51.245299, 4.015085 51.246058, 4.006166 51.242651, 4.000251 51.238593, 3.993126 51.237062, 3.989017 51.234161, 3.986759 51.234932, 3.979673 51.226202, 3.964938 51.224926, 3.958686 51.216716, 3.953715 51.217325, 3.942575 51.215197, 3.942932 51.214584, 3.936032 51.213016, 3.929462 51.2209, 3.925761 51.217988, 3.923956 51.217926, 3.920125 51.217962, 3.918927 51.215803, 3.916549 51.215177, 3.918241 51.208794, 3.915046 51.208983, 3.911306 51.206254, 3.899642 51.203226, 3.895357 51.204193, 3.888108 51.2019, 3.886174 51.201105, 3.884821 51.202259, 3.883391 51.205342, 3.879596 51.207272, 3.877898 51.209164, 3.888906 51.214063, 3.893113 51.219858, 3.88875 51.223727, 3.881223 51.220688, 3.872347 51.217716, 3.865188 51.214532, 3.859989 51.211936, 3.856453 51.211891, 3.852381 51.213933, 3.849798 51.212721, 3.845601 51.213676, 3.842335 51.212948, 3.836595 51.214436, 3.827057 51.210187, 3.82037 51.209894, 3.810138 51.213302, 3.805946 51.213239, 3.806179 51.214281, 3.803266 51.214024, 3.804992 51.209323, 3.803412 51.209033, 3.802038 51.211007, 3.79865 51.211625, 3.79669 51.213686, 3.790812 51.214748, 3.788935 51.217208, 3.789301 51.221256, 3.788165 51.226443, 3.789629 51.246884, 3.795574 51.257066, 3.786045 51.259531, 3.778605 51.263329, 3.773768 51.264869, 3.772592 51.262789, 3.769636 51.261104, 3.762749 51.262919, 3.75592 51.270962, 3.75231 51.271507, 3.751459 51.270414, 3.739393 51.272283, 3.723077 51.274424, 3.719449 51.273719, 3.718459 51.272836, 3.711939 51.273207, 3.694566 51.276829, 3.693088 51.277125, 3.689646 51.281667, 3.684071 51.282092, 3.678261 51.281848, 3.676736 51.284169, 3.658303 51.291413, 3.644516 51.291074, 3.642961 51.28957, 3.640902 51.289187, 3.625743 51.29409, 3.6212 51.293692, 3.618402 51.297103, 3.591122 51.305386, 3.591906 51.306311, 3.590148 51.306702, 3.581317 51.299277, 3.58839 51.293799, 3.583293 51.292938, 3.58423 51.289825, 3.581743 51.287781, 3.579703 51.289504, 3.576359 51.28863, 3.57135 51.292602, 3.562892 51.296499, 3.559415 51.295701, 3.558725 51.292076, 3.555858 51.29128, 3.553469 51.290395, 3.550501 51.291586, 3.543861 51.291561, 3.54088 51.286539, 3.538173 51.284524, 3.53341 51.284162, 3.52915 51.28955, 3.515814 51.288282, 3.528004 51.247175, 3.506518 51.245673, 3.447765 51.242236, 3.444396 51.242957, 3.444335 51.243563, 3.432125 51.246307, 3.427698 51.245369, 3.425203 51.249933, 3.424672 51.255, 3.421623 51.257148, 3.418399 51.258306, 3.417492 51.259871, 3.41595 51.260509, 3.413725 51.259014, 3.409657 51.257454, 3.406346 51.258911, 3.404927 51.261672, 3.401767 51.263843, 3.396033 51.265257, 3.389153 51.271823, 3.388467 51.273279, 3.386136 51.274832, 3.378749 51.275622, 3.375586 51.279006, 3.376861 51.281046, 3.379744 51.281016, 3.381711 51.28309, 3.380267 51.285564, 3.380338 51.288408, 3.378 51.290076, 3.369589 51.293679, 3.366316 51.297027, 3.365826 51.299357, 3.367427 51.300635, 3.372393 51.301397, 3.376921 51.303344, 3.358406 51.316264, 3.385084 51.334964, 3.383007 51.342715, 3.374244 51.34977, 3.373516 51.356205, 3.37514 51.360049, 3.363798 51.372545, 3.371722 51.376282, 3.378158 51.379686, 3.388246 51.382469, 3.406002 51.386701, 3.420765 51.391732, 3.436472 51.393243, 3.44109 51.392143, 3.455929 51.395784, 3.463187 51.396086, 3.467557 51.397229, 3.481246 51.399405, 3.491779 51.402771, 3.508096 51.408273, 3.51979 51.409027, 3.54202 51.407612, 3.553545 51.405883, 3.559191 51.403657, 3.568072 51.401546, 3.578718 51.394525)), ((3.813461 51.606505, 3.821035 51.603611, 3.835113 51.606772, 3.840204 51.606277, 3.842276 51.604239, 3.851233 51.605247, 3.863726 51.601109, 3.869476 51.597273, 3.8741 51.592833, 3.881421 51.582499, 3.889457 51.575457, 3.894677 51.575912, 3.893579 51.571071, 3.896584 51.56543, 3.897222 51.560932, 3.888234 51.557785, 3.872558 51.55445, 3.866799 51.547919, 3.866642 51.544127, 3.8684 51.540792, 3.88093 51.543446, 3.886296 51.543684, 3.891007 51.542441, 3.901215 51.542478, 3.902007 51.544579, 3.907887 51.544717, 3.911995 51.546882, 3.917664 51.545357, 3.927215 51.545216, 3.932208 51.53978, 3.929325 51.537725, 3.933857 51.532494, 3.940932 51.526667, 3.950224 51.530186, 3.956975 51.531098, 3.963396 51.53069, 3.971009 51.528989, 3.989691 51.525401, 3.997491 51.522944, 4.005905 51.522538, 4.014098 51.519406, 4.018059 51.519033, 4.021541 51.513718, 4.025036 51.513121, 4.039709 51.506687, 4.044729 51.502972, 4.051105 51.504505, 4.054909 51.502399, 4.054897 51.495471, 4.056131 51.491227, 4.058654 51.488418, 4.058084 51.484827, 4.055706 51.482451, 4.059086 51.476721, 4.063624 51.474544, 4.072743 51.465834, 4.07666 51.462513, 4.080561 51.459593, 4.084922 51.459361, 4.093644 51.447471, 4.103796 51.445618, 4.125857 51.436755, 4.128319 51.437617, 4.134482 51.432138, 4.14057 51.431253, 4.143683 51.430016, 4.145056 51.429635, 4.158592 51.436798, 4.179019 51.44194, 4.19692 51.435445, 4.200646 51.439737, 4.216768 51.434555, 4.218475 51.435026, 4.225509 51.441759, 4.22576 51.443366, 4.224005 51.450997, 4.22647 51.451352, 4.225941 51.456158, 4.227628 51.456215, 4.228959 51.451088, 4.231817 51.451701, 4.231283 51.454685, 4.23281 51.455599, 4.233852 51.452245, 4.235859 51.452593, 4.23529 51.457525, 4.238242 51.456121, 4.245444 51.436133, 4.265712 51.440821, 4.276293 51.4264, 4.266255 51.421462, 4.263406 51.417104, 4.269202 51.40098, 4.26854 51.388996, 4.266063 51.387541, 4.268462 51.384113, 4.274056 51.38396, 4.274565 51.382592, 4.277737 51.376985, 4.246165 51.375444, 4.247353 51.377523, 4.243233 51.384846, 4.231113 51.395828, 4.211928 51.400946, 4.206096 51.400475, 4.201229 51.406995, 4.199517 51.407658, 4.189506 51.40715, 4.183456 51.404245, 4.179252 51.403417, 4.175089 51.403907, 4.171953 51.40345, 4.157388 51.395619, 4.139092 51.397002, 4.134325 51.399808, 4.121561 51.401728, 4.118214 51.403375, 4.107217 51.406019, 4.097732 51.409326, 4.08352 51.410213, 4.07934 51.40882, 4.07312 51.412495, 4.062277 51.414851, 4.051568 51.421035, 4.05253 51.423056, 4.047214 51.427385, 4.048238 51.427928, 4.050617 51.430727, 4.040517 51.432725, 4.030393 51.434367, 4.030348 51.436337, 4.02258 51.439116, 4.013646 51.441214, 4.006267 51.441019, 4.002992 51.445072, 3.99799 51.447456, 3.992755 51.452254, 3.987004 51.453966, 3.982747 51.458361, 3.975518 51.463079, 3.971996 51.461573, 3.961577 51.456303, 3.95084 51.455803, 3.935047 51.448121, 3.931287 51.444792, 3.928802 51.44166, 3.927787 51.437021, 3.919986 51.428891, 3.917236 51.421163, 3.91624 51.41901, 3.912148 51.416871, 3.909335 51.410035, 3.901111 51.395283, 3.895628 51.393866, 3.886816 51.394726, 3.875682 51.397269, 3.868854 51.397306, 3.862402 51.395284, 3.860464 51.392321, 3.856105 51.391268, 3.850961 51.392417, 3.846007 51.392851, 3.811858 51.38607, 3.798676 51.394601, 3.789566 51.39993, 3.775317 51.40563, 3.776928 51.408375, 3.77571 51.410857, 3.76467 51.410289, 3.754016 51.415097, 3.743768 51.411721, 3.734324 51.41228, 3.724875 51.415869, 3.716357 51.422634, 3.711434 51.426243, 3.710147 51.428175, 3.706792 51.433503, 3.698155 51.439648, 3.683253 51.447879, 3.675291 51.447568, 3.685658 51.457508, 3.706673 51.465108, 3.703494 51.468209, 3.676186 51.458452, 3.656158 51.451966, 3.640637 51.444575, 3.636579 51.443149, 3.628574 51.4424, 3.609931 51.44101, 3.605898 51.442432, 3.602142 51.444119, 3.600762 51.452391, 3.597097 51.45204, 3.597831 51.444719, 3.599182 51.442383, 3.599876 51.440791, 3.595997 51.441158, 3.584651 51.441038, 3.574779 51.439935, 3.56942 51.441386, 3.567458 51.443472, 3.564335 51.445684, 3.559588 51.44859, 3.556316 51.450033, 3.54597 51.452803, 3.537617 51.456375, 3.526088 51.463251, 3.52308 51.465657, 3.515718 51.472237, 3.509957 51.47903, 3.503516 51.485798, 3.495125 51.49386, 3.492946 51.495721, 3.487431 51.498358, 3.479103 51.500793, 3.472276 51.504734, 3.460974 51.511008, 3.453438 51.514141, 3.444689 51.519322, 3.43838 51.523342, 3.433852 51.526759, 3.432971 51.530398, 3.43626 51.541351, 3.43963 51.544314, 3.453818 51.549706, 3.459363 51.552004, 3.47266 51.558519, 3.488539 51.56624, 3.512203 51.574332, 3.536617 51.583932, 3.55345 51.58981, 3.567358 51.593811, 3.574573 51.59609, 3.57956 51.597411, 3.587779 51.597319, 3.595414 51.59613, 3.608606 51.595333, 3.616524 51.59369, 3.620777 51.590742, 3.623761 51.588775, 3.627578 51.588654, 3.63359 51.589786, 3.633406 51.58848, 3.634855 51.587604, 3.627818 51.585069, 3.626991 51.583406, 3.627553 51.579325, 3.627527 51.575208, 3.630931 51.572301, 3.639516 51.566886, 3.640848 51.563789, 3.64912 51.560642, 3.656215 51.557792, 3.661491 51.553879, 3.668807 51.55165, 3.673412 51.546878, 3.680734 51.535862, 3.682847 51.530318, 3.689785 51.522987, 3.698115 51.51655, 3.703817 51.515705, 3.71427 51.516554, 3.722464 51.515326, 3.730088 51.514982, 3.746401 51.515306, 3.746445 51.518297, 3.741706 51.518056, 3.730705 51.520485, 3.726384 51.522309, 3.727961 51.52688, 3.727628 51.529924, 3.729646 51.533593, 3.742263 51.537786, 3.756189 51.542731, 3.778622 51.543725, 3.787953 51.542528, 3.801318 51.543283, 3.80599 51.546521, 3.823023 51.549348, 3.832613 51.549181, 3.83903 51.546852, 3.839634 51.543706, 3.845611 51.541349, 3.850409 51.540474, 3.859663 51.539398, 3.865456 51.540408, 3.863971 51.543789, 3.856418 51.545003, 3.853385 51.545614, 3.846891 51.549181, 3.844027 51.550549, 3.844254 51.552257, 3.837545 51.555502, 3.834042 51.556671, 3.814815 51.554347, 3.806603 51.549115, 3.802833 51.548849, 3.785106 51.550986, 3.775462 51.555089, 3.760217 51.555704, 3.735837 51.54703, 3.72938 51.542149, 3.723173 51.540116, 3.715314 51.536353, 3.710459 51.5317, 3.704953 51.52691, 3.701159 51.527375, 3.698503 51.533279, 3.698181 51.543098, 3.69668 51.548952, 3.687722 51.557395, 3.67596 51.562543, 3.670127 51.565729, 3.656252 51.56996, 3.652719 51.571571, 3.648133 51.580484, 3.644311 51.586802, 3.646288 51.587796, 3.645911 51.589837, 3.643523 51.58942, 3.63593 51.587829, 3.634737 51.588655, 3.634719 51.590005, 3.642301 51.591481, 3.651596 51.593432, 3.660828 51.596525, 3.675318 51.599864, 3.681518 51.600163, 3.684924 51.600328, 3.688965 51.600522, 3.700092 51.601298, 3.7082 51.598228, 3.717502 51.597371, 3.727463 51.596559, 3.737758 51.596874, 3.75136 51.599435, 3.761953 51.600208, 3.769667 51.599793, 3.776165 51.599632, 3.781541 51.602716, 3.794128 51.604898, 3.803625 51.606474, 3.813461 51.606505)), ((3.828859 51.749122, 3.827634 51.740721, 3.831668 51.74045, 3.842092 51.740109, 3.844897 51.740977, 3.847107 51.741105, 3.854639 51.739335, 3.873387 51.742437, 3.887984 51.745105, 3.890737 51.741976, 3.899038 51.740717, 3.903242 51.739051, 3.907332 51.733854, 3.912384 51.731722, 3.921067 51.732806, 3.943684 51.735206, 3.945293 51.734204, 3.970255 51.734319, 3.976572 51.733218, 3.971613 51.722014, 3.978597 51.717591, 3.984076 51.718052, 3.993271 51.714096, 4.000919 51.708597, 4.008188 51.7038, 4.012559 51.697168, 4.015909 51.687358, 4.029172 51.683324, 4.038375 51.684955, 4.044453 51.68534, 4.048995 51.683542, 4.056203 51.680413, 4.078562 51.6729, 4.088823 51.671639, 4.087981 51.669533, 4.09311 51.668278, 4.105447 51.676248, 4.121506 51.679385, 4.140185 51.680496, 4.150153 51.681094, 4.154596 51.68361, 4.156298 51.681806, 4.156911 51.67942, 4.155107 51.678375, 4.161901 51.671378, 4.16343 51.669002, 4.167279 51.669155, 4.172035 51.669434, 4.174279 51.667864, 4.167482 51.668363, 4.166614 51.666527, 4.163868 51.666386, 4.164385 51.660922, 4.165762 51.657176, 4.169323 51.654364, 4.189103 51.648411, 4.194548 51.643567, 4.195767 51.638908, 4.194926 51.63605, 4.192877 51.637169, 4.193035 51.63831, 4.192421 51.640812, 4.191427 51.643764, 4.187672 51.646916, 4.169934 51.65232, 4.164735 51.654657, 4.162451 51.657711, 4.160108 51.66965, 4.151247 51.678562, 4.146518 51.677032, 4.140308 51.677077, 4.105297 51.67322, 4.100088 51.670709, 4.096012 51.667752, 4.106436 51.659129, 4.097631 51.648984, 4.080655 51.639369, 4.069652 51.632572, 4.058123 51.628298, 4.050258 51.63151, 4.037685 51.627175, 4.02985 51.626173, 4.022126 51.621932, 4.01737 51.621276, 4.010816 51.618594, 3.992315 51.61861, 3.98668 51.615366, 3.966792 51.615154, 3.949055 51.625637, 3.946018 51.626202, 3.940174 51.635136, 3.933613 51.634901, 3.929844 51.630049, 3.918879 51.628848, 3.897499 51.632596, 3.894755 51.634041, 3.889499 51.633923, 3.890122 51.644007, 3.886084 51.64902, 3.887544 51.651419, 3.884472 51.657406, 3.880145 51.658786, 3.875684 51.66439, 3.876565 51.668206, 3.870067 51.672436, 3.858026 51.678676, 3.848412 51.677251, 3.835 51.681423, 3.824259 51.684302, 3.816271 51.686155, 3.82369 51.688527, 3.822012 51.69408, 3.813428 51.697713, 3.801844 51.69656, 3.804456 51.691627, 3.786322 51.687702, 3.77811 51.684594, 3.762922 51.678342, 3.752406 51.673618, 3.736117 51.670322, 3.72667 51.665764, 3.725366 51.658587, 3.724078 51.653876, 3.720073 51.645938, 3.715009 51.641865, 3.69417 51.628703, 3.688204 51.623604, 3.685668 51.61701, 3.684482 51.609865, 3.684873 51.601399, 3.681435 51.601346, 3.680838 51.60978, 3.682416 51.617429, 3.687767 51.626999, 3.702017 51.636038, 3.716516 51.646169, 3.721799 51.656652, 3.722427 51.666509, 3.716788 51.666426, 3.707319 51.667646, 3.695444 51.673519, 3.685872 51.682357, 3.68022 51.69378, 3.679029 51.704921, 3.681923 51.711784, 3.693905 51.723829, 3.708009 51.732749, 3.722957 51.735895, 3.756087 51.740983, 3.772075 51.74378, 3.78799 51.744508, 3.797431 51.742603, 3.810569 51.742277, 3.819635 51.741732, 3.822832 51.74464, 3.824321 51.749573, 3.828859 51.749122)), ((4.157502 51.647049, 4.163622 51.640697, 4.174608 51.638783, 4.17918 51.639648, 4.181059 51.637367, 4.184071 51.636536, 4.192708 51.636709, 4.197001 51.633904, 4.200838 51.634172, 4.201101 51.638164, 4.213053 51.636687, 4.228338 51.632347, 4.219149 51.630698, 4.209698 51.627638, 4.205023 51.62533, 4.19922 51.621787, 4.194651 51.614419, 4.192826 51.61023, 4.192054 51.606738, 4.1914 51.599947, 4.196967 51.589348, 4.211935 51.57755, 4.218461 51.573661, 4.22507 51.571549, 4.227252 51.56925, 4.229544 51.564397, 4.235759 51.557441, 4.237304 51.552858, 4.237811 51.551358, 4.239022 51.546173, 4.237396 51.542995, 4.233077 51.538121, 4.229595 51.536371, 4.228868 51.537065, 4.226919 51.536074, 4.223138 51.53094, 4.22007 51.529837, 4.215462 51.524729, 4.219507 51.523031, 4.217321 51.518094, 4.210358 51.508632, 4.205842 51.507538, 4.194399 51.510811, 4.193794 51.511999, 4.188557 51.512504, 4.176359 51.515781, 4.164912 51.523752, 4.150135 51.525008, 4.147253 51.522792, 4.141591 51.522189, 4.135272 51.526983, 4.127011 51.524808, 4.117404 51.524238, 4.102394 51.52505, 4.100852 51.526113, 4.092211 51.52594, 4.092111 51.527429, 4.074238 51.528175, 4.071149 51.530554, 4.073124 51.531995, 4.070774 51.534082, 4.065354 51.534293, 4.060033 51.542325, 4.062097 51.543928, 4.053871 51.54692, 4.050418 51.549994, 4.050797 51.553369, 4.035129 51.554487, 4.031226 51.555962, 4.027819 51.557464, 4.030582 51.561953, 4.030785 51.566929, 4.023998 51.568128, 4.012683 51.571157, 4.005661 51.576521, 3.989662 51.577275, 3.983842 51.582204, 3.985262 51.588528, 3.989579 51.592893, 3.994439 51.594709, 4.001523 51.595072, 4.008406 51.596932, 4.011735 51.596006, 4.019144 51.599634, 4.023013 51.597775, 4.038254 51.605058, 4.043086 51.605188, 4.047933 51.605608, 4.052788 51.609613, 4.059093 51.610718, 4.061586 51.610169, 4.064323 51.612431, 4.077182 51.614241, 4.083777 51.612561, 4.086026 51.613294, 4.104507 51.610132, 4.112757 51.604017, 4.117549 51.599991, 4.123033 51.598551, 4.133932 51.598845, 4.140837 51.59814, 4.157728 51.600677, 4.160533 51.60584, 4.173138 51.606444, 4.174465 51.60852, 4.185466 51.607406, 4.187203 51.611211, 4.187707 51.615585, 4.176775 51.617422, 4.170829 51.618591, 4.167049 51.615549, 4.158626 51.613815, 4.126702 51.613801, 4.117407 51.62537, 4.105889 51.630661, 4.100652 51.631331, 4.098741 51.640009, 4.102977 51.643746, 4.106367 51.642768, 4.117062 51.652396, 4.122054 51.654115, 4.128767 51.6533, 4.157502 51.647049)))",
            "level": 1,
            "name": "Zeeland"
        },
        "model": "studyarea.area",
        "pk": 10
    },
    {
        "fields": {
            "casestudy": 7,
            "code": "9",
            "content_type": 42,
            "geom": "SRID=4326;MULTIPOLYGON (((4.546938 52.314823, 4.56339 52.310121, 4.569233 52.31727, 4.573576 52.316294, 4.581274 52.319056, 4.583797 52.319111, 4.589752 52.318448, 4.595676 52.318381, 4.611398 52.314366, 4.611432 52.312735, 4.610408 52.311569, 4.602869 52.305282, 4.596547 52.296069, 4.596051 52.292327, 4.590877 52.286486, 4.588398 52.280997, 4.572411 52.271743, 4.568254 52.269273, 4.567718 52.268138, 4.568995 52.262756, 4.569899 52.260995, 4.567905 52.251292, 4.565608 52.243088, 4.564798 52.240536, 4.563167 52.235395, 4.562374 52.23442, 4.561149 52.233955, 4.556092 52.233046, 4.554952 52.232483, 4.551473 52.228613, 4.550642 52.227374, 4.554271 52.22366, 4.556815 52.220673, 4.55891 52.220122, 4.573127 52.218298, 4.582656 52.219973, 4.583699 52.220135, 4.58851 52.219232, 4.598791 52.216739, 4.603958 52.215539, 4.619013 52.2156, 4.623214 52.21629, 4.626908 52.216498, 4.633136 52.217145, 4.64177 52.220855, 4.644667 52.221606, 4.647605 52.222136, 4.653867 52.225183, 4.658458 52.227209, 4.664637 52.228313, 4.669941 52.231373, 4.670222 52.231122, 4.671899 52.229617, 4.672952 52.228842, 4.674759 52.226309, 4.679738 52.226839, 4.684384 52.227335, 4.68645 52.227584, 4.696849 52.233086, 4.701313 52.234113, 4.704607 52.234871, 4.724664 52.233278, 4.723327 52.222061, 4.723663 52.220035, 4.723836 52.218996, 4.723721 52.21741, 4.723682 52.216876, 4.723864 52.216041, 4.724679 52.212322, 4.725907 52.21169, 4.7288 52.2102, 4.732387 52.207796, 4.734218 52.20715, 4.734908 52.207705, 4.737069 52.209441, 4.743866 52.214899, 4.744493 52.214948, 4.747506 52.215181, 4.751448 52.216403, 4.753624 52.217658, 4.762017 52.21853, 4.765588 52.220935, 4.766561 52.221525, 4.771736 52.223567, 4.774015 52.224905, 4.777493 52.227593, 4.781644 52.228688, 4.786218 52.228767, 4.78938 52.228755, 4.792928 52.227715, 4.795202 52.227526, 4.795003 52.225228, 4.796887 52.224993, 4.798492 52.222058, 4.804187 52.217674, 4.802434 52.208104, 4.801564 52.202462, 4.80173 52.202234, 4.802104 52.201718, 4.812021 52.202365, 4.813305 52.200218, 4.819897 52.197102, 4.821582 52.196323, 4.822336 52.195497, 4.82287 52.193381, 4.827069 52.191011, 4.828664 52.189523, 4.83286 52.18779, 4.833293 52.187042, 4.834448 52.186512, 4.835752 52.184765, 4.842405 52.180801, 4.84327 52.181442, 4.84367 52.18174, 4.844076 52.181032, 4.850167 52.180311, 4.8537 52.179927, 4.855221 52.179912, 4.860861 52.17722, 4.868193 52.174628, 4.885299 52.165632, 4.892072 52.162913, 4.891612 52.161824, 4.873799 52.156851, 4.874361 52.142242, 4.870939 52.142022, 4.872316 52.139951, 4.87078 52.139517, 4.867198 52.139082, 4.860085 52.13867, 4.85685 52.138656, 4.854714 52.138351, 4.850821 52.140467, 4.847788 52.139929, 4.842082 52.140403, 4.840268 52.142094, 4.837686 52.141305, 4.833572 52.145191, 4.830836 52.144764, 4.83026 52.14446, 4.826893 52.143531, 4.826443 52.143408, 4.82536 52.143475, 4.823209 52.143398, 4.822257 52.14313, 4.8213 52.143328, 4.820596 52.143303, 4.817765 52.141695, 4.817226 52.141214, 4.81688 52.140616, 4.816051 52.140912, 4.813467 52.141175, 4.808871 52.138348, 4.808882 52.138049, 4.808919 52.137111, 4.80893 52.1368, 4.807862 52.136035, 4.807882 52.135768, 4.808525 52.134015, 4.809299 52.133128, 4.808612 52.132819, 4.808154 52.131887, 4.807907 52.13112, 4.808341 52.130105, 4.805826 52.128286, 4.805023 52.128124, 4.803899 52.12763, 4.803253 52.126546, 4.801721 52.126192, 4.800668 52.126324, 4.79895 52.126433, 4.793613 52.125075, 4.792841 52.12461, 4.792257 52.123451, 4.825727 52.10796, 4.825147 52.106698, 4.824978 52.106331, 4.824098 52.106193, 4.823334 52.106073, 4.823337 52.105827, 4.823358 52.104315, 4.824282 52.090653, 4.82595 52.080864, 4.827038 52.080245, 4.827429 52.080112, 4.826869 52.07675, 4.826818 52.075693, 4.830802 52.076019, 4.831374 52.075309, 4.833494 52.075615, 4.833031 52.073611, 4.834431 52.073509, 4.834168 52.073134, 4.830616 52.067436, 4.835972 52.068724, 4.84111 52.069501, 4.875638 52.069228, 4.869419 52.063823, 4.862179 52.061936, 4.855483 52.059396, 4.848341 52.058699, 4.84284 52.056225, 4.830367 52.050675, 4.81928 52.038153, 4.812619 52.034451, 4.807937 52.034134, 4.810485 52.028037, 4.799305 52.023343, 4.800102 52.021897, 4.803942 52.014926, 4.814708 52.014951, 4.818513 52.015985, 4.825021 52.017866, 4.825942 52.017817, 4.832109 52.017538, 4.835821 52.017477, 4.841269 52.017802, 4.847113 52.018964, 4.857348 52.007054, 4.853654 52.005862, 4.824659 52.001784, 4.818901 52.000922, 4.820462 51.999654, 4.828759 51.992914, 4.834609 51.988411, 4.835888 51.987426, 4.835306 51.987162, 4.833961 51.986521, 4.841483 51.980151, 4.846195 51.976179, 4.847786 51.976432, 4.853764 51.972657, 4.856638 51.970842, 4.861222 51.968785, 4.861789 51.967876, 4.866063 51.961399, 4.871177 51.955825, 4.878448 51.93969, 4.878835 51.938833, 4.895229 51.940688, 4.896331 51.940812, 4.912274 51.943276, 4.919805 51.945881, 4.929239 51.954936, 4.932374 51.958083, 4.935613 51.961332, 4.938697 51.963273, 4.938816 51.963348, 4.942937 51.964662, 4.949059 51.964812, 4.949818 51.964686, 4.957626 51.961813, 4.95894 51.96163, 4.959258 51.961587, 4.962956 51.960724, 4.966589 51.960654, 4.967325 51.960639, 4.968377 51.960811, 4.970075 51.961091, 4.976305 51.964235, 4.984951 51.972338, 4.990006 51.975444, 4.991274 51.976223, 4.99594 51.977768, 5.001523 51.978307, 5.00176 51.978317, 5.002707 51.978354, 5.008391 51.977718, 5.012095 51.975342, 5.014209 51.973975, 5.01842 51.971616, 5.018835 51.971384, 5.019494 51.971227, 5.025564 51.969779, 5.031198 51.970104, 5.031778 51.970137, 5.032015 51.970257, 5.036285 51.972421, 5.036684 51.972623, 5.037059 51.973321, 5.037876 51.974273, 5.040464 51.97871, 5.043209 51.977576, 5.043875 51.978486, 5.048031 51.977201, 5.047536 51.976145, 5.049217 51.974613, 5.054604 51.977173, 5.064983 51.965374, 5.058452 51.961021, 5.054978 51.955638, 5.076017 51.953019, 5.088422 51.95088, 5.101896 51.947032, 5.106047 51.952132, 5.135358 51.940819, 5.134013 51.938647, 5.148526 51.935247, 5.150065 51.934124, 5.148828 51.933063, 5.149369 51.930926, 5.143925 51.92654, 5.136798 51.91951, 5.13685 51.915939, 5.136659 51.915251, 5.13539 51.914956, 5.132165 51.915334, 5.119193 51.899403, 5.11715 51.899033, 5.116899 51.897773, 5.117907 51.897208, 5.11827 51.896684, 5.117045 51.893277, 5.113143 51.888808, 5.11063 51.888858, 5.106718 51.889483, 5.102621 51.889258, 5.09881 51.888543, 5.095764 51.889367, 5.093654 51.889535, 5.090849 51.889376, 5.0889 51.888904, 5.088133 51.887594, 5.088104 51.883622, 5.086678 51.881198, 5.083626 51.87868, 5.082413 51.879278, 5.080621 51.87836, 5.077809 51.877744, 5.073871 51.87618, 5.070893 51.875437, 5.062564 51.876277, 5.059073 51.875891, 5.055386 51.874367, 5.052632 51.871843, 5.052366 51.868289, 5.054648 51.866123, 5.062691 51.862682, 5.062568 51.861237, 5.060665 51.859983, 5.054406 51.859223, 5.043022 51.861313, 5.039905 51.860492, 5.027801 51.860064, 5.015465 51.860595, 5.011669 51.860271, 5.008722 51.859382, 5.006132 51.859516, 5.002394 51.86035, 4.997444 51.862763, 4.994848 51.863069, 4.994079 51.862248, 4.994592 51.861199, 4.997796 51.856648, 4.998252 51.854431, 4.998413 51.853182, 4.998748 51.852553, 4.999085 51.85183, 5.000452 51.849536, 5.000537 51.846125, 5.002894 51.845129, 5.004042 51.84624, 5.007264 51.845333, 5.008106 51.843772, 5.026186 51.842451, 5.031204 51.842104, 5.026156 51.820149, 5.01644 51.821731, 5.000698 51.821854, 4.987483 51.8214, 4.987798 51.822591, 4.971855 51.822466, 4.96942 51.822447, 4.948854 51.825574, 4.943029 51.826952, 4.933829 51.829281, 4.927697 51.82917, 4.915003 51.826816, 4.902106 51.823304, 4.885552 51.817494, 4.874616 51.811354, 4.86768 51.807341, 4.860333 51.803704, 4.852767 51.801498, 4.847349 51.800261, 4.837258 51.799143, 4.829105 51.799341, 4.815277 51.800597, 4.808089 51.800923, 4.785002 51.797675, 4.776567 51.795002, 4.775044 51.794401, 4.771584 51.793032, 4.767041 51.79252, 4.764475 51.789352, 4.762843 51.787338, 4.762329 51.786703, 4.75961 51.785489, 4.756247 51.783564, 4.755247 51.782633, 4.750066 51.779904, 4.749269 51.778038, 4.747563 51.773352, 4.747513 51.772218, 4.74408 51.770216, 4.743709 51.767147, 4.74191 51.764067, 4.739206 51.761158, 4.736095 51.75898, 4.735176 51.758459, 4.735049 51.758347, 4.729817 51.755479, 4.725875 51.753084, 4.721671 51.751219, 4.718084 51.748468, 4.712587 51.744952, 4.709494 51.744713, 4.709083 51.745183, 4.705144 51.744712, 4.70536 51.743331, 4.704819 51.743006, 4.701073 51.742906, 4.699169 51.743267, 4.699074 51.742853, 4.698708 51.741273, 4.695159 51.738533, 4.695907 51.737442, 4.682962 51.732889, 4.680187 51.732131, 4.679607 51.73495, 4.676221 51.734583, 4.672652 51.734007, 4.676253 51.731267, 4.669155 51.730023, 4.663452 51.729153, 4.658134 51.72856, 4.657254 51.729904, 4.657703 51.731057, 4.658975 51.732709, 4.660085 51.734175, 4.660803 51.735882, 4.661456 51.736897, 4.662497 51.737856, 4.66075 51.737597, 4.660578 51.738207, 4.660462 51.739007, 4.660338 51.739876, 4.66056 51.741616, 4.661753 51.742115, 4.663832 51.742421, 4.66589 51.742992, 4.666602 51.743615, 4.663861 51.743123, 4.661262 51.743161, 4.6612 51.743863, 4.661699 51.745558, 4.663085 51.746909, 4.664523 51.746903, 4.665744 51.746446, 4.668498 51.747457, 4.671617 51.748894, 4.674699 51.750274, 4.677034 51.750904, 4.680806 51.751434, 4.67831 51.752174, 4.685538 51.755824, 4.685088 51.756514, 4.682008 51.754846, 4.675967 51.752444, 4.671725 51.75083, 4.669877 51.749661, 4.664569 51.749632, 4.66665 51.751574, 4.669914 51.753276, 4.675986 51.756129, 4.674344 51.756227, 4.669055 51.75423, 4.66431 51.751451, 4.66181 51.749013, 4.656725 51.745449, 4.650484 51.741306, 4.648287 51.738132, 4.64619 51.736132, 4.646061 51.734382, 4.646036 51.73331, 4.64797 51.731019, 4.647664 51.730818, 4.641939 51.728851, 4.640367 51.727579, 4.640802 51.726322, 4.640881 51.726178, 4.63756 51.723736, 4.636569 51.723006, 4.628099 51.720903, 4.627514 51.723745, 4.627306 51.725991, 4.625225 51.726357, 4.623153 51.726724, 4.620114 51.725055, 4.618695 51.723391, 4.608917 51.719296, 4.602715 51.717195, 4.597041 51.716383, 4.591578 51.714118, 4.584766 51.712194, 4.580658 51.712482, 4.572624 51.711068, 4.567539 51.708268, 4.555034 51.70533, 4.545334 51.704645, 4.534921 51.702742, 4.530777 51.701716, 4.517947 51.703717, 4.507731 51.706715, 4.501298 51.707159, 4.493612 51.709897, 4.479764 51.713235, 4.474383 51.713907, 4.466285 51.715493, 4.461046 51.715696, 4.44876 51.716486, 4.445121 51.717733, 4.443191 51.71755, 4.439226 51.716547, 4.435763 51.718118, 4.420574 51.720219, 4.417089 51.719747, 4.406678 51.723, 4.406509 51.722753, 4.400571 51.712768, 4.396909 51.71352, 4.403871 51.724397, 4.398673 51.726028, 4.397278 51.727259, 4.384874 51.731646, 4.371661 51.736093, 4.353583 51.743071, 4.346046 51.745313, 4.340262 51.746392, 4.317409 51.752876, 4.301223 51.756394, 4.289987 51.758694, 4.271708 51.761454, 4.25532 51.76507, 4.245651 51.768182, 4.237862 51.773641, 4.229274 51.781071, 4.228838 51.784028, 4.230642 51.7886, 4.22738 51.790449, 4.22056 51.795408, 4.214208 51.800621, 4.204833 51.802485, 4.202364 51.804168, 4.193403 51.805012, 4.185057 51.805157, 4.182393 51.805598, 4.17881 51.808606, 4.174426 51.811748, 4.166831 51.818429, 4.163307 51.820218, 4.160187 51.82102, 4.159271 51.822059, 4.158352 51.8231, 4.155426 51.823587, 4.147485 51.822494, 4.143856 51.823607, 4.140474 51.823506, 4.138629 51.822023, 4.131499 51.820591, 4.117511 51.823551, 4.118038 51.825939, 4.11611 51.827544, 4.096022 51.829551, 4.088045 51.833336, 4.07439 51.843374, 4.072231 51.843613, 4.0585 51.838774, 4.049775 51.832135, 4.045403 51.82866, 4.044499 51.825014, 4.050185 51.820755, 4.056674 51.81859, 4.062831 51.814742, 4.084642 51.808403, 4.090596 51.806671, 4.106161 51.800736, 4.124918 51.794388, 4.143756 51.788986, 4.15734 51.783701, 4.170397 51.779623, 4.183781 51.77692, 4.190706 51.775577, 4.195756 51.778365, 4.192938 51.772995, 4.205881 51.765419, 4.219143 51.757595, 4.22822 51.752652, 4.231206 51.751362, 4.236513 51.749214, 4.240984 51.746767, 4.242334 51.745237, 4.248053 51.741499, 4.260839 51.73122, 4.270757 51.725001, 4.290327 51.718809, 4.297472 51.718098, 4.302229 51.716042, 4.309386 51.712218, 4.318961 51.706957, 4.328216 51.70316, 4.374663 51.703205, 4.374809 51.701431, 4.363979 51.701565, 4.36145 51.698312, 4.363322 51.693776, 4.361948 51.690493, 4.359192 51.688559, 4.364557 51.684027, 4.364642 51.680995, 4.360289 51.674967, 4.355067 51.671227, 4.342513 51.66746, 4.33074 51.663816, 4.317186 51.661589, 4.30319 51.660295, 4.298042 51.66052, 4.291289 51.65977, 4.275554 51.657023, 4.267927 51.658194, 4.250022 51.662097, 4.246362 51.662029, 4.236828 51.665793, 4.235049 51.666228, 4.233981 51.668805, 4.228547 51.672395, 4.209435 51.677721, 4.194989 51.680138, 4.189963 51.683818, 4.169228 51.684142, 4.164719 51.687289, 4.160424 51.685293, 4.158073 51.683245, 4.156298 51.681806, 4.154596 51.68361, 4.157102 51.685251, 4.162802 51.689068, 4.157841 51.694967, 4.154888 51.697448, 4.151894 51.698632, 4.147561 51.699957, 4.133923 51.70329, 4.128872 51.70616, 4.117618 51.707813, 4.112491 51.708567, 4.091707 51.707813, 4.088244 51.709426, 4.081722 51.709001, 4.076632 51.709474, 4.070088 51.708778, 4.060275 51.711885, 4.058597 51.715012, 4.056038 51.724135, 4.054958 51.724886, 4.059884 51.729537, 4.06042 51.734818, 4.055436 51.748873, 4.050721 51.755885, 4.046379 51.763853, 4.046368 51.768074, 4.038689 51.769876, 4.034968 51.770825, 4.032984 51.7729, 4.033937 51.77592, 4.031713 51.777962, 4.028946 51.77982, 4.027739 51.785609, 4.024767 51.787151, 4.017972 51.789267, 4.013356 51.796827, 4.010227 51.801991, 4.008297 51.800618, 4.001103 51.803825, 3.996187 51.806178, 3.991736 51.805747, 3.987371 51.802939, 3.982875 51.801931, 3.971359 51.801791, 3.968108 51.804239, 3.958062 51.804743, 3.950905 51.804368, 3.946232 51.80183, 3.936219 51.798715, 3.926491 51.798344, 3.912783 51.796353, 3.913483 51.79483, 3.907839 51.793103, 3.903559 51.792971, 3.897774 51.794207, 3.891371 51.792824, 3.89008 51.790205, 3.894317 51.786957, 3.89448 51.785142, 3.893198 51.783581, 3.885809 51.780726, 3.880639 51.780128, 3.870468 51.781914, 3.859233 51.765207, 3.853143 51.757014, 3.845867 51.758327, 3.835772 51.754955, 3.830967 51.752298, 3.828733 51.749488, 3.824364 51.749963, 3.825453 51.753355, 3.828993 51.755757, 3.834527 51.758675, 3.849166 51.762582, 3.855047 51.766247, 3.865 51.780831, 3.865657 51.786721, 3.864411 51.789551, 3.857096 51.800271, 3.85546 51.805514, 3.855434 51.810428, 3.857854 51.813783, 3.866862 51.819889, 3.87417 51.822628, 3.881959 51.822735, 3.891137 51.825146, 3.901776 51.826586, 3.917104 51.829334, 3.935678 51.833688, 3.944182 51.836004, 3.98471 51.84528, 4.000055 51.844362, 4.008754 51.844374, 4.020209 51.843717, 4.021931 51.842884, 4.019829 51.842084, 4.019852 51.8397, 4.013063 51.841197, 4.013332 51.838106, 4.016604 51.835732, 4.024051 51.831316, 4.028467 51.83003, 4.03126 51.831348, 4.038761 51.829178, 4.040889 51.829427, 4.047666 51.834001, 4.06036 51.842585, 4.064737 51.844326, 4.066678 51.846116, 4.067362 51.848869, 4.066793 51.851938, 4.06453 51.855203, 4.06221 51.856604, 4.046634 51.873298, 4.031812 51.884831, 4.030389 51.888378, 4.031203 51.891745, 4.033707 51.894917, 4.040358 51.901363, 4.045938 51.907413, 4.049301 51.912675, 4.050809 51.915539, 4.053816 51.91678, 4.053325 51.917817, 4.051951 51.918649, 4.048323 51.920843, 4.040889 51.92342, 4.035842 51.921061, 4.037147 51.916327, 4.030805 51.918413, 4.023732 51.921496, 4.003399 51.917085, 3.991478 51.918959, 3.987664 51.921935, 3.990016 51.928582, 4.01601 51.953494, 4.009236 51.962733, 4.010438 51.974061, 4.019461 51.97861, 4.026211 51.980421, 4.030011 51.982794, 4.032418 51.984075, 4.03341 51.985082, 4.037058 51.985282, 4.041433 51.98493, 4.041699 51.98488, 4.04239 51.98477, 4.045845 51.983758, 4.047689 51.983928, 4.058287 51.981817, 4.060009 51.981926, 4.073038 51.978813, 4.075864 51.977734, 4.077386 51.976854, 4.079955 51.975458, 4.096996 51.984964, 4.098383 51.986616, 4.113005 51.992843, 4.122164 51.998016, 4.128009 52.0014, 4.131546 52.003285, 4.134794 52.006637, 4.138322 52.008747, 4.147706 52.017566, 4.15203 52.021557, 4.154957 52.02354, 4.166418 52.032887, 4.16887 52.033861, 4.174729 52.037989, 4.177799 52.040514, 4.1922 52.05109, 4.198289 52.055108, 4.200317 52.056328, 4.202129 52.057771, 4.203118 52.058541, 4.205488 52.060247, 4.209596 52.062921, 4.217161 52.068529, 4.224295 52.073787, 4.233558 52.080619, 4.237424 52.082915, 4.240463 52.084857, 4.243794 52.087463, 4.251043 52.09281, 4.256875 52.097268, 4.258787 52.099201, 4.260299 52.099892, 4.260847 52.099162, 4.259263 52.098782, 4.25974 52.098034, 4.261242 52.098257, 4.262271 52.097826, 4.263231 52.098111, 4.264105 52.097907, 4.264921 52.098597, 4.26381 52.099021, 4.264562 52.09957, 4.266965 52.098248, 4.263404 52.095894, 4.264371 52.095411, 4.27194 52.100498, 4.270924 52.100969, 4.267448 52.09858, 4.26552 52.099642, 4.269022 52.102148, 4.267268 52.102917, 4.263633 52.100246, 4.263752 52.099805, 4.262575 52.099427, 4.261094 52.100481, 4.262991 52.102331, 4.266981 52.10495, 4.269435 52.10644, 4.270636 52.107225, 4.272637 52.108336, 4.27284 52.108831, 4.272979 52.10929, 4.277077 52.112013, 4.281686 52.115176, 4.284859 52.117435, 4.291141 52.12046, 4.295367 52.12304, 4.300109 52.126192, 4.304361 52.128819, 4.316618 52.138668, 4.346608 52.163134, 4.351143 52.167266, 4.355443 52.170405, 4.374905 52.187801, 4.38405 52.196922, 4.398408 52.212846, 4.406152 52.220634, 4.42432 52.24062, 4.437729 52.256122, 4.448281 52.268564, 4.492666 52.329575, 4.497745 52.328297, 4.543233 52.315882, 4.546938 52.314823)), ((4.336216 51.727151, 4.328706 51.726961, 4.315818 51.727655, 4.302011 51.731152, 4.270834 51.744276, 4.260592 51.748425, 4.257884 51.749915, 4.256993 51.751773, 4.261814 51.754863, 4.264507 51.755255, 4.270781 51.7545, 4.288995 51.752172, 4.301662 51.749899, 4.316935 51.746792, 4.333893 51.741678, 4.346313 51.738933, 4.353068 51.737731, 4.357092 51.735879, 4.358132 51.734345, 4.357445 51.732612, 4.348402 51.731015, 4.336216 51.727151)))",
            "level": 1,
            "name": "Zuid-Holland"
        },
        "model": "studyarea.area",
        "pk": 9
    },
    {
        "fields": {
            "casestudy": 7,
            "code": "8",
            "content_type": 42,
            "geom": "SRID=4326;MULTIPOLYGON (((5.054846 52.940503, 5.05346 52.938296, 5.050456 52.938539, 5.042282 52.934516, 5.039552 52.932167, 5.038826 52.927893, 5.036344 52.923076, 5.039186 52.922835, 5.048535 52.925601, 5.074639 52.894619, 5.077316 52.894286, 5.080187 52.890992, 5.079372 52.889126, 5.114654 52.847162, 5.113299 52.835426, 5.104865 52.776454, 5.113307 52.775746, 5.117203 52.770325, 5.118827 52.76525, 5.118906 52.762987, 5.121497 52.758368, 5.122538 52.756746, 5.132496 52.752006, 5.140618 52.746811, 5.151863 52.738715, 5.165581 52.738306, 5.169548 52.738622, 5.179264 52.742204, 5.186708 52.748924, 5.193172 52.756305, 5.210783 52.755966, 5.223501 52.754917, 5.226123 52.753561, 5.249025 52.748021, 5.25239 52.749549, 5.255496 52.75, 5.261199 52.750834, 5.262656 52.748834, 5.25912 52.747432, 5.273017 52.747124, 5.278599 52.744513, 5.281764 52.743877, 5.284213 52.743263, 5.284484 52.740438, 5.287069 52.737833, 5.287191 52.73383, 5.284819 52.733758, 5.284731 52.731653, 5.287635 52.729438, 5.285584 52.72876, 5.285673 52.723063, 5.289493 52.715473, 5.297632 52.711172, 5.30249 52.709051, 5.299165 52.70693, 5.298364 52.703233, 5.291037 52.698785, 5.280472 52.696574, 5.284992 52.694029, 5.288599 52.692615, 5.29423 52.693592, 5.298184 52.693721, 5.300966 52.693355, 5.353312 52.679292, 5.358529 52.677574, 5.361906 52.675937, 5.398623 52.652212, 5.40259 52.649122, 5.40629 52.645488, 5.404387 52.643884, 5.398143 52.649962, 5.363153 52.672805, 5.358974 52.675528, 5.354564 52.677428, 5.300906 52.692052, 5.296416 52.692374, 5.287506 52.690606, 5.282418 52.692722, 5.280124 52.692809, 5.272743 52.688874, 5.265391 52.688816, 5.259187 52.687857, 5.249223 52.687039, 5.24665 52.68637, 5.245946 52.683063, 5.244744 52.682431, 5.243138 52.673666, 5.239798 52.672013, 5.238354 52.665306, 5.236219 52.65813, 5.232411 52.656109, 5.230466 52.653611, 5.222014 52.65113, 5.220409 52.650827, 5.218971 52.650024, 5.218572 52.649759, 5.216587 52.648542, 5.214943 52.647914, 5.207291 52.645773, 5.206756 52.645446, 5.206677 52.64487, 5.206184 52.644493, 5.205033 52.644066, 5.202814 52.642935, 5.200988 52.641455, 5.200152 52.639324, 5.198964 52.637806, 5.198461 52.637632, 5.197957 52.637529, 5.190627 52.63783, 5.189927 52.637716, 5.188857 52.637414, 5.186943 52.637248, 5.186284 52.637272, 5.185875 52.636996, 5.181061 52.636261, 5.178674 52.635539, 5.172826 52.632872, 5.165944 52.62867, 5.161028 52.625818, 5.159727 52.624241, 5.150158 52.624744, 5.148622 52.624245, 5.146993 52.623676, 5.146069 52.624097, 5.128476 52.620871, 5.125259 52.623153, 5.126144 52.624877, 5.127994 52.625894, 5.128787 52.627445, 5.12722 52.628138, 5.125069 52.630963, 5.121647 52.633082, 5.121183 52.634353, 5.111872 52.633224, 5.109137 52.632478, 5.10813 52.633461, 5.106876 52.633031, 5.101499 52.634992, 5.100922 52.636197, 5.097014 52.638363, 5.092654 52.64177, 5.09087 52.644042, 5.08243 52.643331, 5.079726 52.64219, 5.078373 52.642739, 5.074952 52.642161, 5.075816 52.64068, 5.066498 52.634659, 5.063136 52.633667, 5.055882 52.635103, 5.055843 52.637125, 5.057457 52.638724, 5.053584 52.641934, 5.05161 52.642862, 5.046893 52.642808, 5.042628 52.640975, 5.040656 52.639743, 5.039043 52.6375, 5.035116 52.637527, 5.0307 52.636705, 5.026926 52.634424, 5.022363 52.633187, 5.019322 52.631101, 5.017311 52.626787, 5.017694 52.620034, 5.020611 52.613625, 5.020438 52.612443, 5.019586 52.611371, 5.021083 52.610427, 5.019841 52.609032, 5.019895 52.607691, 5.023135 52.605367, 5.021553 52.604236, 5.02172 52.602791, 5.02373 52.602789, 5.024396 52.600544, 5.02033 52.59674, 5.022081 52.594902, 5.029133 52.58622, 5.028138 52.584723, 5.030598 52.58297, 5.029975 52.581796, 5.033292 52.574495, 5.031105 52.569081, 5.042966 52.562578, 5.043435 52.559323, 5.050038 52.552989, 5.055033 52.546085, 5.054317 52.541425, 5.054686 52.540269, 5.055866 52.539043, 5.058011 52.538398, 5.063178 52.530883, 5.06486 52.529732, 5.066518 52.524059, 5.069954 52.521872, 5.072137 52.519541, 5.076158 52.520155, 5.074377 52.518644, 5.0747 52.516546, 5.080812 52.514565, 5.081654 52.512939, 5.083951 52.508658, 5.086165 52.504914, 5.081525 52.501142, 5.07813 52.496584, 5.078423 52.495426, 5.072144 52.492565, 5.069566 52.490476, 5.065739 52.490975, 5.064711 52.490891, 5.064521 52.491627, 5.062909 52.491204, 5.06231 52.489583, 5.060687 52.489024, 5.060416 52.488128, 5.059722 52.485813, 5.059511 52.48511, 5.060982 52.478523, 5.064807 52.476465, 5.069535 52.469982, 5.064011 52.4682, 5.057097 52.468718, 5.050839 52.470039, 5.046907 52.468647, 5.041403 52.466325, 5.034751 52.467956, 5.033958 52.467165, 5.034511 52.465335, 5.039364 52.464542, 5.039445 52.461726, 5.045887 52.461543, 5.052477 52.463878, 5.055195 52.46251, 5.048985 52.45667, 5.048359 52.450336, 5.049521 52.449186, 5.051136 52.446312, 5.04936 52.44399, 5.049008 52.441783, 5.054682 52.440496, 5.058088 52.440933, 5.059308 52.43991, 5.063913 52.439128, 5.066346 52.440531, 5.071063 52.439864, 5.073817 52.438944, 5.075782 52.439013, 5.079022 52.438599, 5.086978 52.438103, 5.087859 52.436183, 5.093098 52.442079, 5.094293 52.44954, 5.093618 52.450102, 5.092661 52.453081, 5.094458 52.454103, 5.094907 52.45523, 5.098202 52.457332, 5.101029 52.463205, 5.100785 52.465527, 5.102507 52.468435, 5.094236 52.488336, 5.096128 52.488302, 5.103855 52.468618, 5.106721 52.468756, 5.112155 52.46573, 5.114327 52.463143, 5.13319 52.464524, 5.137666 52.463097, 5.137159 52.461039, 5.127682 52.459446, 5.121444 52.456219, 5.112698 52.455292, 5.106313 52.45103, 5.100134 52.451251, 5.097381 52.449953, 5.095566 52.449516, 5.094613 52.442963, 5.093436 52.439654, 5.087375 52.432964, 5.086383 52.43309, 5.088347 52.435332, 5.087055 52.435505, 5.085258 52.435345, 5.083125 52.432908, 5.077474 52.430748, 5.073568 52.426265, 5.073964 52.42185, 5.069121 52.418367, 5.06888 52.416918, 5.067554 52.414447, 5.057056 52.415343, 5.051857 52.41347, 5.047189 52.407733, 5.039129 52.405662, 5.032476 52.401672, 5.029565 52.398601, 5.026736 52.391174, 5.025434 52.388622, 5.019751 52.387367, 5.017624 52.385251, 5.013493 52.384721, 5.013171 52.378099, 5.012039 52.37496, 5.008734 52.373487, 5.001736 52.376048, 4.999859 52.379046, 4.989542 52.378213, 4.983625 52.374748, 4.980055 52.374677, 4.980213 52.370231, 4.963673 52.369671, 4.961091 52.36754, 4.960455 52.365553, 4.968568 52.362461, 4.974203 52.362137, 4.978364 52.365202, 4.98115 52.364202, 4.981572 52.365532, 4.983397 52.365273, 4.985295 52.366448, 4.990256 52.364924, 4.986206 52.361724, 4.987861 52.361038, 4.993997 52.363821, 4.997307 52.362451, 4.99558 52.361383, 5.00656 52.355947, 5.008742 52.35452, 5.00924 52.357018, 5.013842 52.356767, 5.015068 52.355336, 5.016885 52.355873, 5.01566 52.357145, 5.017651 52.357682, 5.014917 52.362933, 5.018734 52.363051, 5.018116 52.36443, 5.006654 52.365085, 5.005516 52.366356, 5.029788 52.369672, 5.027823 52.365894, 5.025397 52.365409, 5.02417 52.366999, 5.021658 52.366354, 5.021761 52.364388, 5.019852 52.364382, 5.020035 52.363161, 5.038688 52.363696, 5.038281 52.360295, 5.039183 52.355888, 5.028266 52.353996, 5.024721 52.352498, 5.021442 52.351076, 5.019563 52.352277, 5.015951 52.350106, 5.013376 52.347938, 5.009729 52.345482, 5.012513 52.345153, 5.015018 52.344978, 5.019366 52.348612, 5.027866 52.349624, 5.033778 52.346352, 5.034545 52.343453, 5.028402 52.339801, 5.030654 52.335629, 5.03526 52.334575, 5.042074 52.335487, 5.054948 52.338944, 5.060106 52.339066, 5.068767 52.337829, 5.077253 52.341061, 5.089407 52.340261, 5.093595 52.34009, 5.099608 52.337448, 5.102756 52.335834, 5.107389 52.332786, 5.112307 52.331309, 5.124112 52.330429, 5.125614 52.326006, 5.128889 52.325772, 5.130667 52.324482, 5.133041 52.324569, 5.136817 52.326137, 5.138646 52.325573, 5.14345 52.321081, 5.151377 52.3136, 5.160014 52.30916, 5.161252 52.306688, 5.172155 52.305012, 5.180017 52.305686, 5.184427 52.307583, 5.194827 52.309847, 5.201591 52.309786, 5.22042 52.311603, 5.228288 52.312502, 5.232334 52.312987, 5.238377 52.312948, 5.24538 52.312689, 5.248901 52.317896, 5.249854 52.31687, 5.249334 52.314953, 5.254464 52.309344, 5.256466 52.307662, 5.260146 52.306939, 5.264124 52.308042, 5.265633 52.307039, 5.274288 52.305371, 5.275232 52.304939, 5.277349 52.303972, 5.281639 52.301647, 5.288271 52.298874, 5.295094 52.291178, 5.29573 52.287868, 5.30078 52.284084, 5.302147 52.282161, 5.304785 52.279552, 5.30501 52.279403, 5.305589 52.279017, 5.304672 52.278297, 5.265345 52.282645, 5.244052 52.255906, 5.245125 52.255326, 5.245688 52.255143, 5.223374 52.226822, 5.22343 52.22581, 5.223656 52.223918, 5.218876 52.213083, 5.218375 52.212117, 5.216523 52.207374, 5.216579 52.206925, 5.21554 52.205366, 5.192664 52.179077, 5.17347 52.180116, 5.154634 52.181133, 5.124794 52.182417, 5.115957 52.18095, 5.095818 52.176861, 5.094892 52.177854, 5.091176 52.176981, 5.091849 52.176054, 5.049823 52.167505, 5.046457 52.166725, 5.042184 52.185003, 5.033072 52.185478, 5.035615 52.191237, 5.037104 52.194933, 5.03877 52.196319, 5.037391 52.199823, 5.033423 52.199703, 5.025874 52.202642, 5.021255 52.202661, 5.024827 52.204193, 5.025717 52.205151, 5.035654 52.203376, 5.036774 52.206013, 5.034485 52.206856, 5.036046 52.210599, 5.033551 52.21142, 5.034858 52.216564, 5.03711 52.220437, 5.037713 52.227385, 5.040883 52.228902, 5.040625 52.230983, 5.058404 52.235898, 5.059711 52.237907, 5.058966 52.237708, 5.053956 52.242358, 5.053712 52.242611, 5.045264 52.251459, 5.043689 52.25627, 5.042381 52.257424, 5.040397 52.257497, 5.03984 52.257099, 5.037209 52.253956, 5.035318 52.253785, 5.031973 52.256483, 5.031215 52.258049, 5.03273 52.260106, 5.032716 52.261743, 5.028573 52.263989, 5.027293 52.265161, 5.027891 52.267491, 5.026664 52.269205, 5.024445 52.271353, 5.023289 52.273241, 5.024031 52.273889, 5.028672 52.272809, 5.030688 52.27277, 5.032118 52.273939, 5.033914 52.276067, 5.042915 52.278645, 5.04527 52.278479, 5.048451 52.277568, 5.05009 52.278253, 5.050465 52.280559, 5.051106 52.282314, 5.055169 52.283596, 5.059957 52.285513, 5.06257 52.285648, 5.063324 52.284844, 5.063037 52.283228, 5.063691 52.282132, 5.066198 52.280955, 5.065588 52.283256, 5.065536 52.285571, 5.063823 52.28773, 5.059927 52.289894, 5.056535 52.288891, 5.052665 52.287046, 5.050472 52.288224, 5.047727 52.285496, 5.043185 52.283509, 5.04107 52.284285, 5.039766 52.283773, 5.036505 52.285903, 5.033209 52.28725, 5.030918 52.289246, 5.024991 52.282496, 5.021752 52.283889, 5.021221 52.303491, 5.018744 52.303753, 5.016446 52.304196, 5.014197 52.304652, 5.013007 52.304856, 5.012242 52.304623, 5.010082 52.30275, 5.006896 52.300288, 5.0041 52.298621, 5.001819 52.29419, 4.998472 52.290013, 4.995177 52.290198, 4.983911 52.291142, 4.972179 52.285287, 4.970318 52.284127, 4.967869 52.280209, 4.961792 52.278951, 4.957529 52.279383, 4.955619 52.278948, 4.951501 52.278748, 4.947122 52.27963, 4.942927 52.278805, 4.940208 52.279878, 4.937779 52.279995, 4.933711 52.281453, 4.929258 52.280224, 4.926645 52.280063, 4.926934 52.277389, 4.927633 52.274879, 4.926979 52.273043, 4.9298 52.269204, 4.924944 52.267339, 4.923284 52.26355, 4.918342 52.262964, 4.918598 52.259967, 4.917739 52.258165, 4.9141 52.256178, 4.910917 52.253536, 4.908712 52.253698, 4.905502 52.254098, 4.902805 52.254433, 4.899786 52.25216, 4.89875 52.252331, 4.896047 52.252777, 4.895624 52.252929, 4.891803 52.254299, 4.888749 52.252512, 4.888174 52.252257, 4.885897 52.252235, 4.883915 52.254255, 4.882378 52.254779, 4.877952 52.253838, 4.877108 52.253659, 4.874815 52.252641, 4.873992 52.252275, 4.872096 52.252066, 4.871777 52.252342, 4.870757 52.253222, 4.869541 52.254273, 4.868049 52.252815, 4.866213 52.252398, 4.860426 52.249258, 4.857176 52.24875, 4.856088 52.247341, 4.855911 52.24711, 4.85455 52.245816, 4.854042 52.243138, 4.850806 52.243004, 4.850738 52.242653, 4.850471 52.241269, 4.850912 52.240524, 4.849946 52.239604, 4.84691 52.240648, 4.845059 52.238401, 4.842161 52.238034, 4.841644 52.236109, 4.838332 52.236295, 4.835282 52.234781, 4.834305 52.233929, 4.831616 52.233356, 4.829049 52.231891, 4.827179 52.231172, 4.823653 52.230604, 4.819854 52.229513, 4.817305 52.229565, 4.814329 52.22822, 4.807916 52.227844, 4.805468 52.228776, 4.803479 52.228705, 4.801037 52.227657, 4.796651 52.227406, 4.795202 52.227526, 4.792928 52.227715, 4.78938 52.228755, 4.786218 52.228767, 4.781644 52.228688, 4.777493 52.227593, 4.774015 52.224905, 4.771736 52.223567, 4.766561 52.221525, 4.765588 52.220935, 4.762017 52.21853, 4.753624 52.217658, 4.751448 52.216403, 4.747506 52.215181, 4.744493 52.214948, 4.743866 52.214899, 4.737069 52.209441, 4.734908 52.207705, 4.734218 52.20715, 4.732387 52.207796, 4.7288 52.2102, 4.725907 52.21169, 4.724679 52.212322, 4.723864 52.216041, 4.723682 52.216876, 4.723721 52.21741, 4.723836 52.218996, 4.723663 52.220035, 4.723327 52.222061, 4.724664 52.233278, 4.704607 52.234871, 4.701313 52.234113, 4.696849 52.233086, 4.68645 52.227584, 4.684384 52.227335, 4.679738 52.226839, 4.674759 52.226309, 4.672952 52.228842, 4.671899 52.229617, 4.670222 52.231122, 4.669941 52.231373, 4.664637 52.228313, 4.658458 52.227209, 4.653867 52.225183, 4.647605 52.222136, 4.644667 52.221606, 4.64177 52.220855, 4.633136 52.217145, 4.626908 52.216498, 4.623214 52.21629, 4.619013 52.2156, 4.603958 52.215539, 4.598791 52.216739, 4.58851 52.219232, 4.583699 52.220135, 4.582656 52.219973, 4.573127 52.218298, 4.55891 52.220122, 4.556815 52.220673, 4.554271 52.22366, 4.550642 52.227374, 4.551473 52.228613, 4.554952 52.232483, 4.556092 52.233046, 4.561149 52.233955, 4.562374 52.23442, 4.563167 52.235395, 4.564798 52.240536, 4.565608 52.243088, 4.567905 52.251292, 4.569899 52.260995, 4.568995 52.262756, 4.567718 52.268138, 4.568254 52.269273, 4.572411 52.271743, 4.588398 52.280997, 4.590877 52.286486, 4.596051 52.292327, 4.596547 52.296069, 4.602869 52.305282, 4.610408 52.311569, 4.611432 52.312735, 4.611398 52.314366, 4.595676 52.318381, 4.589752 52.318448, 4.583797 52.319111, 4.581274 52.319056, 4.573576 52.316294, 4.569233 52.31727, 4.56339 52.310121, 4.546938 52.314823, 4.543233 52.315882, 4.497745 52.328297, 4.492666 52.329575, 4.525784 52.37927, 4.536106 52.395107, 4.541135 52.402691, 4.544514 52.407786, 4.553977 52.421739, 4.562297 52.437562, 4.563361 52.440612, 4.563714 52.443379, 4.56281 52.447657, 4.562323 52.450969, 4.561519 52.454077, 4.560313 52.457104, 4.557216 52.462416, 4.55579 52.462761, 4.553181 52.462157, 4.549227 52.461242, 4.540822 52.459332, 4.539791 52.459172, 4.538964 52.459163, 4.538854 52.459163, 4.538775 52.459171, 4.537929 52.459265, 4.537199 52.459511, 4.53586 52.460346, 4.534468 52.46148, 4.533065 52.462929, 4.532695 52.463605, 4.53239 52.464206, 4.532262 52.464542, 4.532228 52.464657, 4.532181 52.464819, 4.532267 52.464999, 4.53228 52.465025, 4.532544 52.465107, 4.532565 52.465113, 4.532642 52.465099, 4.532956 52.465222, 4.537243 52.466725, 4.542461 52.468593, 4.542472 52.468618, 4.542557 52.468828, 4.542652 52.469015, 4.542777 52.469262, 4.543086 52.469494, 4.543523 52.469663, 4.54427 52.469837, 4.546523 52.470345, 4.547967 52.470642, 4.548208 52.470651, 4.548724 52.470674, 4.549504 52.470624, 4.551295 52.470332, 4.553811 52.469982, 4.555915 52.469628, 4.558154 52.46928, 4.559369 52.469271, 4.562072 52.469155, 4.565741 52.469107, 4.56637 52.469125, 4.566396 52.469149, 4.567089 52.469815, 4.567383 52.470146, 4.567693 52.470758, 4.567737 52.470845, 4.568325 52.471844, 4.569029 52.472772, 4.569638 52.473474, 4.570947 52.474986, 4.572314 52.475879, 4.57678 52.481311, 4.579759 52.486191, 4.582394 52.490191, 4.587066 52.499368, 4.59345 52.515843, 4.598488 52.532297, 4.603879 52.550579, 4.606452 52.559145, 4.610512 52.574021, 4.611664 52.581201, 4.613631 52.586573, 4.615582 52.598279, 4.617885 52.611584, 4.620193 52.624856, 4.622443 52.640286, 4.626119 52.662077, 4.630276 52.676661, 4.633055 52.687152, 4.633037 52.692746, 4.636091 52.709487, 4.639065 52.726605, 4.639982 52.72981, 4.641312 52.734453, 4.641727 52.735444, 4.643874 52.740145, 4.645059 52.744822, 4.645287 52.746892, 4.64909 52.758749, 4.649122 52.758805, 4.655798 52.77016, 4.663853 52.782803, 4.670419 52.793885, 4.675624 52.802917, 4.692609 52.84391, 4.700784 52.864437, 4.70601 52.878159, 4.708848 52.882408, 4.709319 52.884441, 4.71241 52.902643, 4.712863 52.918832, 4.714079 52.932704, 4.714565 52.938988, 4.716483 52.946044, 4.720003 52.952462, 4.726045 52.958764, 4.730027 52.962866, 4.732032 52.963853, 4.743182 52.965308, 4.749079 52.965415, 4.755723 52.964717, 4.759722 52.965887, 4.76261 52.966296, 4.780929 52.966576, 4.781369 52.965589, 4.782886 52.965639, 4.784655 52.967163, 4.785599 52.966998, 4.784214 52.965677, 4.785422 52.964102, 4.784005 52.963216, 4.781675 52.963378, 4.779232 52.962315, 4.776453 52.962844, 4.774839 52.961376, 4.778364 52.957647, 4.780225 52.957912, 4.779113 52.959476, 4.781792 52.959907, 4.783364 52.957381, 4.785286 52.957873, 4.786234 52.95543, 4.79474 52.956357, 4.793401 52.959168, 4.798715 52.960776, 4.797475 52.962731, 4.795273 52.962456, 4.795409 52.961516, 4.79419 52.961099, 4.791994 52.963733, 4.79029 52.963926, 4.795982 52.965292, 4.802166 52.965556, 4.804277 52.960082, 4.801975 52.953648, 4.79441 52.946258, 4.792506 52.943361, 4.79318 52.936819, 4.794524 52.934361, 4.795746 52.931275, 4.808842 52.914072, 4.811728 52.912234, 4.875565 52.888807, 4.878046 52.889247, 4.908109 52.894578, 4.910249 52.896659, 4.920469 52.9006, 4.933689 52.90389, 4.939945 52.905827, 4.953912 52.91692, 4.957624 52.921349, 4.958061 52.925551, 4.969423 52.931363, 4.979098 52.932502, 4.988128 52.93286, 4.996936 52.935572, 5.003227 52.937074, 5.012096 52.935384, 5.024039 52.936491, 5.031592 52.939164, 5.037902 52.93518, 5.049222 52.939772, 5.048809 52.941768, 5.053635 52.942056, 5.089602 52.961103, 5.163598 52.999513, 5.163804 52.997795, 5.091233 52.959879, 5.054846 52.940503)), ((4.878497 53.159087, 4.881201 53.15642, 4.886558 53.15709, 4.897761 53.14853, 4.901782 53.142959, 4.902508 53.140029, 4.900997 53.126339, 4.898859 53.102182, 4.899876 53.096377, 4.901355 53.088798, 4.900364 53.083751, 4.897243 53.078969, 4.889697 53.074048, 4.881222 53.071757, 4.878679 53.067858, 4.873921 53.065909, 4.874177 53.057567, 4.872758 53.055514, 4.861921 53.048774, 4.856945 53.042072, 4.853619 53.041099, 4.849801 53.036263, 4.845771 53.034126, 4.839466 53.031976, 4.832635 53.03093, 4.820442 53.030423, 4.810666 53.023541, 4.812458 53.022634, 4.813569 53.02102, 4.807309 53.016945, 4.802312 53.016743, 4.802283 53.015265, 4.795734 53.010787, 4.793388 53.007648, 4.797363 53.006603, 4.793544 53.003356, 4.786952 53.002105, 4.782331 53.004423, 4.777769 53.002531, 4.774069 52.997407, 4.765082 52.9982, 4.753971 52.995579, 4.754142 52.99439, 4.757795 52.993928, 4.754426 52.992653, 4.739756 52.992383, 4.732972 52.988449, 4.727625 52.987494, 4.723966 52.988151, 4.71858 52.991786, 4.713907 52.997833, 4.710712 53.004435, 4.708757 53.013032, 4.708474 53.023137, 4.710196 53.036836, 4.714034 53.046805, 4.717 53.057932, 4.724364 53.070633, 4.740397 53.089154, 4.755764 53.104367, 4.770612 53.118315, 4.792052 53.138844, 4.804684 53.15016, 4.808162 53.154947, 4.815969 53.162717, 4.822157 53.168448, 4.830011 53.174807, 4.849112 53.184174, 4.856919 53.185431, 4.86436 53.182159, 4.86995 53.176506, 4.877345 53.167275, 4.878497 53.159087)))",
            "level": 1,
            "name": "Noord-Holland"
        },
        "model": "studyarea.area",
        "pk": 8
    },
    {
        "fields": {
            "casestudy": 7,
            "code": "7",
            "content_type": 42,
            "geom": "SRID=4326;MULTIPOLYGON (((5.021221 52.303491, 5.021752 52.283889, 5.024991 52.282496, 5.030918 52.289246, 5.033209 52.28725, 5.036505 52.285903, 5.039766 52.283773, 5.04107 52.284285, 5.043185 52.283509, 5.047727 52.285496, 5.050472 52.288224, 5.052665 52.287046, 5.056535 52.288891, 5.059927 52.289894, 5.063823 52.28773, 5.065536 52.285571, 5.065588 52.283256, 5.066198 52.280955, 5.063691 52.282132, 5.063037 52.283228, 5.063324 52.284844, 5.06257 52.285648, 5.059957 52.285513, 5.055169 52.283596, 5.051106 52.282314, 5.050465 52.280559, 5.05009 52.278253, 5.048451 52.277568, 5.04527 52.278479, 5.042915 52.278645, 5.033914 52.276067, 5.032118 52.273939, 5.030688 52.27277, 5.028672 52.272809, 5.024031 52.273889, 5.023289 52.273241, 5.024445 52.271353, 5.026664 52.269205, 5.027891 52.267491, 5.027293 52.265161, 5.028573 52.263989, 5.032716 52.261743, 5.03273 52.260106, 5.031215 52.258049, 5.031973 52.256483, 5.035318 52.253785, 5.037209 52.253956, 5.03984 52.257099, 5.040397 52.257497, 5.042381 52.257424, 5.043689 52.25627, 5.045264 52.251459, 5.053712 52.242611, 5.053956 52.242358, 5.058966 52.237708, 5.059711 52.237907, 5.058404 52.235898, 5.040625 52.230983, 5.040883 52.228902, 5.037713 52.227385, 5.03711 52.220437, 5.034858 52.216564, 5.033551 52.21142, 5.036046 52.210599, 5.034485 52.206856, 5.036774 52.206013, 5.035654 52.203376, 5.025717 52.205151, 5.024827 52.204193, 5.021255 52.202661, 5.025874 52.202642, 5.033423 52.199703, 5.037391 52.199823, 5.03877 52.196319, 5.037104 52.194933, 5.035615 52.191237, 5.033072 52.185478, 5.042184 52.185003, 5.046457 52.166725, 5.049823 52.167505, 5.091849 52.176054, 5.091176 52.176981, 5.094892 52.177854, 5.095818 52.176861, 5.115957 52.18095, 5.124794 52.182417, 5.154634 52.181133, 5.17347 52.180116, 5.192664 52.179077, 5.21554 52.205366, 5.216579 52.206925, 5.216523 52.207374, 5.218375 52.212117, 5.218876 52.213083, 5.223656 52.223918, 5.22343 52.22581, 5.223374 52.226822, 5.245688 52.255143, 5.245125 52.255326, 5.244052 52.255906, 5.265345 52.282645, 5.304672 52.278297, 5.305589 52.279017, 5.312306 52.274547, 5.317262 52.275137, 5.321372 52.273718, 5.327279 52.274618, 5.331765 52.274191, 5.332932 52.27408, 5.339942 52.271575, 5.352346 52.269876, 5.357934 52.270737, 5.359911 52.269535, 5.361411 52.269043, 5.363233 52.26961, 5.367905 52.267316, 5.371585 52.264046, 5.375282 52.260765, 5.382756 52.259374, 5.386192 52.254948, 5.401984 52.248483, 5.405131 52.248127, 5.394503 52.221827, 5.408031 52.214938, 5.409914 52.219739, 5.422272 52.213373, 5.432451 52.207861, 5.436715 52.206202, 5.437411 52.206576, 5.439694 52.205586, 5.440892 52.206788, 5.441851 52.206681, 5.440717 52.205719, 5.441238 52.204916, 5.439455 52.203255, 5.439678 52.19881, 5.440977 52.198157, 5.4406 52.19666, 5.439703 52.195837, 5.439594 52.191559, 5.437623 52.186472, 5.439419 52.185251, 5.440522 52.174346, 5.438909 52.173966, 5.440891 52.170991, 5.444112 52.169389, 5.448881 52.168056, 5.478997 52.165317, 5.473339 52.164466, 5.473221 52.162931, 5.478001 52.16284, 5.482552 52.160847, 5.482284 52.159507, 5.484333 52.158928, 5.484199 52.154656, 5.482066 52.151892, 5.488682 52.149582, 5.499418 52.147822, 5.497898 52.142448, 5.508064 52.139722, 5.507957 52.139034, 5.513937 52.136826, 5.512371 52.135128, 5.51233 52.133009, 5.503777 52.131571, 5.498559 52.131101, 5.496168 52.125496, 5.494961 52.125493, 5.498079 52.120737, 5.500739 52.120285, 5.505212 52.120787, 5.504676 52.117946, 5.508066 52.116374, 5.508005 52.114759, 5.50442 52.11498, 5.49967 52.116813, 5.494266 52.116789, 5.487835 52.11745, 5.48647 52.116244, 5.492648 52.114724, 5.495082 52.11205, 5.484778 52.106999, 5.484941 52.097976, 5.486265 52.094876, 5.473935 52.090816, 5.465631 52.085206, 5.459619 52.082775, 5.461011 52.080522, 5.46551 52.079481, 5.467517 52.076864, 5.484639 52.070401, 5.492081 52.072423, 5.49605 52.072593, 5.499432 52.071913, 5.502512 52.074279, 5.504978 52.074536, 5.505329 52.077285, 5.509257 52.077981, 5.510433 52.079621, 5.518428 52.080039, 5.523411 52.078617, 5.52677 52.081144, 5.531121 52.08263, 5.532484 52.084121, 5.527036 52.085668, 5.531032 52.090337, 5.537367 52.089444, 5.538474 52.093259, 5.535667 52.093884, 5.539405 52.098289, 5.533315 52.101036, 5.53189 52.103197, 5.541926 52.104499, 5.543531 52.103072, 5.546705 52.103478, 5.545985 52.105492, 5.550473 52.106428, 5.554374 52.100875, 5.552005 52.097775, 5.551792 52.097521, 5.554788 52.096222, 5.555053 52.095533, 5.554921 52.09461, 5.555914 52.093288, 5.556167 52.092629, 5.555971 52.088503, 5.555918 52.088121, 5.55849 52.086424, 5.560883 52.08597, 5.561261 52.085775, 5.561962 52.083147, 5.562313 52.08183, 5.563803 52.080029, 5.56371 52.079454, 5.563607 52.078822, 5.563118 52.075801, 5.561633 52.072769, 5.560817 52.071866, 5.560721 52.071718, 5.560639 52.07159, 5.561949 52.067507, 5.560688 52.061656, 5.558486 52.051437, 5.559156 52.049611, 5.569203 52.04902, 5.567853 52.041464, 5.575062 52.039712, 5.575639 52.039663, 5.581912 52.038052, 5.58291 52.037796, 5.584085 52.037388, 5.584095 52.036946, 5.5899 52.035274, 5.590072 52.032311, 5.587138 52.032129, 5.587531 52.029259, 5.587921 52.026139, 5.58761 52.023214, 5.587665 52.021456, 5.591102 52.021451, 5.590184 52.016582, 5.587418 52.016637, 5.587524 52.014593, 5.586544 52.012804, 5.586425 52.012585, 5.589882 52.010431, 5.589985 52.0103, 5.591605 52.008291, 5.591188 52.004046, 5.591173 52.003886, 5.59142 52.003624, 5.592674 52.002302, 5.59284 52.002216, 5.600442 51.997465, 5.603668 51.995448, 5.604031 51.995221, 5.606305 51.995095, 5.610578 51.994513, 5.613647 51.99186, 5.614314 51.991283, 5.614973 51.987424, 5.615198 51.984178, 5.620195 51.978665, 5.626854 51.974866, 5.626075 51.973308, 5.624275 51.9697, 5.619554 51.967245, 5.61917 51.967045, 5.620079 51.967149, 5.621466 51.966892, 5.627069 51.958295, 5.627318 51.957163, 5.627417 51.953642, 5.621014 51.952696, 5.621005 51.952527, 5.620727 51.95249, 5.620864 51.949445, 5.620871 51.949302, 5.617178 51.950282, 5.606767 51.94415, 5.601162 51.946551, 5.593686 51.949872, 5.589318 51.951067, 5.587063 51.951598, 5.571722 51.95411, 5.569496 51.954474, 5.561996 51.955707, 5.561111 51.955852, 5.560188 51.956231, 5.550726 51.960113, 5.550064 51.96042, 5.542451 51.967115, 5.538681 51.968716, 5.537748 51.969013, 5.532293 51.970082, 5.52305 51.971894, 5.518323 51.972728, 5.510567 51.975008, 5.510166 51.975189, 5.509497 51.97539, 5.506066 51.976765, 5.501325 51.979062, 5.498104 51.980384, 5.487087 51.984019, 5.48606 51.984846, 5.484636 51.984717, 5.475141 51.98429, 5.47289 51.983653, 5.456106 51.984599, 5.455765 51.984611, 5.455276 51.984683, 5.448633 51.985663, 5.442997 51.986535, 5.438982 51.986394, 5.433138 51.984936, 5.432189 51.984611, 5.432047 51.98453, 5.425548 51.98079, 5.419344 51.977674, 5.415939 51.976512, 5.407218 51.975307, 5.40075 51.97415, 5.400137 51.973993, 5.398839 51.973659, 5.391008 51.971678, 5.385512 51.96978, 5.380435 51.969382, 5.376626 51.96978, 5.373208 51.970476, 5.367193 51.971203, 5.361635 51.971825, 5.361474 51.971842, 5.356913 51.971459, 5.352763 51.970416, 5.351869 51.970047, 5.348516 51.968595, 5.345351 51.966539, 5.340194 51.962168, 5.336103 51.959519, 5.334937 51.958764, 5.33277 51.958149, 5.328068 51.956813, 5.326879 51.956476, 5.326273 51.956439, 5.3202 51.956079, 5.315736 51.956505, 5.31518 51.956558, 5.310943 51.958106, 5.302301 51.961869, 5.300664 51.962416, 5.297379 51.962926, 5.292741 51.96336, 5.283789 51.964053, 5.281728 51.964191, 5.274841 51.965565, 5.271838 51.966164, 5.26975 51.966581, 5.261303 51.969405, 5.261174 51.969472, 5.258316 51.97096, 5.257213 51.971534, 5.255619 51.97256, 5.250027 51.976159, 5.245744 51.978771, 5.244341 51.979224, 5.241477 51.979671, 5.238387 51.979659, 5.236412 51.979406, 5.234551 51.978901, 5.232101 51.97767, 5.228521 51.974538, 5.228353 51.974328, 5.226515 51.971987, 5.223409 51.968029, 5.2226 51.967322, 5.222308 51.967066, 5.218778 51.963981, 5.217665 51.963465, 5.217509 51.963393, 5.213923 51.961383, 5.209894 51.960808, 5.209691 51.960779, 5.20405 51.960617, 5.195626 51.961732, 5.195528 51.961745, 5.195301 51.961775, 5.186251 51.96544, 5.183304 51.967026, 5.180109 51.968748, 5.180167 51.968326, 5.17494 51.961762, 5.168745 51.95464, 5.164478 51.948345, 5.154813 51.938231, 5.152501 51.934382, 5.150065 51.934124, 5.148526 51.935247, 5.134013 51.938647, 5.135358 51.940819, 5.106047 51.952132, 5.101896 51.947032, 5.088422 51.95088, 5.076017 51.953019, 5.054978 51.955638, 5.058452 51.961021, 5.064983 51.965374, 5.054604 51.977173, 5.049217 51.974613, 5.047536 51.976145, 5.048031 51.977201, 5.043875 51.978486, 5.043209 51.977576, 5.040464 51.97871, 5.037876 51.974273, 5.037059 51.973321, 5.036684 51.972623, 5.036285 51.972421, 5.032015 51.970257, 5.031778 51.970137, 5.031198 51.970104, 5.025564 51.969779, 5.019494 51.971227, 5.018835 51.971384, 5.01842 51.971616, 5.014209 51.973975, 5.012095 51.975342, 5.008391 51.977718, 5.002707 51.978354, 5.00176 51.978317, 5.001523 51.978307, 4.99594 51.977768, 4.991274 51.976223, 4.990006 51.975444, 4.984951 51.972338, 4.976305 51.964235, 4.970075 51.961091, 4.968377 51.960811, 4.967325 51.960639, 4.966589 51.960654, 4.962956 51.960724, 4.959258 51.961587, 4.95894 51.96163, 4.957626 51.961813, 4.949818 51.964686, 4.949059 51.964812, 4.942937 51.964662, 4.938816 51.963348, 4.938697 51.963273, 4.935613 51.961332, 4.932374 51.958083, 4.929239 51.954936, 4.919805 51.945881, 4.912274 51.943276, 4.896331 51.940812, 4.895229 51.940688, 4.878835 51.938833, 4.878448 51.93969, 4.871177 51.955825, 4.866063 51.961399, 4.861789 51.967876, 4.861222 51.968785, 4.856638 51.970842, 4.853764 51.972657, 4.847786 51.976432, 4.846195 51.976179, 4.841483 51.980151, 4.833961 51.986521, 4.835306 51.987162, 4.835888 51.987426, 4.834609 51.988411, 4.828759 51.992914, 4.820462 51.999654, 4.818901 52.000922, 4.824659 52.001784, 4.853654 52.005862, 4.857348 52.007054, 4.847113 52.018964, 4.841269 52.017802, 4.835821 52.017477, 4.832109 52.017538, 4.825942 52.017817, 4.825021 52.017866, 4.818513 52.015985, 4.814708 52.014951, 4.803942 52.014926, 4.800102 52.021897, 4.799305 52.023343, 4.810485 52.028037, 4.807937 52.034134, 4.812619 52.034451, 4.81928 52.038153, 4.830367 52.050675, 4.84284 52.056225, 4.848341 52.058699, 4.855483 52.059396, 4.862179 52.061936, 4.869419 52.063823, 4.875638 52.069228, 4.84111 52.069501, 4.835972 52.068724, 4.830616 52.067436, 4.834168 52.073134, 4.834431 52.073509, 4.833031 52.073611, 4.833494 52.075615, 4.831374 52.075309, 4.830802 52.076019, 4.826818 52.075693, 4.826869 52.07675, 4.827429 52.080112, 4.827038 52.080245, 4.82595 52.080864, 4.824282 52.090653, 4.823358 52.104315, 4.823337 52.105827, 4.823334 52.106073, 4.824098 52.106193, 4.824978 52.106331, 4.825147 52.106698, 4.825727 52.10796, 4.792257 52.123451, 4.792841 52.12461, 4.793613 52.125075, 4.79895 52.126433, 4.800668 52.126324, 4.801721 52.126192, 4.803253 52.126546, 4.803899 52.12763, 4.805023 52.128124, 4.805826 52.128286, 4.808341 52.130105, 4.807907 52.13112, 4.808154 52.131887, 4.808612 52.132819, 4.809299 52.133128, 4.808525 52.134015, 4.807882 52.135768, 4.807862 52.136035, 4.80893 52.1368, 4.808919 52.137111, 4.808882 52.138049, 4.808871 52.138348, 4.813467 52.141175, 4.816051 52.140912, 4.81688 52.140616, 4.817226 52.141214, 4.817765 52.141695, 4.820596 52.143303, 4.8213 52.143328, 4.822257 52.14313, 4.823209 52.143398, 4.82536 52.143475, 4.826443 52.143408, 4.826893 52.143531, 4.83026 52.14446, 4.830836 52.144764, 4.833572 52.145191, 4.837686 52.141305, 4.840268 52.142094, 4.842082 52.140403, 4.847788 52.139929, 4.850821 52.140467, 4.854714 52.138351, 4.85685 52.138656, 4.860085 52.13867, 4.867198 52.139082, 4.87078 52.139517, 4.872316 52.139951, 4.870939 52.142022, 4.874361 52.142242, 4.873799 52.156851, 4.891612 52.161824, 4.892072 52.162913, 4.885299 52.165632, 4.868193 52.174628, 4.860861 52.17722, 4.855221 52.179912, 4.8537 52.179927, 4.850167 52.180311, 4.844076 52.181032, 4.84367 52.18174, 4.84327 52.181442, 4.842405 52.180801, 4.835752 52.184765, 4.834448 52.186512, 4.833293 52.187042, 4.83286 52.18779, 4.828664 52.189523, 4.827069 52.191011, 4.82287 52.193381, 4.822336 52.195497, 4.821582 52.196323, 4.819897 52.197102, 4.813305 52.200218, 4.812021 52.202365, 4.802104 52.201718, 4.80173 52.202234, 4.801564 52.202462, 4.802434 52.208104, 4.804187 52.217674, 4.798492 52.222058, 4.796887 52.224993, 4.795003 52.225228, 4.795202 52.227526, 4.796651 52.227406, 4.801037 52.227657, 4.803479 52.228705, 4.805468 52.228776, 4.807916 52.227844, 4.814329 52.22822, 4.817305 52.229565, 4.819854 52.229513, 4.823653 52.230604, 4.827179 52.231172, 4.829049 52.231891, 4.831616 52.233356, 4.834305 52.233929, 4.835282 52.234781, 4.838332 52.236295, 4.841644 52.236109, 4.842161 52.238034, 4.845059 52.238401, 4.84691 52.240648, 4.849946 52.239604, 4.850912 52.240524, 4.850471 52.241269, 4.850738 52.242653, 4.850806 52.243004, 4.854042 52.243138, 4.85455 52.245816, 4.855911 52.24711, 4.856088 52.247341, 4.857176 52.24875, 4.860426 52.249258, 4.866213 52.252398, 4.868049 52.252815, 4.869541 52.254273, 4.870757 52.253222, 4.871777 52.252342, 4.872096 52.252066, 4.873992 52.252275, 4.874815 52.252641, 4.877108 52.253659, 4.877952 52.253838, 4.882378 52.254779, 4.883915 52.254255, 4.885897 52.252235, 4.888174 52.252257, 4.888749 52.252512, 4.891803 52.254299, 4.895624 52.252929, 4.896047 52.252777, 4.89875 52.252331, 4.899786 52.25216, 4.902805 52.254433, 4.905502 52.254098, 4.908712 52.253698, 4.910917 52.253536, 4.9141 52.256178, 4.917739 52.258165, 4.918598 52.259967, 4.918342 52.262964, 4.923284 52.26355, 4.924944 52.267339, 4.9298 52.269204, 4.926979 52.273043, 4.927633 52.274879, 4.926934 52.277389, 4.926645 52.280063, 4.929258 52.280224, 4.933711 52.281453, 4.937779 52.279995, 4.940208 52.279878, 4.942927 52.278805, 4.947122 52.27963, 4.951501 52.278748, 4.955619 52.278948, 4.957529 52.279383, 4.961792 52.278951, 4.967869 52.280209, 4.970318 52.284127, 4.972179 52.285287, 4.983911 52.291142, 4.995177 52.290198, 4.998472 52.290013, 5.001819 52.29419, 5.0041 52.298621, 5.006896 52.300288, 5.010082 52.30275, 5.012242 52.304623, 5.013007 52.304856, 5.014197 52.304652, 5.016446 52.304196, 5.018744 52.303753, 5.021221 52.303491)))",
            "level": 1,
            "name": "Utrecht"
        },
        "model": "studyarea.area",
        "pk": 7
    },
    {
        "fields": {
            "casestudy": 7,
            "code": "6",
            "content_type": 42,
            "geom": "SRID=4326;MULTIPOLYGON (((5.876505 52.523145, 5.877451 52.522146, 5.879072 52.522642, 5.884165 52.520392, 5.888649 52.518263, 5.901557 52.508369, 5.91217 52.498403, 5.918223 52.490393, 5.926311 52.475391, 5.93537 52.478297, 5.937242 52.477002, 5.949286 52.484482, 5.953618 52.485206, 5.955849 52.484771, 5.958586 52.484864, 5.959542 52.483833, 5.965812 52.477391, 5.967556 52.478389, 5.979364 52.486429, 6.001562 52.501127, 6.009077 52.505942, 6.013545 52.507179, 6.021102 52.5061, 6.024219 52.506971, 6.028807 52.510764, 6.039566 52.507803, 6.043519 52.506369, 6.046927 52.504935, 6.050749 52.50319, 6.054599 52.500914, 6.057384 52.498998, 6.05957 52.496609, 6.062372 52.491555, 6.06328 52.489641, 6.068099 52.485292, 6.072296 52.483011, 6.077439 52.481415, 6.084489 52.479563, 6.09 52.477744, 6.095184 52.474772, 6.098543 52.472194, 6.101519 52.468419, 6.102598 52.464637, 6.103432 52.455283, 6.103275 52.452176, 6.10188 52.448329, 6.103296 52.445427, 6.10543 52.443595, 6.108952 52.441988, 6.109605 52.44165, 6.113939 52.439169, 6.119855 52.433818, 6.11672 52.431126, 6.118535 52.42949, 6.118002 52.426168, 6.115756 52.424196, 6.113947 52.418764, 6.114878 52.416041, 6.114555 52.413827, 6.112826 52.411608, 6.11171 52.40874, 6.114052 52.408252, 6.115561 52.407489, 6.116361 52.405785, 6.119041 52.403794, 6.124105 52.402995, 6.126192 52.401148, 6.130772 52.400915, 6.128709 52.397752, 6.126659 52.39548, 6.12544 52.392877, 6.12581 52.390196, 6.126381 52.386346, 6.124379 52.38277, 6.121256 52.380295, 6.115826 52.37872, 6.092456 52.374223, 6.085082 52.37369, 6.080783 52.37227, 6.078702 52.370581, 6.078006 52.368371, 6.078177 52.365258, 6.081957 52.363063, 6.087459 52.362187, 6.091772 52.360969, 6.094245 52.359409, 6.095221 52.357717, 6.090461 52.355957, 6.082837 52.353979, 6.079047 52.353372, 6.076118 52.351613, 6.075668 52.34299, 6.077203 52.341269, 6.075952 52.335707, 6.074229 52.335521, 6.075943 52.334221, 6.074705 52.331561, 6.073897 52.33158, 6.072268 52.324382, 6.072019 52.32365, 6.068811 52.322407, 6.067286 52.320745, 6.067874 52.31936, 6.068191 52.318609, 6.072485 52.318044, 6.073975 52.318609, 6.080084 52.318304, 6.080552 52.31828, 6.082133 52.313592, 6.082314 52.313059, 6.084088 52.312963, 6.082846 52.308907, 6.084519 52.303373, 6.084747 52.303428, 6.086384 52.303822, 6.088304 52.302318, 6.092558 52.301818, 6.098315 52.301614, 6.098206 52.302639, 6.101472 52.302351, 6.101836 52.302173, 6.101631 52.302166, 6.104798 52.298455, 6.105957 52.295147, 6.11081 52.29089, 6.11157 52.287865, 6.111605 52.282532, 6.112553 52.279596, 6.118336 52.275804, 6.12192 52.273043, 6.123372 52.270129, 6.123463 52.269321, 6.123856 52.26581, 6.130542 52.261802, 6.124908 52.256988, 6.123727 52.253953, 6.125252 52.252443, 6.132713 52.251666, 6.136615 52.250872, 6.139528 52.249107, 6.143265 52.248053, 6.144992 52.248133, 6.146109 52.248705, 6.149528 52.248964, 6.150927 52.249659, 6.154506 52.248252, 6.154875 52.247398, 6.154815 52.24531, 6.153254 52.244111, 6.149212 52.242274, 6.143562 52.240267, 6.142374 52.235322, 6.143966 52.232755, 6.146196 52.230482, 6.150592 52.228374, 6.160693 52.226438, 6.162983 52.224415, 6.164172 52.222321, 6.16273 52.219927, 6.16545 52.218956, 6.169305 52.221821, 6.164133 52.226124, 6.162992 52.228881, 6.167368 52.227724, 6.168322 52.22885, 6.16391 52.230042, 6.166612 52.232002, 6.177982 52.234589, 6.183685 52.23495, 6.190024 52.229961, 6.202568 52.230674, 6.211568 52.228963, 6.219024 52.227337, 6.214258 52.232798, 6.217857 52.232012, 6.222681 52.230081, 6.229754 52.230547, 6.240106 52.228362, 6.243869 52.229211, 6.247181 52.228128, 6.249207 52.228705, 6.251692 52.228157, 6.257811 52.228504, 6.258839 52.228908, 6.261287 52.229871, 6.271137 52.227789, 6.271947 52.229053, 6.275737 52.228527, 6.286174 52.232063, 6.287421 52.23117, 6.293036 52.232253, 6.293357 52.230783, 6.297589 52.230012, 6.298686 52.226486, 6.319956 52.226975, 6.327022 52.22794, 6.338052 52.228717, 6.338204 52.237018, 6.339539 52.237022, 6.341236 52.236979, 6.343089 52.23746, 6.343128 52.238775, 6.349393 52.240031, 6.351522 52.242592, 6.368359 52.242652, 6.382893 52.246762, 6.383008 52.246795, 6.384858 52.244839, 6.389725 52.243711, 6.397375 52.244064, 6.411171 52.244, 6.417197 52.243127, 6.416982 52.24036, 6.417756 52.23777, 6.423796 52.233488, 6.431609 52.223017, 6.446708 52.213905, 6.453684 52.207086, 6.453749 52.204559, 6.455797 52.202693, 6.460917 52.201016, 6.465339 52.201177, 6.470577 52.199751, 6.470356 52.194804, 6.473677 52.189225, 6.476829 52.187203, 6.479154 52.183475, 6.483695 52.182581, 6.486132 52.180989, 6.49004 52.180893, 6.493024 52.178071, 6.497612 52.178216, 6.509078 52.181319, 6.514022 52.182216, 6.517934 52.182007, 6.555332 52.178131, 6.584986 52.182431, 6.589231 52.182303, 6.590432 52.18325, 6.592449 52.182769, 6.591708 52.182275, 6.593067 52.181551, 6.594342 52.181868, 6.607548 52.173371, 6.6033 52.170116, 6.608301 52.165279, 6.608869 52.165593, 6.612595 52.163721, 6.618882 52.166598, 6.62232 52.168833, 6.6248 52.168931, 6.626561 52.17242, 6.629289 52.172662, 6.630942 52.174381, 6.634982 52.173671, 6.639305 52.16995, 6.640319 52.168992, 6.642443 52.171887, 6.646055 52.175436, 6.646184 52.175396, 6.666453 52.169133, 6.666218 52.16851, 6.672225 52.166976, 6.673987 52.164625, 6.672835 52.162514, 6.674601 52.162401, 6.674745 52.159906, 6.670841 52.157665, 6.673876 52.156846, 6.673959 52.152803, 6.671264 52.151499, 6.67418 52.149111, 6.674707 52.144001, 6.674823 52.14288, 6.672568 52.140243, 6.668808 52.138181, 6.663329 52.13118, 6.672789 52.128264, 6.679822 52.126801, 6.69827 52.124607, 6.711961 52.120725, 6.717065 52.119184, 6.761362 52.119385, 6.758528 52.099422, 6.755733 52.096115, 6.753977 52.096539, 6.751722 52.096796, 6.746898 52.095184, 6.746193 52.092131, 6.751664 52.088199, 6.752319 52.086307, 6.748943 52.082962, 6.745886 52.081511, 6.736885 52.075292, 6.715274 52.073681, 6.69555 52.070627, 6.697337 52.068748, 6.6968 52.065916, 6.690193 52.057572, 6.687706 52.057159, 6.686313 52.053547, 6.688903 52.053303, 6.688505 52.040836, 6.715187 52.04095, 6.752316 52.029742, 6.759565 52.025759, 6.764714 52.02311, 6.766697 52.019942, 6.772892 52.019157, 6.799583 52.005303, 6.812357 51.99916, 6.809193 51.996336, 6.827548 51.994816, 6.831283 51.986981, 6.831378 51.977438, 6.83337 51.97497, 6.833648 51.971942, 6.829301 51.964917, 6.814492 51.964452, 6.812965 51.962395, 6.799942 51.959638, 6.797114 51.944819, 6.798295 51.943356, 6.795234 51.936314, 6.787067 51.932197, 6.789527 51.930586, 6.770288 51.917014, 6.765523 51.916638, 6.761479 51.914973, 6.755179 51.913954, 6.755119 51.910783, 6.751558 51.90813, 6.738173 51.905639, 6.73317 51.899275, 6.722173 51.897142, 6.704019 51.907002, 6.7038 51.910279, 6.702375 51.910564, 6.699982 51.909744, 6.69808 51.910387, 6.696048 51.916286, 6.691836 51.915456, 6.684502 51.916857, 6.684864 51.918412, 6.674796 51.916429, 6.669338 51.914543, 6.661089 51.911207, 6.639149 51.905543, 6.635059 51.901882, 6.628572 51.901603, 6.625507 51.902709, 6.606119 51.898203, 6.58667 51.894658, 6.58443 51.894013, 6.577312 51.891557, 6.572202 51.889793, 6.561789 51.884491, 6.561588 51.882914, 6.557388 51.882606, 6.556035 51.884391, 6.553398 51.885145, 6.553378 51.88685, 6.549702 51.885896, 6.551167 51.8841, 6.548679 51.884018, 6.54492 51.885249, 6.539672 51.880945, 6.530777 51.877849, 6.530862 51.876566, 6.525624 51.874493, 6.516864 51.874231, 6.514775 51.873722, 6.513143 51.872808, 6.51204 51.87142, 6.505483 51.869185, 6.50232 51.868717, 6.502257 51.867402, 6.503253 51.866216, 6.50202 51.862976, 6.490668 51.86009, 6.483223 51.857723, 6.4786 51.857415, 6.475358 51.856627, 6.473415 51.854926, 6.467935 51.85538, 6.464672 51.856309, 6.46067 51.858478, 6.456737 51.861254, 6.453229 51.864987, 6.451134 51.865963, 6.447721 51.865966, 6.442785 51.862913, 6.439575 51.862811, 6.434232 51.860654, 6.429856 51.861738, 6.429174 51.865953, 6.425368 51.866724, 6.419839 51.867645, 6.412939 51.871676, 6.40906 51.87056, 6.406201 51.871472, 6.401563 51.870326, 6.400277 51.871101, 6.396837 51.871537, 6.393587 51.874512, 6.390733 51.874669, 6.390907 51.872918, 6.387959 51.866703, 6.387344 51.865449, 6.388535 51.862568, 6.390671 51.862725, 6.400933 51.856876, 6.408544 51.855301, 6.409311 51.853659, 6.405664 51.849807, 6.406162 51.848647, 6.402954 51.845478, 6.406666 51.839525, 6.408597 51.836641, 6.404118 51.837004, 6.407843 51.828774, 6.402144 51.82814, 6.398192 51.829975, 6.392759 51.831912, 6.390622 51.833665, 6.384349 51.835311, 6.37448 51.83587, 6.369243 51.834144, 6.363188 51.836633, 6.364181 51.839464, 6.362357 51.844441, 6.358011 51.848314, 6.352016 51.85015, 6.34722 51.8516, 6.339615 51.851421, 6.330996 51.852632, 6.320507 51.852299, 6.307009 51.850042, 6.301167 51.864747, 6.299023 51.866123, 6.299315 51.868513, 6.295762 51.869545, 6.289754 51.871865, 6.283825 51.872969, 6.282058 51.874417, 6.277707 51.875347, 6.273428 51.875347, 6.271478 51.87547, 6.269441 51.874381, 6.266551 51.871359, 6.262782 51.869382, 6.257705 51.869258, 6.246924 51.870758, 6.242594 51.869991, 6.234502 51.87099, 6.232489 51.870907, 6.223984 51.869461, 6.215657 51.868734, 6.206035 51.871632, 6.196497 51.875765, 6.185777 51.882743, 6.182962 51.886702, 6.191644 51.888411, 6.19007 51.889684, 6.191801 51.892405, 6.187314 51.893275, 6.170367 51.901619, 6.16826 51.901526, 6.166065 51.899659, 6.164203 51.902079, 6.162761 51.901541, 6.159009 51.905685, 6.154962 51.906097, 6.154859 51.906074, 6.139656 51.902565, 6.125945 51.899271, 6.118738 51.902502, 6.115924 51.898824, 6.112923 51.89952, 6.1101 51.896391, 6.111293 51.895845, 6.105115 51.893128, 6.108931 51.892725, 6.112491 51.893479, 6.11884 51.893048, 6.123189 51.891416, 6.126421 51.891291, 6.132026 51.888495, 6.138071 51.886599, 6.140334 51.882818, 6.143516 51.878837, 6.144352 51.875924, 6.145544 51.873295, 6.1458 51.871027, 6.148554 51.870092, 6.151394 51.867761, 6.156346 51.866924, 6.163509 51.863807, 6.167787 51.862448, 6.165379 51.860898, 6.164151 51.85515, 6.166278 51.851163, 6.167044 51.842345, 6.156015 51.844816, 6.143179 51.847401, 6.132829 51.848685, 6.12785 51.848959, 6.115185 51.848725, 6.100822 51.850629, 6.089035 51.854539, 6.080279 51.85875, 6.071711 51.863406, 6.06431 51.865917, 6.062326 51.861732, 6.06102 51.861201, 6.060057 51.85817, 6.055834 51.85796, 6.052439 51.857468, 6.055737 51.852725, 6.040097 51.846341, 6.035608 51.843612, 6.033348 51.844399, 6.032488 51.842944, 6.029262 51.84558, 6.020991 51.842371, 6.018418 51.842229, 6.017277 51.841489, 6.016887 51.839317, 6.01507 51.838111, 6.01225 51.836531, 6.00352 51.833314, 5.995671 51.831804, 5.986124 51.831628, 5.976504 51.833581, 5.969988 51.834293, 5.967311 51.83568, 5.963185 51.837894, 5.947275 51.826113, 5.944752 51.824473, 5.958179 51.817861, 5.955949 51.816103, 5.955031 51.816489, 5.953837 51.815795, 5.951251 51.817054, 5.949852 51.816293, 5.948053 51.817064, 5.946647 51.815877, 5.949954 51.81345, 5.949071 51.812605, 5.956239 51.811188, 5.964789 51.807323, 5.968808 51.804488, 5.979739 51.798292, 5.974538 51.796729, 5.977853 51.795003, 5.973621 51.790556, 5.975039 51.790224, 5.974617 51.789295, 5.975878 51.786306, 5.979938 51.787085, 5.98258 51.784949, 5.984199 51.785628, 5.987959 51.783968, 5.990452 51.785021, 5.99127 51.784199, 5.98415 51.779461, 5.985211 51.777774, 5.983382 51.774461, 5.987513 51.772971, 5.990484 51.770638, 5.992711 51.771278, 5.990474 51.766864, 5.979332 51.760981, 5.972917 51.759436, 5.958575 51.75172, 5.956705 51.75248, 5.952228 51.749679, 5.953716 51.748746, 5.952248 51.748032, 5.951708 51.745218, 5.944276 51.742635, 5.938647 51.742355, 5.934994 51.742059, 5.929908 51.745726, 5.933883 51.748449, 5.915499 51.753241, 5.913263 51.756161, 5.913662 51.759685, 5.911494 51.7632, 5.906173 51.76603, 5.902192 51.769529, 5.898314 51.774692, 5.893517 51.778818, 5.886749 51.779549, 5.879297 51.777719, 5.868213 51.776358, 5.867558 51.770666, 5.869845 51.764014, 5.865866 51.758346, 5.865096 51.758322, 5.852563 51.760229, 5.852376 51.760255, 5.843431 51.759854, 5.842939 51.759808, 5.821629 51.758281, 5.810581 51.75764, 5.800447 51.756394, 5.792774 51.755139, 5.792726 51.754639, 5.78366 51.752833, 5.776699 51.752422, 5.769579 51.752676, 5.763437 51.753647, 5.756277 51.755665, 5.74955 51.758206, 5.745985 51.759988, 5.74119 51.764643, 5.735491 51.770779, 5.731448 51.773779, 5.730478 51.773048, 5.724779 51.774701, 5.719433 51.775586, 5.711092 51.775272, 5.706422 51.776767, 5.701466 51.77974, 5.700898 51.780541, 5.697378 51.785495, 5.693061 51.789056, 5.686527 51.791539, 5.678677 51.792821, 5.667132 51.793837, 5.660898 51.796693, 5.654602 51.801208, 5.648576 51.809288, 5.645562 51.8145, 5.645325 51.814909, 5.639692 51.818571, 5.633075 51.819965, 5.622327 51.819483, 5.617127 51.820762, 5.600192 51.828288, 5.598079 51.828758, 5.59225 51.830057, 5.584183 51.830007, 5.577049 51.828497, 5.558443 51.82781, 5.554132 51.826027, 5.553476 51.825529, 5.55126 51.823848, 5.548014 51.819619, 5.544959 51.817938, 5.540857 51.816483, 5.536081 51.816691, 5.53062 51.818048, 5.524965 51.818792, 5.519033 51.819422, 5.514081 51.821501, 5.50708 51.827256, 5.501098 51.829695, 5.496697 51.830631, 5.49407 51.831189, 5.486554 51.829857, 5.481669 51.826471, 5.478825 51.821275, 5.47567 51.816197, 5.471479 51.813586, 5.461407 51.811131, 5.448509 51.809882, 5.443809 51.809484, 5.43417 51.810294, 5.427105 51.812346, 5.422458 51.814923, 5.41877 51.81867, 5.416643 51.820829, 5.415313 51.821324, 5.412271 51.822456, 5.406819 51.822322, 5.403009 51.82078, 5.399008 51.817316, 5.395068 51.813678, 5.384438 51.805829, 5.369804 51.791622, 5.364004 51.783222, 5.3613 51.774976, 5.360496 51.769492, 5.361221 51.764221, 5.360886 51.762165, 5.356001 51.757546, 5.353798 51.756719, 5.346135 51.75384, 5.318079 51.745732, 5.304521 51.739515, 5.300475 51.737955, 5.297221 51.737686, 5.291852 51.738415, 5.283948 51.740838, 5.278248 51.741177, 5.274957 51.741022, 5.26775 51.740368, 5.263962 51.739322, 5.258869 51.736848, 5.254383 51.735117, 5.24863 51.73478, 5.244529 51.735562, 5.231656 51.742056, 5.227004 51.743523, 5.222443 51.744453, 5.216484 51.744344, 5.208875 51.742784, 5.204114 51.741715, 5.196723 51.741354, 5.186553 51.742664, 5.178828 51.743788, 5.170229 51.743869, 5.154409 51.742856, 5.139673 51.74048, 5.126341 51.738406, 5.126427 51.74429, 5.126756 51.745738, 5.128672 51.74729, 5.13451 51.749741, 5.139336 51.752037, 5.143079 51.755999, 5.138245 51.758784, 5.136306 51.762702, 5.137092 51.765198, 5.138916 51.768111, 5.140594 51.770517, 5.139019 51.773685, 5.135349 51.775161, 5.128936 51.776192, 5.119972 51.77851, 5.113299 51.782203, 5.107261 51.785803, 5.104799 51.787102, 5.099667 51.78845, 5.096397 51.788271, 5.092478 51.787669, 5.086819 51.785289, 5.08262 51.78213, 5.078687 51.780578, 5.073134 51.780098, 5.068492 51.780812, 5.06358 51.783947, 5.057526 51.791664, 5.052729 51.795979, 5.048845 51.798811, 5.043985 51.800665, 5.036616 51.802316, 5.027995 51.804151, 5.021402 51.806605, 5.016052 51.809456, 5.011356 51.813028, 5.01011 51.815193, 5.010129 51.818146, 5.000698 51.821854, 5.01644 51.821731, 5.026156 51.820149, 5.031204 51.842104, 5.026186 51.842451, 5.008106 51.843772, 5.007264 51.845333, 5.004042 51.84624, 5.002894 51.845129, 5.000537 51.846125, 5.000452 51.849536, 4.999085 51.85183, 4.998748 51.852553, 4.998413 51.853182, 4.998252 51.854431, 4.997796 51.856648, 4.994592 51.861199, 4.994079 51.862248, 4.994848 51.863069, 4.997444 51.862763, 5.002394 51.86035, 5.006132 51.859516, 5.008722 51.859382, 5.011669 51.860271, 5.015465 51.860595, 5.027801 51.860064, 5.039905 51.860492, 5.043022 51.861313, 5.054406 51.859223, 5.060665 51.859983, 5.062568 51.861237, 5.062691 51.862682, 5.054648 51.866123, 5.052366 51.868289, 5.052632 51.871843, 5.055386 51.874367, 5.059073 51.875891, 5.062564 51.876277, 5.070893 51.875437, 5.073871 51.87618, 5.077809 51.877744, 5.080621 51.87836, 5.082413 51.879278, 5.083626 51.87868, 5.086678 51.881198, 5.088104 51.883622, 5.088133 51.887594, 5.0889 51.888904, 5.090849 51.889376, 5.093654 51.889535, 5.095764 51.889367, 5.09881 51.888543, 5.102621 51.889258, 5.106718 51.889483, 5.11063 51.888858, 5.113143 51.888808, 5.117045 51.893277, 5.11827 51.896684, 5.117907 51.897208, 5.116899 51.897773, 5.11715 51.899033, 5.119193 51.899403, 5.132165 51.915334, 5.13539 51.914956, 5.136659 51.915251, 5.13685 51.915939, 5.136798 51.91951, 5.143925 51.92654, 5.149369 51.930926, 5.148828 51.933063, 5.150065 51.934124, 5.152501 51.934382, 5.154813 51.938231, 5.164478 51.948345, 5.168745 51.95464, 5.17494 51.961762, 5.180167 51.968326, 5.180109 51.968748, 5.183304 51.967026, 5.186251 51.96544, 5.195301 51.961775, 5.195528 51.961745, 5.195626 51.961732, 5.20405 51.960617, 5.209691 51.960779, 5.209894 51.960808, 5.213923 51.961383, 5.217509 51.963393, 5.217665 51.963465, 5.218778 51.963981, 5.222308 51.967066, 5.2226 51.967322, 5.223409 51.968029, 5.226515 51.971987, 5.228353 51.974328, 5.228521 51.974538, 5.232101 51.97767, 5.234551 51.978901, 5.236412 51.979406, 5.238387 51.979659, 5.241477 51.979671, 5.244341 51.979224, 5.245744 51.978771, 5.250027 51.976159, 5.255619 51.97256, 5.257213 51.971534, 5.258316 51.97096, 5.261174 51.969472, 5.261303 51.969405, 5.26975 51.966581, 5.271838 51.966164, 5.274841 51.965565, 5.281728 51.964191, 5.283789 51.964053, 5.292741 51.96336, 5.297379 51.962926, 5.300664 51.962416, 5.302301 51.961869, 5.310943 51.958106, 5.31518 51.956558, 5.315736 51.956505, 5.3202 51.956079, 5.326273 51.956439, 5.326879 51.956476, 5.328068 51.956813, 5.33277 51.958149, 5.334937 51.958764, 5.336103 51.959519, 5.340194 51.962168, 5.345351 51.966539, 5.348516 51.968595, 5.351869 51.970047, 5.352763 51.970416, 5.356913 51.971459, 5.361474 51.971842, 5.361635 51.971825, 5.367193 51.971203, 5.373208 51.970476, 5.376626 51.96978, 5.380435 51.969382, 5.385512 51.96978, 5.391008 51.971678, 5.398839 51.973659, 5.400137 51.973993, 5.40075 51.97415, 5.407218 51.975307, 5.415939 51.976512, 5.419344 51.977674, 5.425548 51.98079, 5.432047 51.98453, 5.432189 51.984611, 5.433138 51.984936, 5.438982 51.986394, 5.442997 51.986535, 5.448633 51.985663, 5.455276 51.984683, 5.455765 51.984611, 5.456106 51.984599, 5.47289 51.983653, 5.475141 51.98429, 5.484636 51.984717, 5.48606 51.984846, 5.487087 51.984019, 5.498104 51.980384, 5.501325 51.979062, 5.506066 51.976765, 5.509497 51.97539, 5.510166 51.975189, 5.510567 51.975008, 5.518323 51.972728, 5.52305 51.971894, 5.532293 51.970082, 5.537748 51.969013, 5.538681 51.968716, 5.542451 51.967115, 5.550064 51.96042, 5.550726 51.960113, 5.560188 51.956231, 5.561111 51.955852, 5.561996 51.955707, 5.569496 51.954474, 5.571722 51.95411, 5.587063 51.951598, 5.589318 51.951067, 5.593686 51.949872, 5.601162 51.946551, 5.606767 51.94415, 5.617178 51.950282, 5.620871 51.949302, 5.620864 51.949445, 5.620727 51.95249, 5.621005 51.952527, 5.621014 51.952696, 5.627417 51.953642, 5.627318 51.957163, 5.627069 51.958295, 5.621466 51.966892, 5.620079 51.967149, 5.61917 51.967045, 5.619554 51.967245, 5.624275 51.9697, 5.626075 51.973308, 5.626854 51.974866, 5.620195 51.978665, 5.615198 51.984178, 5.614973 51.987424, 5.614314 51.991283, 5.613647 51.99186, 5.610578 51.994513, 5.606305 51.995095, 5.604031 51.995221, 5.603668 51.995448, 5.600442 51.997465, 5.59284 52.002216, 5.592674 52.002302, 5.59142 52.003624, 5.591173 52.003886, 5.591188 52.004046, 5.591605 52.008291, 5.589985 52.0103, 5.589882 52.010431, 5.586425 52.012585, 5.586544 52.012804, 5.587524 52.014593, 5.587418 52.016637, 5.590184 52.016582, 5.591102 52.021451, 5.587665 52.021456, 5.58761 52.023214, 5.587921 52.026139, 5.587531 52.029259, 5.587138 52.032129, 5.590072 52.032311, 5.5899 52.035274, 5.584095 52.036946, 5.584085 52.037388, 5.58291 52.037796, 5.581912 52.038052, 5.575639 52.039663, 5.575062 52.039712, 5.567853 52.041464, 5.569203 52.04902, 5.559156 52.049611, 5.558486 52.051437, 5.560688 52.061656, 5.561949 52.067507, 5.560639 52.07159, 5.560721 52.071718, 5.560817 52.071866, 5.561633 52.072769, 5.563118 52.075801, 5.563607 52.078822, 5.56371 52.079454, 5.563803 52.080029, 5.562313 52.08183, 5.561962 52.083147, 5.561261 52.085775, 5.560883 52.08597, 5.55849 52.086424, 5.555918 52.088121, 5.555971 52.088503, 5.556167 52.092629, 5.555914 52.093288, 5.554921 52.09461, 5.555053 52.095533, 5.554788 52.096222, 5.551792 52.097521, 5.552005 52.097775, 5.554374 52.100875, 5.550473 52.106428, 5.545985 52.105492, 5.546705 52.103478, 5.543531 52.103072, 5.541926 52.104499, 5.53189 52.103197, 5.533315 52.101036, 5.539405 52.098289, 5.535667 52.093884, 5.538474 52.093259, 5.537367 52.089444, 5.531032 52.090337, 5.527036 52.085668, 5.532484 52.084121, 5.531121 52.08263, 5.52677 52.081144, 5.523411 52.078617, 5.518428 52.080039, 5.510433 52.079621, 5.509257 52.077981, 5.505329 52.077285, 5.504978 52.074536, 5.502512 52.074279, 5.499432 52.071913, 5.49605 52.072593, 5.492081 52.072423, 5.484639 52.070401, 5.467517 52.076864, 5.46551 52.079481, 5.461011 52.080522, 5.459619 52.082775, 5.465631 52.085206, 5.473935 52.090816, 5.486265 52.094876, 5.484941 52.097976, 5.484778 52.106999, 5.495082 52.11205, 5.492648 52.114724, 5.48647 52.116244, 5.487835 52.11745, 5.494266 52.116789, 5.49967 52.116813, 5.50442 52.11498, 5.508005 52.114759, 5.508066 52.116374, 5.504676 52.117946, 5.505212 52.120787, 5.500739 52.120285, 5.498079 52.120737, 5.494961 52.125493, 5.496168 52.125496, 5.498559 52.131101, 5.503777 52.131571, 5.51233 52.133009, 5.512371 52.135128, 5.513937 52.136826, 5.507957 52.139034, 5.508064 52.139722, 5.497898 52.142448, 5.499418 52.147822, 5.488682 52.149582, 5.482066 52.151892, 5.484199 52.154656, 5.484333 52.158928, 5.482284 52.159507, 5.482552 52.160847, 5.478001 52.16284, 5.473221 52.162931, 5.473339 52.164466, 5.478997 52.165317, 5.448881 52.168056, 5.444112 52.169389, 5.440891 52.170991, 5.438909 52.173966, 5.440522 52.174346, 5.439419 52.185251, 5.437623 52.186472, 5.439594 52.191559, 5.439703 52.195837, 5.4406 52.19666, 5.440977 52.198157, 5.439678 52.19881, 5.439455 52.203255, 5.441238 52.204916, 5.440717 52.205719, 5.441851 52.206681, 5.440892 52.206788, 5.439694 52.205586, 5.437411 52.206576, 5.436715 52.206202, 5.432451 52.207861, 5.422272 52.213373, 5.409914 52.219739, 5.408031 52.214938, 5.394503 52.221827, 5.405131 52.248127, 5.412633 52.247445, 5.41475 52.246732, 5.425727 52.251053, 5.429928 52.251484, 5.435454 52.2535, 5.452334 52.255276, 5.456748 52.254624, 5.462646 52.256309, 5.464745 52.260066, 5.47051 52.260791, 5.473241 52.26036, 5.474411 52.257903, 5.478872 52.258921, 5.489129 52.263838, 5.50111 52.2657, 5.507501 52.265951, 5.528517 52.264766, 5.530703 52.272449, 5.535194 52.272629, 5.548663 52.292235, 5.561072 52.313539, 5.569445 52.321935, 5.576792 52.327757, 5.58388 52.331312, 5.591636 52.33445, 5.598821 52.338037, 5.608536 52.344546, 5.612586 52.347964, 5.612894 52.34968, 5.616167 52.354455, 5.61612 52.357227, 5.619036 52.359005, 5.622282 52.35867, 5.619042 52.360238, 5.616885 52.361328, 5.615427 52.362374, 5.614195 52.363322, 5.615744 52.364118, 5.61913 52.361793, 5.626605 52.358374, 5.630629 52.359837, 5.629091 52.361066, 5.631955 52.363757, 5.647202 52.368878, 5.652582 52.365738, 5.678531 52.379804, 5.678784 52.379536, 5.685278 52.379364, 5.69358 52.380927, 5.701717 52.382697, 5.706265 52.386751, 5.713022 52.388453, 5.716192 52.388412, 5.723164 52.39206, 5.732682 52.39696, 5.74047 52.399185, 5.747488 52.403449, 5.757513 52.407686, 5.779834 52.419312, 5.787803 52.422743, 5.797628 52.42913, 5.810763 52.436652, 5.822204 52.446278, 5.824681 52.451934, 5.821082 52.455766, 5.817807 52.458056, 5.822964 52.463997, 5.824596 52.460428, 5.82895 52.458841, 5.83132 52.460662, 5.836959 52.467489, 5.840296 52.467354, 5.842352 52.471831, 5.847807 52.481391, 5.852078 52.490433, 5.85164 52.493737, 5.853527 52.496653, 5.859046 52.500787, 5.863521 52.510936, 5.86551 52.516479, 5.866048 52.519643, 5.876505 52.523145)))",
            "level": 1,
            "name": "Gelderland"
        },
        "model": "studyarea.area",
        "pk": 6
    },
    {
        "fields": {
            "casestudy": 7,
            "code": "5",
            "content_type": 42,
            "geom": "SRID=4326;MULTIPOLYGON (((5.427909 52.529466, 5.429255 52.52915, 5.431137 52.530414, 5.436824 52.530232, 5.441514 52.533029, 5.447986 52.537529, 5.451512 52.543205, 5.455053 52.5487, 5.456817 52.550492, 5.457933 52.551661, 5.46083 52.553593, 5.462748 52.553998, 5.491717 52.554997, 5.495024 52.555419, 5.498453 52.556777, 5.55714 52.593123, 5.559633 52.594347, 5.5635 52.595817, 5.567737 52.596815, 5.573591 52.597819, 5.627546 52.606857, 5.63243 52.608137, 5.640956 52.612186, 5.643099 52.610702, 5.640506 52.609287, 5.650328 52.601414, 5.653665 52.599399, 5.656768 52.598241, 5.726534 52.587475, 5.757047 52.582753, 5.757221 52.580604, 5.763068 52.581158, 5.769793 52.581101, 5.795347 52.580878, 5.804016 52.580979, 5.810529 52.57975, 5.815267 52.577651, 5.850309 52.554032, 5.852783 52.551438, 5.85555 52.546295, 5.856585 52.536828, 5.857971 52.521258, 5.856311 52.516535, 5.850337 52.496974, 5.848055 52.493537, 5.822964 52.463997, 5.817807 52.458056, 5.811487 52.456535, 5.806976 52.449606, 5.79754 52.440233, 5.78263 52.432203, 5.764089 52.422656, 5.747606 52.415982, 5.741689 52.415459, 5.728934 52.417865, 5.72459 52.417533, 5.659569 52.397538, 5.626305 52.382057, 5.623455 52.379386, 5.619916 52.374807, 5.616377 52.371271, 5.610362 52.367868, 5.61283 52.367155, 5.615437 52.364357, 5.613916 52.363607, 5.611127 52.365952, 5.606627 52.367367, 5.587538 52.363966, 5.584784 52.363756, 5.56396 52.368123, 5.539953 52.351675, 5.538022 52.34906, 5.538329 52.346345, 5.542426 52.338735, 5.54251 52.337252, 5.545271 52.336141, 5.54795 52.336488, 5.553551 52.334892, 5.5493 52.329128, 5.55295 52.321684, 5.549512 52.314402, 5.528978 52.277181, 5.525674 52.274506, 5.471139 52.264125, 5.461236 52.26422, 5.456986 52.261907, 5.454318 52.260589, 5.431034 52.256286, 5.415834 52.253862, 5.404787 52.254029, 5.398171 52.256912, 5.387859 52.262818, 5.327907 52.297821, 5.314091 52.303584, 5.311328 52.304857, 5.294403 52.314066, 5.2743 52.321432, 5.254265 52.327186, 5.241189 52.33022, 5.222453 52.333208, 5.221019 52.33258, 5.216604 52.330614, 5.214075 52.333527, 5.210415 52.334765, 5.209167 52.334274, 5.206227 52.334959, 5.200633 52.337001, 5.194828 52.337626, 5.187663 52.336953, 5.159511 52.330496, 5.154831 52.329597, 5.149482 52.330836, 5.139444 52.326122, 5.137924 52.326767, 5.14699 52.332116, 5.143028 52.335098, 5.136462 52.339521, 5.134662 52.341811, 5.132178 52.358085, 5.130819 52.366977, 5.123289 52.375811, 5.122626 52.377764, 5.123459 52.380234, 5.125531 52.382073, 5.157243 52.393969, 5.162367 52.399511, 5.164626 52.4012, 5.180764 52.407285, 5.208648 52.417533, 5.217722 52.417763, 5.221453 52.4192, 5.22278 52.419711, 5.224613 52.418995, 5.224915 52.420453, 5.228848 52.421733, 5.232797 52.426457, 5.24518 52.430751, 5.258185 52.436205, 5.25862 52.436527, 5.322509 52.464049, 5.386025 52.491637, 5.390266 52.491676, 5.393816 52.491714, 5.396311 52.492502, 5.401009 52.495026, 5.418164 52.505002, 5.424912 52.508426, 5.431812 52.511541, 5.434767 52.513084, 5.439013 52.518135, 5.437073 52.519467, 5.435778 52.521556, 5.434193 52.526312, 5.428743 52.527323, 5.42298 52.527946, 5.423293 52.530449, 5.424211 52.53071, 5.42556 52.530969, 5.42619 52.536398, 5.426762 52.538158, 5.428102 52.540258, 5.439773 52.557387, 5.441543 52.559177, 5.443669 52.560669, 5.446602 52.562444, 5.450995 52.564238, 5.456455 52.565733, 5.466618 52.567692, 5.467632 52.568055, 5.467901 52.568992, 5.461165 52.584549, 5.459535 52.587594, 5.457537 52.591589, 5.456927 52.592781, 5.455549 52.594247, 5.405053 52.643675, 5.406673 52.644723, 5.457298 52.595329, 5.458657 52.593793, 5.459545 52.592201, 5.461728 52.587588, 5.470151 52.569328, 5.470576 52.568378, 5.470703 52.567852, 5.470624 52.56735, 5.469946 52.566825, 5.458659 52.564823, 5.453614 52.563694, 5.450254 52.562457, 5.446554 52.560696, 5.444354 52.559364, 5.442453 52.557871, 5.441246 52.556457, 5.429652 52.539453, 5.42876 52.537341, 5.428224 52.535489, 5.427909 52.529466)), ((5.751133 52.839392, 5.784967 52.817822, 5.788909 52.808667, 5.79 52.804704, 5.79615 52.807328, 5.802623 52.799252, 5.804829 52.797597, 5.807654 52.795608, 5.819264 52.789356, 5.819607 52.786093, 5.829801 52.7867, 5.833737 52.786892, 5.842807 52.786289, 5.843268 52.785452, 5.85039 52.78577, 5.861125 52.78263, 5.875976 52.775937, 5.880064 52.774503, 5.885658 52.770121, 5.894817 52.766343, 5.896409 52.764197, 5.898123 52.762828, 5.900487 52.762189, 5.906587 52.762314, 5.923072 52.751992, 5.924674 52.749331, 5.93046 52.741398, 5.935654 52.733068, 5.937492 52.729742, 5.940481 52.722587, 5.943287 52.716448, 5.952667 52.713492, 5.952808 52.711566, 5.955402 52.708669, 5.955138 52.704956, 5.959416 52.704975, 5.964081 52.700752, 5.965072 52.699063, 5.965325 52.697103, 5.964833 52.694606, 5.961574 52.691089, 5.959954 52.691083, 5.953097 52.686353, 5.95011 52.686868, 5.945946 52.684408, 5.945992 52.683674, 5.93455 52.676896, 5.933134 52.675366, 5.932943 52.673934, 5.934234 52.670858, 5.93928 52.669546, 5.941326 52.671601, 5.953505 52.668703, 5.957595 52.669021, 5.961574 52.6681, 5.964027 52.667243, 5.96665 52.667588, 5.969965 52.66635, 5.984864 52.65835, 5.983923 52.657662, 5.984295 52.657424, 5.984372 52.656667, 5.967524 52.641387, 5.966918 52.641018, 5.963116 52.639379, 5.896807 52.626067, 5.896781 52.626062, 5.885082 52.623663, 5.847167 52.616171, 5.847175 52.616159, 5.833331 52.613792, 5.769822 52.613721, 5.750509 52.613894, 5.747926 52.613543, 5.746214 52.613257, 5.74553 52.613267, 5.743801 52.613779, 5.66161 52.614357, 5.657265 52.615062, 5.6537 52.617, 5.653216 52.616694, 5.652263 52.617476, 5.652636 52.617788, 5.629646 52.638763, 5.615845 52.651482, 5.612735 52.652747, 5.600739 52.658353, 5.597528 52.658324, 5.595402 52.660946, 5.591092 52.662296, 5.592952 52.664326, 5.593614 52.677264, 5.593837 52.70333, 5.594755 52.747911, 5.595332 52.763873, 5.595806 52.766194, 5.59695 52.767736, 5.63376 52.803613, 5.660866 52.829609, 5.664188 52.831613, 5.66792 52.832997, 5.708407 52.835987, 5.710773 52.836516, 5.711997 52.838562, 5.722419 52.837163, 5.729348 52.834759, 5.725834 52.841364, 5.725056 52.844597, 5.747179 52.840835, 5.751133 52.839392)))",
            "level": 1,
            "name": "Flevoland"
        },
        "model": "studyarea.area",
        "pk": 5
    },
    {
        "fields": {
            "casestudy": 7,
            "code": "4",
            "content_type": 42,
            "geom": "SRID=4326;MULTIPOLYGON (((6.135579 52.841385, 6.152045 52.830011, 6.149835 52.829491, 6.157961 52.82632, 6.1697 52.817784, 6.172081 52.816735, 6.176147 52.815547, 6.178259 52.814348, 6.192149 52.803019, 6.192332 52.80285, 6.192222 52.802776, 6.197497 52.797548, 6.201878 52.793772, 6.196447 52.789134, 6.194895 52.787779, 6.191076 52.785922, 6.19117 52.785808, 6.188422 52.784028, 6.174166 52.774791, 6.169514 52.769781, 6.170315 52.768221, 6.169813 52.768174, 6.164671 52.767164, 6.163546 52.766943, 6.160283 52.765167, 6.159797 52.764903, 6.157065 52.763409, 6.139742 52.760014, 6.135142 52.759622, 6.133167 52.759264, 6.129337 52.75857, 6.122199 52.755677, 6.120209 52.752694, 6.120457 52.751092, 6.151751 52.704401, 6.150547 52.704048, 6.156346 52.694424, 6.156817 52.693633, 6.155672 52.692183, 6.159116 52.692965, 6.16113 52.692904, 6.162997 52.691949, 6.165635 52.689826, 6.168272 52.689283, 6.169839 52.686991, 6.163158 52.68054, 6.172258 52.678277, 6.182513 52.675908, 6.18391 52.675746, 6.182714 52.677957, 6.184944 52.678243, 6.183604 52.680554, 6.182979 52.680488, 6.181724 52.682574, 6.18607 52.683417, 6.188351 52.679955, 6.191927 52.679958, 6.192457 52.677554, 6.195092 52.677548, 6.195767 52.680224, 6.202538 52.685516, 6.205286 52.685051, 6.206246 52.685975, 6.213606 52.685579, 6.212833 52.686507, 6.215374 52.687359, 6.21993 52.68658, 6.219479 52.685265, 6.222105 52.684001, 6.22366 52.683251, 6.223863 52.6832, 6.227556 52.682279, 6.232601 52.682265, 6.234803 52.680943, 6.233542 52.679769, 6.238925 52.67854, 6.244364 52.679211, 6.24873 52.676349, 6.248447 52.673466, 6.25524 52.670493, 6.258345 52.671228, 6.259154 52.670504, 6.260735 52.671347, 6.266023 52.669877, 6.266003 52.668813, 6.266416 52.667805, 6.270912 52.665811, 6.273791 52.666123, 6.279768 52.66979, 6.285082 52.667803, 6.287187 52.664707, 6.292792 52.663441, 6.295689 52.663397, 6.298102 52.666925, 6.30277 52.668168, 6.306156 52.66716, 6.313703 52.668897, 6.319183 52.6712, 6.324208 52.671148, 6.327666 52.669179, 6.328713 52.665833, 6.326206 52.663508, 6.326294 52.66035, 6.328002 52.659118, 6.330189 52.657709, 6.332427 52.657501, 6.332321 52.656438, 6.336409 52.654869, 6.339927 52.655299, 6.342179 52.654233, 6.34404 52.652003, 6.347272 52.650295, 6.353302 52.64883, 6.354534 52.647042, 6.35766 52.646938, 6.3627 52.645794, 6.365082 52.642732, 6.363735 52.640457, 6.365328 52.638768, 6.369821 52.636381, 6.369935 52.633105, 6.37186 52.632556, 6.372709 52.630611, 6.374615 52.630041, 6.375484 52.628152, 6.375304 52.625131, 6.373799 52.62453, 6.377422 52.621455, 6.37711 52.618469, 6.381075 52.616146, 6.383861 52.61672, 6.384633 52.615406, 6.383774 52.61371, 6.385178 52.613374, 6.387394 52.614459, 6.391568 52.615441, 6.3944 52.618271, 6.397803 52.618678, 6.401644 52.617317, 6.404707 52.617683, 6.407244 52.618786, 6.406142 52.620998, 6.41027 52.622369, 6.414586 52.620488, 6.417449 52.619835, 6.419703 52.620198, 6.419827 52.621857, 6.427583 52.625396, 6.427531 52.62685, 6.429681 52.628783, 6.432735 52.628804, 6.436112 52.622695, 6.435503 52.620619, 6.443538 52.616492, 6.448809 52.616394, 6.453998 52.61537, 6.456393 52.616716, 6.459994 52.616787, 6.46161 52.617901, 6.461859 52.619261, 6.464544 52.622629, 6.463851 52.624011, 6.464823 52.624996, 6.47237 52.6259, 6.473994 52.622388, 6.476695 52.621931, 6.478297 52.620136, 6.4802 52.619563, 6.481473 52.618655, 6.483124 52.619688, 6.486564 52.620047, 6.486922 52.619401, 6.491301 52.620286, 6.493871 52.619933, 6.495613 52.618973, 6.499093 52.619377, 6.505553 52.618139, 6.508564 52.616213, 6.512309 52.615536, 6.512858 52.614418, 6.512994 52.613374, 6.515375 52.612394, 6.51573 52.612882, 6.518285 52.612105, 6.518328 52.61049, 6.520012 52.610192, 6.519505 52.61493, 6.516925 52.630914, 6.514575 52.647673, 6.53007 52.655848, 6.546299 52.66431, 6.552194 52.666364, 6.5588 52.667653, 6.581698 52.670458, 6.591852 52.672341, 6.608406 52.674285, 6.615118 52.675272, 6.630422 52.670591, 6.644497 52.666376, 6.687421 52.654905, 6.708996 52.649867, 6.708338 52.648443, 6.70623 52.646867, 6.706455 52.64538, 6.706366 52.644341, 6.702727 52.643472, 6.702397 52.642731, 6.703143 52.642384, 6.705607 52.642393, 6.707039 52.641311, 6.70725 52.640224, 6.705682 52.638075, 6.704565 52.637532, 6.704627 52.636561, 6.703376 52.635734, 6.704897 52.634229, 6.703399 52.631793, 6.701356 52.630834, 6.701363 52.629875, 6.701931 52.628775, 6.703336 52.628424, 6.706571 52.628644, 6.707822 52.627997, 6.711629 52.628876, 6.711654 52.627951, 6.714585 52.62791, 6.718824 52.62456, 6.719237 52.62313, 6.721205 52.622741, 6.72239 52.621432, 6.724528 52.621122, 6.728367 52.616186, 6.724593 52.608029, 6.7253 52.604781, 6.721523 52.599375, 6.721357 52.59735, 6.722098 52.596187, 6.720907 52.595213, 6.719201 52.5897, 6.758581 52.568977, 6.767326 52.564712, 6.767499 52.562753, 6.76473 52.562654, 6.752694 52.559853, 6.739781 52.563677, 6.735319 52.562782, 6.72648 52.564297, 6.720878 52.552777, 6.716665 52.551352, 6.716749 52.549473, 6.693306 52.552612, 6.681612 52.554128, 6.69552 52.535352, 6.706102 52.521343, 6.705164 52.519268, 6.698008 52.487142, 6.718604 52.479038, 6.72119 52.477922, 6.724273 52.478082, 6.754289 52.465158, 6.756995 52.464406, 6.775459 52.460742, 6.811593 52.460669, 6.836731 52.460699, 6.844588 52.460348, 6.855636 52.460756, 6.854027 52.450925, 6.862748 52.452243, 6.88891 52.447888, 6.942418 52.436427, 6.947918 52.437819, 6.960992 52.44496, 6.962658 52.444845, 6.96333 52.446592, 6.974745 52.460341, 6.977406 52.466653, 6.988069 52.470787, 6.994652 52.466396, 6.994864 52.463131, 7.003476 52.451005, 7.011305 52.430514, 7.023155 52.424065, 7.033268 52.408478, 7.036594 52.403859, 7.041965 52.403736, 7.047363 52.402261, 7.051583 52.401756, 7.052619 52.401198, 7.055121 52.402597, 7.059693 52.400224, 7.060266 52.39652, 7.064305 52.392192, 7.073122 52.373949, 7.072987 52.352545, 7.057329 52.339106, 7.055785 52.332784, 7.048383 52.32513, 7.047595 52.323217, 7.048629 52.321133, 7.048472 52.319147, 7.040462 52.30833, 7.027278 52.292681, 7.026831 52.288633, 7.027228 52.286754, 7.030333 52.282124, 7.030056 52.280333, 7.028219 52.279322, 7.029418 52.274404, 7.032477 52.273075, 7.040361 52.260939, 7.042871 52.25732, 7.066304 52.24227, 7.061907 52.235764, 7.053748 52.233387, 7.039039 52.228344, 7.02769 52.226611, 7.021609 52.226739, 7.018303 52.225829, 7.016412 52.227601, 7.008341 52.229125, 7.004274 52.229514, 6.997532 52.227984, 6.990904 52.228007, 6.98592 52.226162, 6.985751 52.224264, 6.981811 52.221753, 6.980722 52.218835, 6.980427 52.216047, 6.976895 52.210641, 6.973644 52.204908, 6.968289 52.198627, 6.963299 52.19504, 6.96293 52.191933, 6.958596 52.188045, 6.95167 52.181999, 6.949285 52.181061, 6.938359 52.180227, 6.935752 52.179036, 6.915044 52.178126, 6.908696 52.176983, 6.906557 52.17348, 6.906765 52.170949, 6.899364 52.167048, 6.890397 52.162056, 6.881169 52.157001, 6.882974 52.156908, 6.874461 52.134471, 6.874117 52.131688, 6.868797 52.129721, 6.856517 52.121556, 6.826568 52.119434, 6.761362 52.119385, 6.717065 52.119184, 6.711961 52.120725, 6.69827 52.124607, 6.679822 52.126801, 6.672789 52.128264, 6.663329 52.13118, 6.668808 52.138181, 6.672568 52.140243, 6.674823 52.14288, 6.674707 52.144001, 6.67418 52.149111, 6.671264 52.151499, 6.673959 52.152803, 6.673876 52.156846, 6.670841 52.157665, 6.674745 52.159906, 6.674601 52.162401, 6.672835 52.162514, 6.673987 52.164625, 6.672225 52.166976, 6.666218 52.16851, 6.666453 52.169133, 6.646184 52.175396, 6.646055 52.175436, 6.642443 52.171887, 6.640319 52.168992, 6.639305 52.16995, 6.634982 52.173671, 6.630942 52.174381, 6.629289 52.172662, 6.626561 52.17242, 6.6248 52.168931, 6.62232 52.168833, 6.618882 52.166598, 6.612595 52.163721, 6.608869 52.165593, 6.608301 52.165279, 6.6033 52.170116, 6.607548 52.173371, 6.594342 52.181868, 6.593067 52.181551, 6.591708 52.182275, 6.592449 52.182769, 6.590432 52.18325, 6.589231 52.182303, 6.584986 52.182431, 6.555332 52.178131, 6.517934 52.182007, 6.514022 52.182216, 6.509078 52.181319, 6.497612 52.178216, 6.493024 52.178071, 6.49004 52.180893, 6.486132 52.180989, 6.483695 52.182581, 6.479154 52.183475, 6.476829 52.187203, 6.473677 52.189225, 6.470356 52.194804, 6.470577 52.199751, 6.465339 52.201177, 6.460917 52.201016, 6.455797 52.202693, 6.453749 52.204559, 6.453684 52.207086, 6.446708 52.213905, 6.431609 52.223017, 6.423796 52.233488, 6.417756 52.23777, 6.416982 52.24036, 6.417197 52.243127, 6.411171 52.244, 6.397375 52.244064, 6.389725 52.243711, 6.384858 52.244839, 6.383008 52.246795, 6.382893 52.246762, 6.368359 52.242652, 6.351522 52.242592, 6.349393 52.240031, 6.343128 52.238775, 6.343089 52.23746, 6.341236 52.236979, 6.339539 52.237022, 6.338204 52.237018, 6.338052 52.228717, 6.327022 52.22794, 6.319956 52.226975, 6.298686 52.226486, 6.297589 52.230012, 6.293357 52.230783, 6.293036 52.232253, 6.287421 52.23117, 6.286174 52.232063, 6.275737 52.228527, 6.271947 52.229053, 6.271137 52.227789, 6.261287 52.229871, 6.258839 52.228908, 6.257811 52.228504, 6.251692 52.228157, 6.249207 52.228705, 6.247181 52.228128, 6.243869 52.229211, 6.240106 52.228362, 6.229754 52.230547, 6.222681 52.230081, 6.217857 52.232012, 6.214258 52.232798, 6.219024 52.227337, 6.211568 52.228963, 6.202568 52.230674, 6.190024 52.229961, 6.183685 52.23495, 6.177982 52.234589, 6.166612 52.232002, 6.16391 52.230042, 6.168322 52.22885, 6.167368 52.227724, 6.162992 52.228881, 6.164133 52.226124, 6.169305 52.221821, 6.16545 52.218956, 6.16273 52.219927, 6.164172 52.222321, 6.162983 52.224415, 6.160693 52.226438, 6.150592 52.228374, 6.146196 52.230482, 6.143966 52.232755, 6.142374 52.235322, 6.143562 52.240267, 6.149212 52.242274, 6.153254 52.244111, 6.154815 52.24531, 6.154875 52.247398, 6.154506 52.248252, 6.150927 52.249659, 6.149528 52.248964, 6.146109 52.248705, 6.144992 52.248133, 6.143265 52.248053, 6.139528 52.249107, 6.136615 52.250872, 6.132713 52.251666, 6.125252 52.252443, 6.123727 52.253953, 6.124908 52.256988, 6.130542 52.261802, 6.123856 52.26581, 6.123463 52.269321, 6.123372 52.270129, 6.12192 52.273043, 6.118336 52.275804, 6.112553 52.279596, 6.111605 52.282532, 6.11157 52.287865, 6.11081 52.29089, 6.105957 52.295147, 6.104798 52.298455, 6.101631 52.302166, 6.101836 52.302173, 6.101472 52.302351, 6.098206 52.302639, 6.098315 52.301614, 6.092558 52.301818, 6.088304 52.302318, 6.086384 52.303822, 6.084747 52.303428, 6.084519 52.303373, 6.082846 52.308907, 6.084088 52.312963, 6.082314 52.313059, 6.082133 52.313592, 6.080552 52.31828, 6.080084 52.318304, 6.073975 52.318609, 6.072485 52.318044, 6.068191 52.318609, 6.067874 52.31936, 6.067286 52.320745, 6.068811 52.322407, 6.072019 52.32365, 6.072268 52.324382, 6.073897 52.33158, 6.074705 52.331561, 6.075943 52.334221, 6.074229 52.335521, 6.075952 52.335707, 6.077203 52.341269, 6.075668 52.34299, 6.076118 52.351613, 6.079047 52.353372, 6.082837 52.353979, 6.090461 52.355957, 6.095221 52.357717, 6.094245 52.359409, 6.091772 52.360969, 6.087459 52.362187, 6.081957 52.363063, 6.078177 52.365258, 6.078006 52.368371, 6.078702 52.370581, 6.080783 52.37227, 6.085082 52.37369, 6.092456 52.374223, 6.115826 52.37872, 6.121256 52.380295, 6.124379 52.38277, 6.126381 52.386346, 6.12581 52.390196, 6.12544 52.392877, 6.126659 52.39548, 6.128709 52.397752, 6.130772 52.400915, 6.126192 52.401148, 6.124105 52.402995, 6.119041 52.403794, 6.116361 52.405785, 6.115561 52.407489, 6.114052 52.408252, 6.11171 52.40874, 6.112826 52.411608, 6.114555 52.413827, 6.114878 52.416041, 6.113947 52.418764, 6.115756 52.424196, 6.118002 52.426168, 6.118535 52.42949, 6.11672 52.431126, 6.119855 52.433818, 6.113939 52.439169, 6.109605 52.44165, 6.108952 52.441988, 6.10543 52.443595, 6.103296 52.445427, 6.10188 52.448329, 6.103275 52.452176, 6.103432 52.455283, 6.102598 52.464637, 6.101519 52.468419, 6.098543 52.472194, 6.095184 52.474772, 6.09 52.477744, 6.084489 52.479563, 6.077439 52.481415, 6.072296 52.483011, 6.068099 52.485292, 6.06328 52.489641, 6.062372 52.491555, 6.05957 52.496609, 6.057384 52.498998, 6.054599 52.500914, 6.050749 52.50319, 6.046927 52.504935, 6.043519 52.506369, 6.039566 52.507803, 6.028807 52.510764, 6.024219 52.506971, 6.021102 52.5061, 6.013545 52.507179, 6.009077 52.505942, 6.001562 52.501127, 5.979364 52.486429, 5.967556 52.478389, 5.965812 52.477391, 5.959542 52.483833, 5.958586 52.484864, 5.955849 52.484771, 5.953618 52.485206, 5.949286 52.484482, 5.937242 52.477002, 5.93537 52.478297, 5.926311 52.475391, 5.918223 52.490393, 5.91217 52.498403, 5.901557 52.508369, 5.888649 52.518263, 5.884165 52.520392, 5.879072 52.522642, 5.877451 52.522146, 5.876505 52.523145, 5.866048 52.519643, 5.862333 52.529339, 5.862581 52.533531, 5.859567 52.542241, 5.856632 52.545942, 5.856607 52.5472, 5.856308 52.550885, 5.852713 52.55593, 5.848355 52.559984, 5.8425 52.564821, 5.841052 52.568805, 5.836078 52.575558, 5.825725 52.580369, 5.816123 52.582971, 5.810129 52.583253, 5.816414 52.585788, 5.824591 52.587647, 5.827813 52.586578, 5.835562 52.587119, 5.840049 52.6023, 5.844411 52.612193, 5.88756 52.617871, 5.906024 52.620184, 5.912469 52.618179, 5.915849 52.614704, 5.933787 52.616327, 5.955951 52.624197, 5.956157 52.626131, 5.981597 52.629541, 5.990516 52.630743, 6.010239 52.63888, 6.012505 52.640451, 6.017865 52.644715, 6.016462 52.645202, 6.015584 52.646685, 6.001284 52.655133, 5.988683 52.657028, 5.984864 52.65835, 5.969965 52.66635, 5.96665 52.667588, 5.964027 52.667243, 5.961574 52.6681, 5.957595 52.669021, 5.953505 52.668703, 5.941326 52.671601, 5.93928 52.669546, 5.934234 52.670858, 5.932943 52.673934, 5.933134 52.675366, 5.93455 52.676896, 5.945992 52.683674, 5.945946 52.684408, 5.95011 52.686868, 5.953097 52.686353, 5.959954 52.691083, 5.961574 52.691089, 5.964833 52.694606, 5.965325 52.697103, 5.965072 52.699063, 5.964081 52.700752, 5.959416 52.704975, 5.955138 52.704956, 5.955402 52.708669, 5.952808 52.711566, 5.952667 52.713492, 5.943287 52.716448, 5.940481 52.722587, 5.937492 52.729742, 5.935654 52.733068, 5.93046 52.741398, 5.924674 52.749331, 5.923072 52.751992, 5.906587 52.762314, 5.900487 52.762189, 5.898123 52.762828, 5.896409 52.764197, 5.894817 52.766343, 5.885658 52.770121, 5.880064 52.774503, 5.875976 52.775937, 5.861125 52.78263, 5.85039 52.78577, 5.843268 52.785452, 5.842807 52.786289, 5.833737 52.786892, 5.829801 52.7867, 5.819607 52.786093, 5.819264 52.789356, 5.807654 52.795608, 5.804829 52.797597, 5.802623 52.799252, 5.79615 52.807328, 5.814835 52.816183, 5.819267 52.818038, 5.822535 52.816071, 5.824184 52.814663, 5.829323 52.814292, 5.833715 52.812687, 5.83532 52.811159, 5.837765 52.809068, 5.836774 52.808065, 5.836893 52.806908, 5.839478 52.8073, 5.842017 52.808607, 5.843377 52.807206, 5.844572 52.806241, 5.848893 52.806924, 5.852532 52.807094, 5.855277 52.80666, 5.857444 52.808289, 5.85864 52.807563, 5.859807 52.805763, 5.861726 52.805538, 5.866097 52.805625, 5.868677 52.803933, 5.871647 52.803304, 5.878427 52.801734, 5.880053 52.802185, 5.882286 52.804591, 5.893429 52.806928, 5.895609 52.808075, 5.898197 52.808683, 5.899038 52.809572, 5.900298 52.812474, 5.901495 52.813282, 5.908443 52.814455, 5.911176 52.815988, 5.913619 52.819248, 5.915912 52.821042, 5.921395 52.823782, 5.924188 52.824591, 5.923214 52.82776, 5.923429 52.828836, 5.924862 52.828914, 5.926238 52.828947, 5.926581 52.82961, 5.923369 52.830712, 5.922922 52.831581, 5.924005 52.832633, 5.925514 52.832815, 5.928919 52.832318, 5.930486 52.83266, 5.930568 52.833506, 5.927708 52.833978, 5.927128 52.834631, 5.928378 52.835487, 5.931739 52.836388, 5.938657 52.836792, 5.941637 52.837052, 5.946135 52.838659, 5.95314 52.83578, 5.954862 52.834531, 5.956369 52.834426, 5.957058 52.83558, 5.956029 52.838761, 5.957229 52.840293, 5.961861 52.842197, 5.970071 52.843535, 5.973369 52.843623, 5.976523 52.835771, 5.984119 52.827605, 5.986113 52.825052, 5.986848 52.823037, 5.990805 52.823238, 5.995238 52.819833, 5.997213 52.817485, 5.999853 52.817846, 6.007495 52.821209, 6.021833 52.823551, 6.025425 52.822915, 6.031388 52.816498, 6.034034 52.817449, 6.0392 52.818865, 6.047752 52.822254, 6.051248 52.824523, 6.055273 52.825854, 6.060779 52.827654, 6.055002 52.833975, 6.053206 52.838679, 6.05436 52.839227, 6.062863 52.840479, 6.065995 52.840723, 6.070287 52.840335, 6.08129 52.84002, 6.083196 52.840335, 6.084088 52.84095, 6.084 52.841568, 6.088735 52.844334, 6.090963 52.844683, 6.094402 52.845794, 6.11305 52.852477, 6.120297 52.855395, 6.129304 52.849043, 6.131208 52.845241, 6.135579 52.841385)))",
            "level": 1,
            "name": "Overijssel"
        },
        "model": "studyarea.area",
        "pk": 4
    },
    {
        "fields": {
            "casestudy": 7,
            "code": "3",
            "content_type": 42,
            "geom": "SRID=4326;MULTIPOLYGON (((6.49562 53.199318, 6.497594 53.199049, 6.506869 53.201103, 6.510891 53.199579, 6.514806 53.198527, 6.516326 53.199288, 6.527633 53.19695, 6.527866 53.197079, 6.531056 53.196664, 6.531655 53.196622, 6.536802 53.196726, 6.54134 53.187941, 6.541862 53.185957, 6.544235 53.186081, 6.545259 53.184712, 6.546585 53.184555, 6.548954 53.181759, 6.55984 53.170187, 6.56117 53.166718, 6.564179 53.158564, 6.58126 53.164197, 6.580919 53.163056, 6.581995 53.162929, 6.581829 53.161946, 6.583211 53.160785, 6.583592 53.159132, 6.587496 53.157378, 6.584564 53.155364, 6.584617 53.154127, 6.585684 53.154286, 6.587675 53.150346, 6.588025 53.147846, 6.588388 53.146205, 6.596202 53.146361, 6.596217 53.145146, 6.600154 53.145568, 6.606895 53.140962, 6.608832 53.14, 6.614381 53.136587, 6.614596 53.133448, 6.617646 53.133971, 6.617727 53.133031, 6.618931 53.132821, 6.619348 53.130618, 6.621865 53.12943, 6.621746 53.127657, 6.625447 53.125092, 6.627969 53.124087, 6.627661 53.122293, 6.628471 53.12052, 6.63 53.120913, 6.630902 53.12018, 6.628021 53.11796, 6.630335 53.115871, 6.633916 53.115345, 6.636469 53.114168, 6.635481 53.112417, 6.63711 53.111354, 6.636956 53.109639, 6.635341 53.107885, 6.635276 53.10713, 6.657077 53.1137, 6.672301 53.117747, 6.695404 53.122237, 6.711365 53.121128, 6.713099 53.12171, 6.738497 53.120833, 6.74844 53.114991, 6.750252 53.112858, 6.751814 53.112914, 6.752973 53.111111, 6.776933 53.095802, 6.790862 53.086975, 6.815138 53.071641, 6.827106 53.063946, 6.843567 53.053385, 6.861805 53.041851, 6.897127 53.019052, 6.936309 52.994566, 6.939956 52.991636, 6.948998 52.983656, 6.969995 52.965891, 6.980391 52.956436, 6.99486 52.943698, 7.015268 52.92618, 7.016311 52.926591, 7.016399 52.926632, 7.020149 52.92384, 7.022607 52.92253, 7.026798 52.920587, 7.046406 52.917077, 7.046217 52.916818, 7.043748 52.913357, 7.02941 52.893249, 7.029263 52.893042, 7.015928 52.874223, 7.015773 52.874003, 7.040804 52.873564, 7.043451 52.868137, 7.044268 52.866461, 7.046628 52.866614, 7.048808 52.864778, 7.05169 52.862198, 7.051859 52.862062, 7.055708 52.858964, 7.06339 52.852777, 7.064433 52.852653, 7.064844 52.852604, 7.066778 52.852376, 7.067928 52.851421, 7.070347 52.849411, 7.076035 52.850881, 7.077359 52.849969, 7.073985 52.846857, 7.072966 52.845446, 7.072473 52.844763, 7.071995 52.839209, 7.093455 52.838879, 7.072294 52.811127, 7.070266 52.785809, 7.064788 52.723379, 7.059287 52.67762, 7.05696 52.65681, 7.055721 52.645822, 7.056653 52.644433, 7.043157 52.633899, 7.039408 52.634112, 7.037952 52.635568, 7.035683 52.636099, 7.030567 52.635649, 7.015104 52.637539, 7.007709 52.639484, 7.005372 52.641801, 7.002891 52.643057, 6.999467 52.643023, 6.993445 52.642141, 6.985729 52.644467, 6.98381 52.645713, 6.975796 52.647289, 6.971017 52.643581, 6.968833 52.642668, 6.96009 52.642734, 6.954315 52.639797, 6.948241 52.640241, 6.94512 52.640223, 6.939365 52.638533, 6.931564 52.64032, 6.929378 52.641065, 6.919827 52.640671, 6.916221 52.642916, 6.915604 52.646804, 6.913816 52.648047, 6.903269 52.64943, 6.898996 52.651937, 6.894156 52.65222, 6.880172 52.651208, 6.873596 52.653956, 6.865576 52.650753, 6.862556 52.650655, 6.854525 52.650473, 6.85135 52.649445, 6.838918 52.652664, 6.831839 52.652074, 6.828293 52.650226, 6.819286 52.648939, 6.816907 52.64955, 6.808441 52.650374, 6.805861 52.652504, 6.802655 52.653063, 6.794815 52.651905, 6.790163 52.653832, 6.787896 52.653173, 6.784725 52.653514, 6.777737 52.652749, 6.773934 52.651129, 6.772485 52.651115, 6.768451 52.647806, 6.759457 52.649806, 6.753551 52.647067, 6.752325 52.648092, 6.753898 52.648996, 6.752642 52.649266, 6.749935 52.647947, 6.74428 52.646887, 6.741344 52.645271, 6.736793 52.641038, 6.731207 52.638205, 6.727643 52.63456, 6.72422 52.63305, 6.716832 52.631541, 6.711629 52.628876, 6.707822 52.627997, 6.706571 52.628644, 6.703336 52.628424, 6.701931 52.628775, 6.701363 52.629875, 6.701356 52.630834, 6.703399 52.631793, 6.704897 52.634229, 6.703376 52.635734, 6.704627 52.636561, 6.704565 52.637532, 6.705682 52.638075, 6.70725 52.640224, 6.707039 52.641311, 6.705607 52.642393, 6.703143 52.642384, 6.702397 52.642731, 6.702727 52.643472, 6.706366 52.644341, 6.706455 52.64538, 6.70623 52.646867, 6.708338 52.648443, 6.708996 52.649867, 6.687421 52.654905, 6.644497 52.666376, 6.630422 52.670591, 6.615118 52.675272, 6.608406 52.674285, 6.591852 52.672341, 6.581698 52.670458, 6.5588 52.667653, 6.552194 52.666364, 6.546299 52.66431, 6.53007 52.655848, 6.514575 52.647673, 6.516925 52.630914, 6.519505 52.61493, 6.520012 52.610192, 6.518328 52.61049, 6.518285 52.612105, 6.51573 52.612882, 6.515375 52.612394, 6.512994 52.613374, 6.512858 52.614418, 6.512309 52.615536, 6.508564 52.616213, 6.505553 52.618139, 6.499093 52.619377, 6.495613 52.618973, 6.493871 52.619933, 6.491301 52.620286, 6.486922 52.619401, 6.486564 52.620047, 6.483124 52.619688, 6.481473 52.618655, 6.4802 52.619563, 6.478297 52.620136, 6.476695 52.621931, 6.473994 52.622388, 6.47237 52.6259, 6.464823 52.624996, 6.463851 52.624011, 6.464544 52.622629, 6.461859 52.619261, 6.46161 52.617901, 6.459994 52.616787, 6.456393 52.616716, 6.453998 52.61537, 6.448809 52.616394, 6.443538 52.616492, 6.435503 52.620619, 6.436112 52.622695, 6.432735 52.628804, 6.429681 52.628783, 6.427531 52.62685, 6.427583 52.625396, 6.419827 52.621857, 6.419703 52.620198, 6.417449 52.619835, 6.414586 52.620488, 6.41027 52.622369, 6.406142 52.620998, 6.407244 52.618786, 6.404707 52.617683, 6.401644 52.617317, 6.397803 52.618678, 6.3944 52.618271, 6.391568 52.615441, 6.387394 52.614459, 6.385178 52.613374, 6.383774 52.61371, 6.384633 52.615406, 6.383861 52.61672, 6.381075 52.616146, 6.37711 52.618469, 6.377422 52.621455, 6.373799 52.62453, 6.375304 52.625131, 6.375484 52.628152, 6.374615 52.630041, 6.372709 52.630611, 6.37186 52.632556, 6.369935 52.633105, 6.369821 52.636381, 6.365328 52.638768, 6.363735 52.640457, 6.365082 52.642732, 6.3627 52.645794, 6.35766 52.646938, 6.354534 52.647042, 6.353302 52.64883, 6.347272 52.650295, 6.34404 52.652003, 6.342179 52.654233, 6.339927 52.655299, 6.336409 52.654869, 6.332321 52.656438, 6.332427 52.657501, 6.330189 52.657709, 6.328002 52.659118, 6.326294 52.66035, 6.326206 52.663508, 6.328713 52.665833, 6.327666 52.669179, 6.324208 52.671148, 6.319183 52.6712, 6.313703 52.668897, 6.306156 52.66716, 6.30277 52.668168, 6.298102 52.666925, 6.295689 52.663397, 6.292792 52.663441, 6.287187 52.664707, 6.285082 52.667803, 6.279768 52.66979, 6.273791 52.666123, 6.270912 52.665811, 6.266416 52.667805, 6.266003 52.668813, 6.266023 52.669877, 6.260735 52.671347, 6.259154 52.670504, 6.258345 52.671228, 6.25524 52.670493, 6.248447 52.673466, 6.24873 52.676349, 6.244364 52.679211, 6.238925 52.67854, 6.233542 52.679769, 6.234803 52.680943, 6.232601 52.682265, 6.227556 52.682279, 6.223863 52.6832, 6.22366 52.683251, 6.222105 52.684001, 6.219479 52.685265, 6.21993 52.68658, 6.215374 52.687359, 6.212833 52.686507, 6.213606 52.685579, 6.206246 52.685975, 6.205286 52.685051, 6.202538 52.685516, 6.195767 52.680224, 6.195092 52.677548, 6.192457 52.677554, 6.191927 52.679958, 6.188351 52.679955, 6.18607 52.683417, 6.181724 52.682574, 6.182979 52.680488, 6.183604 52.680554, 6.184944 52.678243, 6.182714 52.677957, 6.18391 52.675746, 6.182513 52.675908, 6.172258 52.678277, 6.163158 52.68054, 6.169839 52.686991, 6.168272 52.689283, 6.165635 52.689826, 6.162997 52.691949, 6.16113 52.692904, 6.159116 52.692965, 6.155672 52.692183, 6.156817 52.693633, 6.156346 52.694424, 6.150547 52.704048, 6.151751 52.704401, 6.120457 52.751092, 6.120209 52.752694, 6.122199 52.755677, 6.129337 52.75857, 6.133167 52.759264, 6.135142 52.759622, 6.139742 52.760014, 6.157065 52.763409, 6.159797 52.764903, 6.160283 52.765167, 6.163546 52.766943, 6.164671 52.767164, 6.169813 52.768174, 6.170315 52.768221, 6.169514 52.769781, 6.174166 52.774791, 6.188422 52.784028, 6.19117 52.785808, 6.191076 52.785922, 6.194895 52.787779, 6.196447 52.789134, 6.201878 52.793772, 6.197497 52.797548, 6.192222 52.802776, 6.192332 52.80285, 6.192149 52.803019, 6.178259 52.814348, 6.176147 52.815547, 6.172081 52.816735, 6.1697 52.817784, 6.157961 52.82632, 6.149835 52.829491, 6.152045 52.830011, 6.135579 52.841385, 6.131208 52.845241, 6.129304 52.849043, 6.120297 52.855395, 6.122648 52.856622, 6.127908 52.858585, 6.141965 52.8653, 6.144484 52.866459, 6.159358 52.873226, 6.166748 52.876368, 6.184574 52.88342, 6.202212 52.889967, 6.207348 52.892041, 6.232892 52.91494, 6.240583 52.918558, 6.244933 52.920713, 6.247239 52.923837, 6.248823 52.925191, 6.256514 52.928636, 6.275424 52.92778, 6.283648 52.927046, 6.302706 52.926059, 6.32393 52.912856, 6.334061 52.90725, 6.344415 52.911786, 6.370463 52.922973, 6.39117 52.931858, 6.395224 52.934054, 6.411533 52.953663, 6.428435 52.972637, 6.414606 52.986565, 6.400335 53.000002, 6.368604 53.029385, 6.363448 53.03503, 6.363648 53.03886, 6.365284 53.05147, 6.366208 53.053695, 6.368122 53.068183, 6.352072 53.071802, 6.331958 53.07612, 6.306055 53.082032, 6.315465 53.094932, 6.344674 53.088129, 6.357254 53.108106, 6.364223 53.108794, 6.366681 53.122945, 6.377296 53.139876, 6.381192 53.146683, 6.383144 53.149803, 6.382183 53.149997, 6.382226 53.154106, 6.390735 53.159215, 6.392102 53.162509, 6.393179 53.161742, 6.397137 53.165455, 6.401079 53.166008, 6.404287 53.168047, 6.405434 53.17029, 6.405682 53.174237, 6.406713 53.177686, 6.409196 53.179127, 6.441456 53.186737, 6.445645 53.187907, 6.447199 53.192202, 6.448212 53.19569, 6.451762 53.195751, 6.454858 53.197314, 6.458875 53.198208, 6.461674 53.200322, 6.462445 53.200873, 6.484451 53.204995, 6.486349 53.205019, 6.486333 53.204692, 6.487848 53.204363, 6.488781 53.204309, 6.489565 53.20424, 6.492471 53.202394, 6.493277 53.201941, 6.493265 53.201927, 6.493939 53.199665, 6.494021 53.199652, 6.494072 53.199613, 6.49562 53.199318)))",
            "level": 1,
            "name": "Drenthe"
        },
        "model": "studyarea.area",
        "pk": 3
    },
    {
        "fields": {
            "casestudy": 7,
            "code": "2",
            "content_type": 42,
            "geom": "SRID=4326;MULTIPOLYGON (((6.18505 53.414749, 6.1923 53.412074, 6.190112 53.410725, 6.18251 53.413468, 6.180123 53.413867, 6.178373 53.413635, 6.176085 53.412965, 6.164784 53.40935, 6.165052 53.40821, 6.160883 53.405429, 6.159167 53.403188, 6.157951 53.400594, 6.157828 53.396948, 6.158457 53.395376, 6.15787 53.393541, 6.157719 53.390102, 6.158173 53.388086, 6.159358 53.38577, 6.161602 53.384812, 6.16199 53.383004, 6.161259 53.382122, 6.16369 53.380323, 6.164908 53.378683, 6.165481 53.376011, 6.164504 53.373242, 6.163971 53.371324, 6.164243 53.369483, 6.164912 53.367602, 6.163949 53.365874, 6.165057 53.36473, 6.1674 53.365009, 6.169402 53.36191, 6.169439 53.359983, 6.169146 53.349811, 6.169864 53.349673, 6.170218 53.347589, 6.171387 53.345862, 6.174448 53.342843, 6.177922 53.340612, 6.178044 53.339222, 6.175769 53.336429, 6.176174 53.334862, 6.182761 53.338562, 6.187548 53.336638, 6.191801 53.334335, 6.197279 53.333282, 6.201335 53.33315, 6.199841 53.334531, 6.202811 53.335934, 6.197453 53.336365, 6.191473 53.337702, 6.188853 53.339839, 6.183977 53.343816, 6.17867 53.347952, 6.175627 53.35083, 6.176083 53.352347, 6.176785 53.354927, 6.17904 53.355758, 6.18244 53.357382, 6.185883 53.356389, 6.19288 53.354724, 6.197413 53.353402, 6.198667 53.350649, 6.198786 53.349224, 6.198041 53.347299, 6.197334 53.345373, 6.197401 53.343295, 6.19734 53.341691, 6.198278 53.340273, 6.199848 53.338856, 6.200064 53.339725, 6.198874 53.3411, 6.199908 53.341575, 6.199037 53.342818, 6.198868 53.344404, 6.199869 53.344581, 6.201791 53.342228, 6.202696 53.343129, 6.203202 53.348259, 6.203786 53.351128, 6.204447 53.352883, 6.20679 53.355099, 6.210818 53.354715, 6.218805 53.353432, 6.219931 53.35193, 6.219455 53.35046, 6.218765 53.34851, 6.220027 53.345573, 6.221931 53.343221, 6.2241 53.34162, 6.226769 53.340446, 6.229445 53.339054, 6.230778 53.337526, 6.230717 53.336322, 6.230462 53.333195, 6.231705 53.333998, 6.233792 53.33716, 6.237914 53.33683, 6.234858 53.338242, 6.23158 53.340907, 6.229279 53.341799, 6.224883 53.345402, 6.221824 53.348615, 6.224741 53.351589, 6.226293 53.349839, 6.227868 53.346678, 6.229978 53.344264, 6.231687 53.343005, 6.23485 53.342176, 6.237966 53.341934, 6.241277 53.342504, 6.244179 53.343665, 6.247105 53.345297, 6.249822 53.347299, 6.252236 53.347862, 6.255353 53.347987, 6.258546 53.347399, 6.260624 53.348397, 6.265094 53.347305, 6.269861 53.347033, 6.27428 53.346363, 6.281848 53.343211, 6.287446 53.342376, 6.281015 53.313761, 6.284534 53.313187, 6.287839 53.313549, 6.292773 53.311917, 6.294247 53.309774, 6.291046 53.30671, 6.289393 53.306198, 6.281024 53.305073, 6.279019 53.304302, 6.27652 53.302096, 6.274971 53.300509, 6.27471 53.297791, 6.27213 53.296111, 6.271456 53.295157, 6.271068 53.292703, 6.269429 53.29122, 6.267518 53.291877, 6.260644 53.291582, 6.257344 53.290834, 6.25444 53.289179, 6.253354 53.283932, 6.253289 53.282137, 6.253546 53.280283, 6.25223 53.278718, 6.254538 53.274286, 6.256252 53.272637, 6.256072 53.270102, 6.252434 53.268693, 6.249912 53.268509, 6.248332 53.269357, 6.247219 53.269103, 6.245133 53.268001, 6.244005 53.2664, 6.242258 53.265157, 6.239605 53.264208, 6.238105 53.262176, 6.238289 53.261202, 6.239451 53.260369, 6.238503 53.259052, 6.236109 53.257872, 6.233309 53.257907, 6.232744 53.256922, 6.233222 53.255931, 6.235471 53.255203, 6.235614 53.254047, 6.234895 53.252008, 6.232934 53.251247, 6.230398 53.251223, 6.230455 53.249691, 6.231676 53.248995, 6.23267 53.248346, 6.232739 53.24726, 6.231296 53.245958, 6.228576 53.246165, 6.224217 53.244404, 6.220237 53.243995, 6.219279 53.243113, 6.222742 53.241018, 6.223677 53.240813, 6.22523 53.240844, 6.225676 53.239699, 6.222917 53.239155, 6.222436 53.238636, 6.222216 53.238187, 6.221609 53.238361, 6.216335 53.237861, 6.21578 53.2378, 6.21558 53.23746, 6.215556 53.236604, 6.219392 53.23489, 6.217627 53.234769, 6.218784 53.233, 6.220806 53.233154, 6.223718 53.232273, 6.225375 53.230739, 6.225411 53.229104, 6.226829 53.227869, 6.226148 53.226549, 6.227036 53.225097, 6.231111 53.222712, 6.229804 53.220135, 6.230886 53.218887, 6.229125 53.217503, 6.226253 53.216524, 6.226416 53.214591, 6.222803 53.209688, 6.219355 53.206864, 6.213429 53.20398, 6.209644 53.200692, 6.205267 53.200827, 6.200465 53.199619, 6.199975 53.194586, 6.19781 53.193048, 6.195024 53.192294, 6.194431 53.190473, 6.191101 53.185326, 6.187069 53.181983, 6.186813 53.181711, 6.186881 53.181306, 6.186781 53.180963, 6.186485 53.180278, 6.182371 53.172012, 6.181883 53.171214, 6.181689 53.170987, 6.181401 53.17076, 6.18073 53.170534, 6.179868 53.170197, 6.1791 53.169743, 6.177975 53.168732, 6.177243 53.1655, 6.176784 53.160158, 6.176303 53.154152, 6.174986 53.138111, 6.175817 53.136031, 6.184716 53.129751, 6.186594 53.128787, 6.205158 53.116778, 6.208011 53.116103, 6.21594 53.115625, 6.223128 53.115163, 6.234235 53.114177, 6.243183 53.114214, 6.26207 53.115192, 6.271021 53.113112, 6.27613 53.111626, 6.283649 53.107786, 6.286484 53.105783, 6.291414 53.101028, 6.293298 53.100462, 6.297107 53.099387, 6.315465 53.094932, 6.306055 53.082032, 6.331958 53.07612, 6.352072 53.071802, 6.368122 53.068183, 6.366208 53.053695, 6.365284 53.05147, 6.363648 53.03886, 6.363448 53.03503, 6.368604 53.029385, 6.400335 53.000002, 6.414606 52.986565, 6.428435 52.972637, 6.411533 52.953663, 6.395224 52.934054, 6.39117 52.931858, 6.370463 52.922973, 6.344415 52.911786, 6.334061 52.90725, 6.32393 52.912856, 6.302706 52.926059, 6.283648 52.927046, 6.275424 52.92778, 6.256514 52.928636, 6.248823 52.925191, 6.247239 52.923837, 6.244933 52.920713, 6.240583 52.918558, 6.232892 52.91494, 6.207348 52.892041, 6.202212 52.889967, 6.184574 52.88342, 6.166748 52.876368, 6.159358 52.873226, 6.144484 52.866459, 6.141965 52.8653, 6.127908 52.858585, 6.122648 52.856622, 6.120297 52.855395, 6.11305 52.852477, 6.094402 52.845794, 6.090963 52.844683, 6.088735 52.844334, 6.084 52.841568, 6.084088 52.84095, 6.083196 52.840335, 6.08129 52.84002, 6.070287 52.840335, 6.065995 52.840723, 6.062863 52.840479, 6.05436 52.839227, 6.053206 52.838679, 6.055002 52.833975, 6.060779 52.827654, 6.055273 52.825854, 6.051248 52.824523, 6.047752 52.822254, 6.0392 52.818865, 6.034034 52.817449, 6.031388 52.816498, 6.025425 52.822915, 6.021833 52.823551, 6.007495 52.821209, 5.999853 52.817846, 5.997213 52.817485, 5.995238 52.819833, 5.990805 52.823238, 5.986848 52.823037, 5.986113 52.825052, 5.984119 52.827605, 5.976523 52.835771, 5.973369 52.843623, 5.970071 52.843535, 5.961861 52.842197, 5.957229 52.840293, 5.956029 52.838761, 5.957058 52.83558, 5.956369 52.834426, 5.954862 52.834531, 5.95314 52.83578, 5.946135 52.838659, 5.941637 52.837052, 5.938657 52.836792, 5.931739 52.836388, 5.928378 52.835487, 5.927128 52.834631, 5.927708 52.833978, 5.930568 52.833506, 5.930486 52.83266, 5.928919 52.832318, 5.925514 52.832815, 5.924005 52.832633, 5.922922 52.831581, 5.923369 52.830712, 5.926581 52.82961, 5.926238 52.828947, 5.924862 52.828914, 5.923429 52.828836, 5.923214 52.82776, 5.924188 52.824591, 5.921395 52.823782, 5.915912 52.821042, 5.913619 52.819248, 5.911176 52.815988, 5.908443 52.814455, 5.901495 52.813282, 5.900298 52.812474, 5.899038 52.809572, 5.898197 52.808683, 5.895609 52.808075, 5.893429 52.806928, 5.882286 52.804591, 5.880053 52.802185, 5.878427 52.801734, 5.871647 52.803304, 5.868677 52.803933, 5.866097 52.805625, 5.861726 52.805538, 5.859807 52.805763, 5.85864 52.807563, 5.857444 52.808289, 5.855277 52.80666, 5.852532 52.807094, 5.848893 52.806924, 5.844572 52.806241, 5.843377 52.807206, 5.842017 52.808607, 5.839478 52.8073, 5.836893 52.806908, 5.836774 52.808065, 5.837765 52.809068, 5.83532 52.811159, 5.833715 52.812687, 5.829323 52.814292, 5.824184 52.814663, 5.822535 52.816071, 5.819267 52.818038, 5.814835 52.816183, 5.79615 52.807328, 5.79 52.804704, 5.788909 52.808667, 5.784967 52.817822, 5.751133 52.839392, 5.747179 52.840835, 5.725056 52.844597, 5.725834 52.841364, 5.729348 52.834759, 5.722419 52.837163, 5.711997 52.838562, 5.71269 52.841669, 5.710275 52.841453, 5.705001 52.83844, 5.699809 52.841571, 5.702105 52.845009, 5.685419 52.846614, 5.657593 52.84454, 5.656152 52.854512, 5.653423 52.856796, 5.644173 52.861171, 5.634677 52.859, 5.619076 52.851916, 5.612909 52.852246, 5.601894 52.853052, 5.594761 52.851496, 5.584987 52.850394, 5.582666 52.849171, 5.582114 52.845641, 5.580826 52.842465, 5.5799 52.84034, 5.57022 52.835959, 5.554963 52.833687, 5.548628 52.833796, 5.508481 52.843967, 5.500445 52.846766, 5.476315 52.852845, 5.461918 52.855085, 5.454891 52.856003, 5.450413 52.855465, 5.4485 52.852865, 5.440722 52.85222, 5.436929 52.851907, 5.434254 52.850879, 5.430452 52.851197, 5.425684 52.849139, 5.414792 52.851323, 5.401219 52.856577, 5.387514 52.864292, 5.384043 52.867525, 5.376798 52.870581, 5.368811 52.8745, 5.364338 52.877727, 5.364056 52.878964, 5.359832 52.880163, 5.356724 52.885008, 5.353919 52.887699, 5.35768 52.890453, 5.361378 52.894019, 5.364632 52.895665, 5.37082 52.900238, 5.375121 52.901317, 5.382152 52.903207, 5.386487 52.905144, 5.38775 52.906236, 5.391174 52.906678, 5.39424 52.906125, 5.397597 52.907093, 5.400826 52.907215, 5.406325 52.910954, 5.407743 52.913213, 5.408236 52.915513, 5.407705 52.917542, 5.408744 52.920856, 5.409649 52.923004, 5.403784 52.934252, 5.401914 52.9397, 5.400484 52.941046, 5.396317 52.943688, 5.395874 52.944297, 5.396715 52.944831, 5.403232 52.94718, 5.407026 52.947001, 5.409445 52.949268, 5.409688 52.956047, 5.41192 52.958246, 5.412183 52.96705, 5.409746 52.972604, 5.410411 52.980231, 5.410131 52.985388, 5.406937 52.987921, 5.400313 52.999882, 5.407547 53.011979, 5.407965 53.01437, 5.405816 53.016195, 5.410583 53.026986, 5.405983 53.035565, 5.400662 53.036265, 5.399014 53.033805, 5.39622 53.032942, 5.393927 53.033545, 5.393774 53.036254, 5.391526 53.038502, 5.388636 53.043093, 5.382702 53.047236, 5.379495 53.053908, 5.379503 53.055438, 5.383186 53.056954, 5.375799 53.057314, 5.367775 53.067173, 5.366836 53.071498, 5.368938 53.074163, 5.373113 53.073123, 5.381091 53.072652, 5.386399 53.069295, 5.38939 53.06366, 5.391974 53.059715, 5.394888 53.057027, 5.400497 53.056548, 5.397215 53.06048, 5.393941 53.063077, 5.392179 53.065905, 5.390213 53.071085, 5.391792 53.073098, 5.389561 53.078084, 5.383162 53.085788, 5.379458 53.092654, 5.37322 53.090492, 5.352898 53.078668, 5.348235 53.076543, 5.344966 53.075336, 5.343629 53.074384, 5.338919 53.073446, 5.339223 53.070912, 5.335762 53.070172, 5.333879 53.073604, 5.303513 53.069052, 5.299506 53.068194, 5.29626 53.066735, 5.264935 53.050476, 5.220704 53.027299, 5.220161 53.026693, 5.213822 53.023128, 5.213266 53.022008, 5.205834 53.018234, 5.204357 53.018308, 5.1643 52.997821, 5.164389 52.999865, 5.263692 53.051854, 5.295676 53.068606, 5.298753 53.069746, 5.301929 53.070554, 5.344402 53.077264, 5.347917 53.078483, 5.350746 53.080147, 5.37824 53.096054, 5.380987 53.099166, 5.381891 53.102869, 5.382478 53.105759, 5.379422 53.109166, 5.387685 53.112417, 5.39425 53.114601, 5.398842 53.116918, 5.403668 53.121288, 5.406201 53.125602, 5.408577 53.133006, 5.412112 53.153025, 5.412501 53.157496, 5.41504 53.162109, 5.416281 53.166153, 5.415472 53.170447, 5.412145 53.172255, 5.41111 53.175062, 5.41203 53.177496, 5.417027 53.17909, 5.417016 53.185084, 5.422428 53.186207, 5.426013 53.192336, 5.429497 53.197985, 5.438451 53.211151, 5.442934 53.215548, 5.446269 53.219379, 5.450129 53.222429, 5.454738 53.224434, 5.462444 53.227697, 5.470731 53.23319, 5.472895 53.23571, 5.480664 53.239076, 5.482519 53.241311, 5.484873 53.242377, 5.490097 53.242996, 5.494587 53.24557, 5.503126 53.248577, 5.505668 53.250316, 5.515575 53.253163, 5.518599 53.255138, 5.525563 53.257207, 5.530992 53.260976, 5.538286 53.266039, 5.541409 53.268196, 5.548687 53.272569, 5.555146 53.275875, 5.56126 53.286049, 5.579396 53.297208, 5.588081 53.301979, 5.598224 53.305262, 5.617604 53.311, 5.62654 53.311692, 5.627815 53.31179, 5.631309 53.313072, 5.637478 53.314651, 5.675857 53.321603, 5.688815 53.324955, 5.701126 53.328997, 5.70985 53.332455, 5.719685 53.335471, 5.736124 53.340796, 5.744133 53.344389, 5.755202 53.348516, 5.771157 53.353478, 5.779128 53.355278, 5.801606 53.360903, 5.805641 53.362787, 5.810026 53.363357, 5.825288 53.367223, 5.832048 53.370073, 5.846224 53.375063, 5.850091 53.376683, 5.854302 53.377983, 5.865081 53.379102, 5.869236 53.380768, 5.870892 53.382119, 5.875617 53.384254, 5.888298 53.387958, 5.89521 53.387216, 5.909063 53.388507, 5.918572 53.387607, 5.92468 53.387502, 5.959657 53.394875, 5.970099 53.395595, 5.972157 53.398763, 5.976589 53.397407, 5.990371 53.398804, 5.996823 53.400205, 6.013588 53.403463, 6.019372 53.404336, 6.033942 53.405271, 6.04265 53.405184, 6.064669 53.407925, 6.067047 53.408199, 6.069837 53.408226, 6.078155 53.406753, 6.082559 53.407506, 6.085241 53.406276, 6.088752 53.407626, 6.09601 53.409032, 6.1163 53.406642, 6.132054 53.405405, 6.139282 53.404149, 6.159436 53.410219, 6.172773 53.414233, 6.177203 53.415383, 6.182212 53.415457, 6.18505 53.414749)), ((5.57455 53.444689, 5.57243 53.442312, 5.567247 53.443206, 5.564357 53.443032, 5.561623 53.441403, 5.554466 53.442069, 5.548245 53.442684, 5.543843 53.438239, 5.540362 53.434807, 5.530308 53.431442, 5.521273 53.430105, 5.513987 53.430873, 5.510362 53.431228, 5.50643 53.428004, 5.499889 53.425197, 5.493323 53.423842, 5.486037 53.421016, 5.47982 53.41983, 5.472148 53.421398, 5.467485 53.42232, 5.47031 53.417531, 5.470771 53.414875, 5.464666 53.412612, 5.468585 53.410792, 5.47274 53.410274, 5.468645 53.409098, 5.4662 53.407259, 5.462906 53.405941, 5.451838 53.405149, 5.441913 53.404802, 5.421583 53.405276, 5.409409 53.405498, 5.399658 53.405044, 5.389944 53.403726, 5.381065 53.401699, 5.372739 53.397866, 5.364385 53.393524, 5.357915 53.388874, 5.341939 53.382351, 5.338545 53.380825, 5.336225 53.382085, 5.332651 53.381988, 5.32738 53.379697, 5.323547 53.379194, 5.315343 53.381005, 5.312872 53.381215, 5.309452 53.37826, 5.30669 53.376853, 5.300802 53.3767, 5.295422 53.377036, 5.296347 53.372134, 5.295066 53.371223, 5.284578 53.372576, 5.278657 53.374105, 5.274569 53.373931, 5.270774 53.372504, 5.267167 53.372219, 5.260197 53.373576, 5.257143 53.373296, 5.254095 53.371, 5.243515 53.366122, 5.237847 53.367375, 5.229143 53.365949, 5.222065 53.363545, 5.21853 53.360102, 5.219322 53.355533, 5.215697 53.354416, 5.211551 53.356869, 5.206411 53.356776, 5.200414 53.353262, 5.197805 53.351199, 5.19112 53.346941, 5.182187 53.344102, 5.179967 53.344233, 5.172423 53.346432, 5.162408 53.349692, 5.157017 53.352157, 5.155286 53.35737, 5.153942 53.359968, 5.153026 53.365517, 5.1547 53.367116, 5.16217 53.370748, 5.176504 53.379033, 5.18214 53.38335, 5.184497 53.387245, 5.185656 53.391602, 5.187998 53.394552, 5.191928 53.39747, 5.19774 53.399309, 5.204663 53.400329, 5.222184 53.402183, 5.245352 53.404971, 5.262397 53.406953, 5.281189 53.408774, 5.296148 53.410872, 5.316154 53.413389, 5.348797 53.418655, 5.380135 53.424514, 5.410468 53.43024, 5.440178 53.435978, 5.462986 53.440699, 5.497084 53.448841, 5.510011 53.452214, 5.51569 53.452967, 5.528185 53.45404, 5.540462 53.454715, 5.547819 53.454356, 5.563081 53.450809, 5.571016 53.448249, 5.57455 53.444689)), ((5.714454 53.460518, 5.731599 53.460065, 5.744558 53.460218, 5.762541 53.460965, 5.771596 53.461538, 5.784095 53.462206, 5.808159 53.463678, 5.814169 53.463962, 5.838912 53.465671, 5.862098 53.466982, 5.885487 53.468068, 5.906454 53.469272, 5.911994 53.469213, 5.914198 53.469345, 5.930204 53.469017, 5.942958 53.468247, 5.954871 53.46659, 5.962861 53.463806, 5.965694 53.461574, 5.962214 53.459225, 5.95592 53.457799, 5.946609 53.457818, 5.942708 53.45888, 5.938592 53.458916, 5.931339 53.457178, 5.918631 53.458026, 5.914099 53.458695, 5.908035 53.458508, 5.904299 53.457661, 5.892085 53.452993, 5.872175 53.450033, 5.864417 53.448788, 5.843407 53.445378, 5.830961 53.44382, 5.814091 53.440643, 5.803342 53.43896, 5.78854 53.439533, 5.780759 53.439269, 5.774098 53.440605, 5.763842 53.441249, 5.754487 53.440727, 5.745937 53.442174, 5.733904 53.44404, 5.729739 53.443982, 5.725083 53.443473, 5.72167 53.442365, 5.719508 53.440339, 5.717142 53.437215, 5.713359 53.435185, 5.704863 53.43199, 5.698605 53.429561, 5.690079 53.428588, 5.682176 53.425971, 5.676893 53.425466, 5.66439 53.426825, 5.652696 53.427166, 5.647597 53.427128, 5.631337 53.430755, 5.622831 53.435962, 5.616547 53.442154, 5.615069 53.445377, 5.614435 53.451511, 5.616401 53.45842, 5.619793 53.462279, 5.624831 53.466179, 5.632196 53.468543, 5.641719 53.471479, 5.646016 53.470724, 5.662677 53.467216, 5.682768 53.463521, 5.697595 53.461562, 5.714454 53.460518)), ((6.334739 53.501442, 6.33205 53.500194, 6.325495 53.499494, 6.3162 53.498596, 6.302562 53.494488, 6.291212 53.491848, 6.283451 53.490829, 6.277663 53.489621, 6.269521 53.484182, 6.262987 53.483079, 6.257252 53.480409, 6.245257 53.477753, 6.238631 53.477071, 6.228505 53.47738, 6.221651 53.4772, 6.205889 53.474857, 6.196161 53.473288, 6.181591 53.472894, 6.166508 53.473182, 6.160764 53.472838, 6.15726 53.472055, 6.157659 53.470078, 6.154423 53.468964, 6.157675 53.46728, 6.149024 53.467956, 6.145921 53.465756, 6.150333 53.45957, 6.150199 53.458872, 6.139461 53.45729, 6.138176 53.454744, 6.136587 53.454301, 6.132838 53.455563, 6.130851 53.457816, 6.122547 53.460112, 6.11855 53.462961, 6.117537 53.465944, 6.118804 53.471368, 6.125932 53.480852, 6.132104 53.487365, 6.154643 53.500697, 6.158227 53.502473, 6.164187 53.504394, 6.168995 53.504043, 6.175084 53.502902, 6.19644 53.501354, 6.21305 53.502692, 6.246775 53.505793, 6.272606 53.507603, 6.290927 53.508856, 6.306889 53.509452, 6.318977 53.509212, 6.32809 53.507996, 6.334363 53.506195, 6.335059 53.503931, 6.334739 53.501442)), ((5.096169 53.297974, 5.091013 53.295862, 5.086319 53.297048, 5.075922 53.296976, 5.062339 53.294608, 5.059555 53.292303, 5.052975 53.288786, 5.038362 53.283469, 5.027909 53.280201, 4.992481 53.272549, 4.973679 53.267482, 4.969997 53.265661, 4.977498 53.254226, 4.98249 53.254363, 4.984089 53.253447, 4.983528 53.25087, 4.97658 53.246384, 4.970235 53.244351, 4.966475 53.241672, 4.955886 53.239345, 4.941206 53.234942, 4.937861 53.23167, 4.933141 53.225723, 4.922666 53.21716, 4.919415 53.215958, 4.916638 53.215732, 4.900798 53.217355, 4.886107 53.218528, 4.879763 53.216845, 4.874676 53.216063, 4.869646 53.217878, 4.865108 53.217236, 4.862999 53.21523, 4.862226 53.214189, 4.857852 53.210806, 4.85246 53.210782, 4.847046 53.212627, 4.843082 53.215604, 4.843063 53.217098, 4.846449 53.221225, 4.851317 53.224236, 4.859632 53.225767, 4.863273 53.226329, 4.909914 53.244466, 4.931772 53.254061, 4.944434 53.261481, 4.958045 53.272295, 4.965691 53.275355, 4.981955 53.282625, 5.017478 53.295852, 5.035403 53.303, 5.050496 53.306353, 5.060394 53.308986, 5.075279 53.309075, 5.086581 53.30897, 5.094767 53.307827, 5.100108 53.305638, 5.101174 53.303494, 5.100263 53.300892, 5.096169 53.297974)))",
            "level": 1,
            "name": "Friesland"
        },
        "model": "studyarea.area",
        "pk": 2
    },
    {
        "fields": {
            "casestudy": 7,
            "code": "1",
            "content_type": 42,
            "geom": "SRID=4326;MULTIPOLYGON (((6.785391 53.45996, 6.797903 53.455395, 6.814418 53.46424, 6.833898 53.459589, 6.835853 53.456795, 6.833308 53.451656, 6.814615 53.454239, 6.813489 53.451508, 6.829902 53.448941, 6.828879 53.446766, 6.820549 53.448057, 6.819636 53.446178, 6.824024 53.445763, 6.833028 53.444163, 6.83804 53.444809, 6.847437 53.44343, 6.848549 53.44583, 6.838287 53.447578, 6.842879 53.457853, 6.846291 53.456665, 6.858109 53.453783, 6.864423 53.451621, 6.882996 53.441545, 6.883723 53.438371, 6.875715 53.422235, 6.874744 53.409355, 6.878991 53.406965, 6.889733 53.396908, 6.886217 53.394264, 6.886259 53.393167, 6.890031 53.392805, 6.891684 53.390244, 6.889632 53.385039, 6.889897 53.383437, 6.890375 53.380702, 6.893255 53.376646, 6.892337 53.375452, 6.896773 53.370764, 6.895773 53.365189, 6.897541 53.362647, 6.898327 53.35646, 6.900373 53.352167, 6.903238 53.348728, 6.90922 53.348209, 6.918268 53.34361, 6.928658 53.337942, 6.930892 53.336077, 6.935106 53.335278, 6.929513 53.328894, 6.932984 53.327269, 6.943265 53.325026, 6.941128 53.32258, 6.942527 53.322225, 6.945743 53.324436, 6.948989 53.323088, 6.957955 53.321793, 6.964571 53.321407, 6.970578 53.320663, 6.992367 53.314777, 7.011287 53.307359, 7.026965 53.303825, 7.031261 53.303773, 7.037069 53.304918, 7.045733 53.30266, 7.047846 53.300885, 7.069311 53.301006, 7.070482 53.301488, 7.075965 53.301447, 7.081412 53.305032, 7.089769 53.30591, 7.094816 53.307901, 7.099137 53.309492, 7.100351 53.308899, 7.099339 53.306183, 7.094581 53.304656, 7.091283 53.301697, 7.084302 53.298038, 7.082799 53.292147, 7.085491 53.284074, 7.083471 53.28205, 7.081286 53.278197, 7.079326 53.272664, 7.079783 53.267528, 7.084981 53.263267, 7.092412 53.258286, 7.100107 53.255438, 7.107338 53.25376, 7.116962 53.253096, 7.122133 53.252296, 7.12489 53.252576, 7.133393 53.252104, 7.138362 53.250153, 7.144004 53.247793, 7.149106 53.247919, 7.155875 53.246267, 7.16091 53.248119, 7.166308 53.246607, 7.173896 53.243584, 7.190449 53.240309, 7.204279 53.239361, 7.210095 53.245019, 7.213849 53.229833, 7.211637 53.229869, 7.21652 53.220738, 7.218148 53.217016, 7.219258 53.2009, 7.218735 53.198711, 7.217247 53.196716, 7.212966 53.194083, 7.209134 53.189498, 7.229154 53.181097, 7.217162 53.178368, 7.207418 53.176941, 7.204085 53.177306, 7.192176 53.162939, 7.192377 53.160966, 7.190466 53.1585, 7.190621 53.15678, 7.190815 53.149173, 7.184967 53.143086, 7.184409 53.141092, 7.181252 53.13883, 7.179812 53.139392, 7.181875 53.129692, 7.184446 53.126191, 7.186909 53.125543, 7.183666 53.122562, 7.203725 53.11436, 7.200106 53.083101, 7.202346 53.071369, 7.205118 53.056545, 7.20893 53.037066, 7.214261 53.012048, 7.218411 53.008147, 7.210713 53.001913, 7.202568 52.985489, 7.182951 52.943564, 7.13647 52.896641, 7.106141 52.865758, 7.087897 52.850885, 7.093455 52.838879, 7.071995 52.839209, 7.072473 52.844763, 7.072966 52.845446, 7.073985 52.846857, 7.077359 52.849969, 7.076035 52.850881, 7.070347 52.849411, 7.067928 52.851421, 7.066778 52.852376, 7.064844 52.852604, 7.064433 52.852653, 7.06339 52.852777, 7.055708 52.858964, 7.051859 52.862062, 7.05169 52.862198, 7.048808 52.864778, 7.046628 52.866614, 7.044268 52.866461, 7.043451 52.868137, 7.040804 52.873564, 7.015773 52.874003, 7.015928 52.874223, 7.029263 52.893042, 7.02941 52.893249, 7.043748 52.913357, 7.046217 52.916818, 7.046406 52.917077, 7.026798 52.920587, 7.022607 52.92253, 7.020149 52.92384, 7.016399 52.926632, 7.016311 52.926591, 7.015268 52.92618, 6.99486 52.943698, 6.980391 52.956436, 6.969995 52.965891, 6.948998 52.983656, 6.939956 52.991636, 6.936309 52.994566, 6.897127 53.019052, 6.861805 53.041851, 6.843567 53.053385, 6.827106 53.063946, 6.815138 53.071641, 6.790862 53.086975, 6.776933 53.095802, 6.752973 53.111111, 6.751814 53.112914, 6.750252 53.112858, 6.74844 53.114991, 6.738497 53.120833, 6.713099 53.12171, 6.711365 53.121128, 6.695404 53.122237, 6.672301 53.117747, 6.657077 53.1137, 6.635276 53.10713, 6.635341 53.107885, 6.636956 53.109639, 6.63711 53.111354, 6.635481 53.112417, 6.636469 53.114168, 6.633916 53.115345, 6.630335 53.115871, 6.628021 53.11796, 6.630902 53.12018, 6.63 53.120913, 6.628471 53.12052, 6.627661 53.122293, 6.627969 53.124087, 6.625447 53.125092, 6.621746 53.127657, 6.621865 53.12943, 6.619348 53.130618, 6.618931 53.132821, 6.617727 53.133031, 6.617646 53.133971, 6.614596 53.133448, 6.614381 53.136587, 6.608832 53.14, 6.606895 53.140962, 6.600155 53.145568, 6.596217 53.145146, 6.596202 53.146361, 6.588388 53.146205, 6.588025 53.147846, 6.587675 53.150346, 6.585684 53.154286, 6.584617 53.154127, 6.584564 53.155364, 6.587496 53.157378, 6.583592 53.159132, 6.583211 53.160785, 6.581829 53.161946, 6.581995 53.162929, 6.580919 53.163056, 6.58126 53.164197, 6.564179 53.158564, 6.56117 53.166718, 6.55984 53.170187, 6.548954 53.181759, 6.546585 53.184555, 6.545259 53.184712, 6.544235 53.186081, 6.541862 53.185957, 6.54134 53.187941, 6.536802 53.196726, 6.531655 53.196622, 6.531056 53.196664, 6.527866 53.197079, 6.527633 53.19695, 6.516326 53.199288, 6.514806 53.198527, 6.510891 53.199579, 6.506869 53.201103, 6.497594 53.199049, 6.49562 53.199318, 6.494072 53.199613, 6.494021 53.199652, 6.493939 53.199665, 6.493265 53.201927, 6.493277 53.201941, 6.492471 53.202394, 6.489565 53.20424, 6.488781 53.204309, 6.487848 53.204363, 6.486333 53.204692, 6.486349 53.205019, 6.484451 53.204995, 6.462445 53.200873, 6.461674 53.200322, 6.458875 53.198208, 6.454858 53.197314, 6.451762 53.195751, 6.448212 53.19569, 6.447199 53.192202, 6.445645 53.187907, 6.441456 53.186737, 6.409196 53.179127, 6.406713 53.177686, 6.405682 53.174237, 6.405434 53.17029, 6.404287 53.168047, 6.401079 53.166008, 6.397137 53.165455, 6.393179 53.161742, 6.392102 53.162509, 6.390735 53.159215, 6.382226 53.154106, 6.382183 53.149997, 6.383144 53.149803, 6.381192 53.146683, 6.377296 53.139876, 6.366681 53.122945, 6.364223 53.108794, 6.357254 53.108106, 6.344674 53.088129, 6.315465 53.094932, 6.297107 53.099387, 6.293298 53.100462, 6.291414 53.101028, 6.286484 53.105783, 6.283649 53.107786, 6.27613 53.111626, 6.271021 53.113112, 6.26207 53.115192, 6.243183 53.114214, 6.234235 53.114177, 6.223128 53.115163, 6.21594 53.115625, 6.208011 53.116103, 6.205158 53.116778, 6.186594 53.128787, 6.184716 53.129751, 6.175817 53.136031, 6.174986 53.138111, 6.176303 53.154152, 6.176784 53.160158, 6.177243 53.1655, 6.177975 53.168732, 6.1791 53.169743, 6.179868 53.170197, 6.18073 53.170534, 6.181401 53.17076, 6.181689 53.170987, 6.181883 53.171214, 6.182371 53.172012, 6.186485 53.180278, 6.186781 53.180963, 6.186881 53.181306, 6.186813 53.181711, 6.187069 53.181983, 6.191101 53.185326, 6.194431 53.190473, 6.195024 53.192294, 6.19781 53.193048, 6.199975 53.194586, 6.200465 53.199619, 6.205267 53.200827, 6.209644 53.200692, 6.213429 53.20398, 6.219355 53.206864, 6.222803 53.209688, 6.226416 53.214591, 6.226253 53.216524, 6.229125 53.217503, 6.230886 53.218887, 6.229804 53.220135, 6.231111 53.222712, 6.227036 53.225097, 6.226148 53.226549, 6.226829 53.227869, 6.225411 53.229104, 6.225375 53.230739, 6.223718 53.232273, 6.220806 53.233154, 6.218784 53.233, 6.217627 53.234769, 6.219392 53.23489, 6.215556 53.236604, 6.21558 53.23746, 6.21578 53.2378, 6.216335 53.237861, 6.221609 53.238361, 6.222216 53.238187, 6.222436 53.238636, 6.222917 53.239155, 6.225676 53.239699, 6.22523 53.240844, 6.223677 53.240813, 6.222742 53.241018, 6.219279 53.243113, 6.220237 53.243995, 6.224217 53.244404, 6.228576 53.246165, 6.231296 53.245958, 6.232739 53.24726, 6.23267 53.248346, 6.231676 53.248995, 6.230455 53.249691, 6.230398 53.251223, 6.232934 53.251247, 6.234895 53.252008, 6.235614 53.254047, 6.235471 53.255203, 6.233222 53.255931, 6.232744 53.256922, 6.233309 53.257907, 6.236109 53.257872, 6.238503 53.259052, 6.239451 53.260369, 6.238289 53.261202, 6.238105 53.262176, 6.239605 53.264208, 6.242258 53.265157, 6.244005 53.2664, 6.245133 53.268001, 6.247219 53.269103, 6.248332 53.269357, 6.249912 53.268509, 6.252434 53.268693, 6.256072 53.270102, 6.256252 53.272637, 6.254538 53.274286, 6.25223 53.278718, 6.253546 53.280283, 6.253289 53.282137, 6.253354 53.283932, 6.25444 53.289179, 6.257344 53.290834, 6.260644 53.291582, 6.267518 53.291877, 6.269429 53.29122, 6.271068 53.292703, 6.271456 53.295157, 6.27213 53.296111, 6.27471 53.297791, 6.274971 53.300509, 6.27652 53.302096, 6.279019 53.304302, 6.281024 53.305073, 6.289393 53.306198, 6.291046 53.30671, 6.294247 53.309774, 6.292773 53.311917, 6.287839 53.313549, 6.284534 53.313187, 6.281015 53.313761, 6.287446 53.342376, 6.281848 53.343211, 6.27428 53.346363, 6.269861 53.347033, 6.265094 53.347305, 6.260624 53.348397, 6.259789 53.348924, 6.254266 53.349865, 6.250425 53.349387, 6.248016 53.34817, 6.245067 53.34646, 6.242338 53.344961, 6.24065 53.34442, 6.238207 53.344042, 6.236089 53.344001, 6.2342 53.344402, 6.233119 53.345639, 6.233923 53.346817, 6.234199 53.348499, 6.233139 53.351627, 6.233416 53.352586, 6.235202 53.352793, 6.241735 53.353681, 6.24568 53.354318, 6.247148 53.354658, 6.247812 53.355333, 6.250808 53.357181, 6.25214 53.358591, 6.254142 53.358529, 6.256351 53.358087, 6.257776 53.359069, 6.254934 53.359479, 6.256681 53.361155, 6.253418 53.360046, 6.252464 53.361521, 6.248902 53.36168, 6.244538 53.359962, 6.243131 53.358943, 6.241286 53.358714, 6.238885 53.359149, 6.236187 53.360507, 6.230905 53.361352, 6.231053 53.36198, 6.234058 53.362153, 6.236713 53.362941, 6.24079 53.364643, 6.242831 53.365006, 6.245773 53.365044, 6.240378 53.366303, 6.238949 53.369336, 6.23761 53.369659, 6.233915 53.367204, 6.223168 53.364938, 6.217356 53.364369, 6.217099 53.365326, 6.21525 53.366886, 6.211781 53.366996, 6.210261 53.367884, 6.21095 53.369443, 6.213227 53.370296, 6.213915 53.372566, 6.21694 53.372716, 6.222184 53.372252, 6.225092 53.373116, 6.232241 53.373281, 6.22879 53.374504, 6.225444 53.374773, 6.222821 53.374237, 6.219148 53.374856, 6.213217 53.375745, 6.207732 53.376375, 6.201099 53.375866, 6.196619 53.377509, 6.191623 53.378392, 6.187212 53.377624, 6.185282 53.378336, 6.18324 53.380644, 6.18234 53.382152, 6.186414 53.383788, 6.19195 53.383009, 6.196253 53.383149, 6.199484 53.383203, 6.201107 53.383988, 6.20097 53.385804, 6.197734 53.387905, 6.195911 53.390394, 6.19265 53.390866, 6.192842 53.392411, 6.185468 53.393888, 6.181417 53.394272, 6.180769 53.396957, 6.183491 53.402506, 6.186069 53.404008, 6.199121 53.403333, 6.20312 53.400437, 6.205768 53.39877, 6.212495 53.396179, 6.215867 53.392228, 6.21878 53.39019, 6.221073 53.389436, 6.224795 53.388299, 6.226945 53.389246, 6.234278 53.389626, 6.236756 53.390635, 6.236531 53.392945, 6.234652 53.395791, 6.229945 53.396395, 6.223165 53.397531, 6.222018 53.396771, 6.219107 53.398857, 6.210144 53.402188, 6.210452 53.405636, 6.204262 53.404511, 6.196952 53.407307, 6.196962 53.407869, 6.196079 53.408183, 6.194781 53.407817, 6.192734 53.408922, 6.19274 53.409794, 6.194494 53.411879, 6.198427 53.412942, 6.201579 53.412759, 6.202989 53.41096, 6.206191 53.411667, 6.208067 53.408977, 6.245114 53.41631, 6.250985 53.416491, 6.255762 53.416299, 6.296427 53.402806, 6.299504 53.401512, 6.307245 53.394168, 6.309556 53.394066, 6.365617 53.409095, 6.393427 53.41579, 6.401278 53.417064, 6.413077 53.419015, 6.420654 53.420989, 6.427041 53.42211, 6.441915 53.423426, 6.464005 53.425324, 6.470527 53.426372, 6.483605 53.42825, 6.493321 53.428763, 6.506536 53.428597, 6.516991 53.428859, 6.526151 53.429157, 6.540011 53.430953, 6.546538 53.43211, 6.556767 53.433723, 6.566987 53.435061, 6.579075 53.436847, 6.585545 53.438578, 6.59236 53.439697, 6.624527 53.447701, 6.631028 53.45039, 6.638171 53.452121, 6.650568 53.454367, 6.662468 53.457259, 6.667206 53.457801, 6.686344 53.461906, 6.700617 53.463989, 6.723551 53.465499, 6.741453 53.466789, 6.748798 53.466876, 6.754872 53.466402, 6.765276 53.464647, 6.779964 53.461521, 6.785391 53.45996)), ((6.446139 53.55176, 6.468279 53.54502, 6.486809 53.544852, 6.503177 53.540816, 6.507799 53.533821, 6.502969 53.532843, 6.497614 53.538005, 6.492489 53.53887, 6.494082 53.534152, 6.450992 53.539856, 6.437545 53.537316, 6.440208 53.547926, 6.446139 53.55176)), ((6.597713 53.546698, 6.588532 53.537388, 6.568791 53.542762, 6.571456 53.548715, 6.592825 53.552059, 6.608095 53.549572, 6.608029 53.547261, 6.597713 53.546698)))",
            "level": 1,
            "name": "Groningen"
        },
        "model": "studyarea.area",
        "pk": 1
    },
    {
        "fields": {
            "BvDid": "NL00000993",
            "BvDii": "A",
            "activity": 26,
            "consCode": "111",
            "description": null,
            "description_eng": null,
            "done": false,
            "employees": 100,
            "included": true,
            "name": "Restaurant waste collector",
            "reason": 0,
            "turnover": "0.00",
            "turnover_currency": "EUR",
            "website": "www.website.org",
            "year": 2017
        },
        "model": "asmfa.actor",
        "pk": 38
    },
    {
        "fields": {
            "BvDid": "NL00000994",
            "BvDii": "A",
            "activity": 27,
            "consCode": "111",
            "description": null,
            "description_eng": null,
            "done": false,
            "employees": 100,
            "included": true,
            "name": "Farm waste collector",
            "reason": 0,
            "turnover": "0.00",
            "turnover_currency": "EUR",
            "website": "www.website.org",
            "year": 2017
        },
        "model": "asmfa.actor",
        "pk": 39
    },
    {
        "fields": {
            "BvDid": "NL00000992",
            "BvDii": "A",
            "activity": 26,
            "consCode": "111",
            "description": null,
            "description_eng": null,
            "done": false,
            "employees": 100,
            "included": true,
            "name": "Food&Plastic waste collector",
            "reason": 0,
            "turnover": "0.00",
            "turnover_currency": "EUR",
            "website": "www.website.org",
            "year": 2017
        },
        "model": "asmfa.actor",
        "pk": 37
    },
    {
        "fields": {
            "BvDid": "NL00000883",
            "BvDii": "A",
            "activity": 23,
            "consCode": "111",
            "description": null,
            "description_eng": null,
            "done": false,
            "employees": 100,
            "included": true,
            "name": "Bottle Deposit bv",
            "reason": 0,
            "turnover": "0.00",
            "turnover_currency": "EUR",
            "website": "www.website.org",
            "year": 2017
        },
        "model": "asmfa.actor",
        "pk": 35
    },
    {
        "fields": {
            "BvDid": "NL00000882",
            "BvDii": "A",
            "activity": 24,
            "consCode": "111",
            "description": null,
            "description_eng": null,
            "done": false,
            "employees": 100,
            "included": true,
            "name": "Bottle Sorting bv",
            "reason": 0,
            "turnover": "0.00",
            "turnover_currency": "EUR",
            "website": "www.website.org",
            "year": 2017
        },
        "model": "asmfa.actor",
        "pk": 34
    },
    {
        "fields": {
            "BvDid": "NL00000881",
            "BvDii": "A",
            "activity": 24,
            "consCode": "111",
            "description": null,
            "description_eng": null,
            "done": false,
            "employees": 100,
            "included": true,
            "name": "Plastic Sorting bv",
            "reason": 0,
            "turnover": "0.00",
            "turnover_currency": "EUR",
            "website": "www.website.org",
            "year": 2017
        },
        "model": "asmfa.actor",
        "pk": 33
    },
    {
        "fields": {
            "BvDid": "NL00000991",
            "BvDii": "A",
            "activity": 25,
            "consCode": "111",
            "description": null,
            "description_eng": null,
            "done": false,
            "employees": 100,
            "included": true,
            "name": "MSW collector",
            "reason": 0,
            "turnover": "0.00",
            "turnover_currency": "EUR",
            "website": "www.website.org",
            "year": 2017
        },
        "model": "asmfa.actor",
        "pk": 36
    },
    {
        "fields": {
            "BvDid": "NL00000660",
            "BvDii": "A",
            "activity": 18,
            "consCode": "111",
            "description": null,
            "description_eng": null,
            "done": false,
            "employees": 100,
            "included": true,
            "name": "Farm Type 4",
            "reason": 0,
            "turnover": "0.00",
            "turnover_currency": "EUR",
            "website": "www.website.org",
            "year": 2017
        },
        "model": "asmfa.actor",
        "pk": 14
    },
    {
        "fields": {
            "BvDid": "NL00000669",
            "BvDii": "A",
            "activity": 18,
            "consCode": "111",
            "description": null,
            "description_eng": null,
            "done": false,
            "employees": 100,
            "included": true,
            "name": "Tourism",
            "reason": 0,
            "turnover": "0.00",
            "turnover_currency": "EUR",
            "website": "www.website.org",
            "year": 2017
        },
        "model": "asmfa.actor",
        "pk": 23
    },
    {
        "fields": {
            "BvDid": "NL00000668",
            "BvDii": "A",
            "activity": 18,
            "consCode": "111",
            "description": null,
            "description_eng": null,
            "done": false,
            "employees": 100,
            "included": true,
            "name": "Farm Type 2",
            "reason": 0,
            "turnover": "0.00",
            "turnover_currency": "EUR",
            "website": "www.website.org",
            "year": 2017
        },
        "model": "asmfa.actor",
        "pk": 22
    },
    {
        "fields": {
            "BvDid": "NL00000667",
            "BvDii": "A",
            "activity": 18,
            "consCode": "111",
            "description": null,
            "description_eng": null,
            "done": false,
            "employees": 100,
            "included": true,
            "name": "Farm Type 1",
            "reason": 0,
            "turnover": "0.00",
            "turnover_currency": "EUR",
            "website": "www.website.org",
            "year": 2017
        },
        "model": "asmfa.actor",
        "pk": 21
    },
    {
        "fields": {
            "BvDid": "NL00000666",
            "BvDii": "A",
            "activity": 19,
            "consCode": "111",
            "description": null,
            "description_eng": null,
            "done": false,
            "employees": 100,
            "included": true,
            "name": "Household Type 6",
            "reason": 0,
            "turnover": "0.00",
            "turnover_currency": "EUR",
            "website": "www.website.org",
            "year": 2017
        },
        "model": "asmfa.actor",
        "pk": 20
    },
    {
        "fields": {
            "BvDid": "NL00000665",
            "BvDii": "A",
            "activity": 19,
            "consCode": "111",
            "description": null,
            "description_eng": null,
            "done": false,
            "employees": 100,
            "included": true,
            "name": "Household Type 5",
            "reason": 0,
            "turnover": "0.00",
            "turnover_currency": "EUR",
            "website": "www.website.org",
            "year": 2017
        },
        "model": "asmfa.actor",
        "pk": 19
    },
    {
        "fields": {
            "BvDid": "NL00000664",
            "BvDii": "A",
            "activity": 19,
            "consCode": "111",
            "description": null,
            "description_eng": null,
            "done": false,
            "employees": 100,
            "included": true,
            "name": "Household Type 4",
            "reason": 0,
            "turnover": "0.00",
            "turnover_currency": "EUR",
            "website": "www.website.org",
            "year": 2017
        },
        "model": "asmfa.actor",
        "pk": 18
    },
    {
        "fields": {
            "BvDid": "NL00000663",
            "BvDii": "A",
            "activity": 19,
            "consCode": "111",
            "description": null,
            "description_eng": null,
            "done": false,
            "employees": 100,
            "included": true,
            "name": "Household Type 3",
            "reason": 0,
            "turnover": "0.00",
            "turnover_currency": "EUR",
            "website": "www.website.org",
            "year": 2017
        },
        "model": "asmfa.actor",
        "pk": 17
    },
    {
        "fields": {
            "BvDid": "NL00000662",
            "BvDii": "A",
            "activity": 19,
            "consCode": "111",
            "description": null,
            "description_eng": null,
            "done": false,
            "employees": 100,
            "included": true,
            "name": "Household Type 2",
            "reason": 0,
            "turnover": "0.00",
            "turnover_currency": "EUR",
            "website": "www.website.org",
            "year": 2017
        },
        "model": "asmfa.actor",
        "pk": 16
    },
    {
        "fields": {
            "BvDid": "NL00000779",
            "BvDii": "A",
            "activity": 21,
            "consCode": "111",
            "description": null,
            "description_eng": null,
            "done": false,
            "employees": 100,
            "included": true,
            "name": "Cafe 3",
            "reason": 0,
            "turnover": "0.00",
            "turnover_currency": "EUR",
            "website": "www.website.org",
            "year": 2017
        },
        "model": "asmfa.actor",
        "pk": 32
    },
    {
        "fields": {
            "BvDid": "NL00000778",
            "BvDii": "A",
            "activity": 21,
            "consCode": "111",
            "description": null,
            "description_eng": null,
            "done": false,
            "employees": 100,
            "included": true,
            "name": "Cafe 2",
            "reason": 0,
            "turnover": "0.00",
            "turnover_currency": "EUR",
            "website": "www.website.org",
            "year": 2017
        },
        "model": "asmfa.actor",
        "pk": 31
    },
    {
        "fields": {
            "BvDid": "NL00000777",
            "BvDii": "A",
            "activity": 21,
            "consCode": "111",
            "description": null,
            "description_eng": null,
            "done": false,
            "employees": 100,
            "included": true,
            "name": "Cafe 1",
            "reason": 0,
            "turnover": "0.00",
            "turnover_currency": "EUR",
            "website": "www.website.org",
            "year": 2017
        },
        "model": "asmfa.actor",
        "pk": 30
    },
    {
        "fields": {
            "BvDid": "NL00000776",
            "BvDii": "A",
            "activity": 20,
            "consCode": "111",
            "description": null,
            "description_eng": null,
            "done": false,
            "employees": 100,
            "included": true,
            "name": "Bar 2",
            "reason": 0,
            "turnover": "0.00",
            "turnover_currency": "EUR",
            "website": "www.website.org",
            "year": 2017
        },
        "model": "asmfa.actor",
        "pk": 29
    },
    {
        "fields": {
            "BvDid": "NL00000775",
            "BvDii": "A",
            "activity": 20,
            "consCode": "111",
            "description": null,
            "description_eng": null,
            "done": false,
            "employees": 100,
            "included": true,
            "name": "Bar 1",
            "reason": 0,
            "turnover": "0.00",
            "turnover_currency": "EUR",
            "website": "www.website.org",
            "year": 2017
        },
        "model": "asmfa.actor",
        "pk": 28
    },
    {
        "fields": {
            "BvDid": "NL00000774",
            "BvDii": "A",
            "activity": 22,
            "consCode": "111",
            "description": null,
            "description_eng": null,
            "done": false,
            "employees": 100,
            "included": true,
            "name": "Restaurant 4",
            "reason": 0,
            "turnover": "0.00",
            "turnover_currency": "EUR",
            "website": "www.website.org",
            "year": 2017
        },
        "model": "asmfa.actor",
        "pk": 27
    },
    {
        "fields": {
            "BvDid": "NL00000773",
            "BvDii": "A",
            "activity": 22,
            "consCode": "111",
            "description": null,
            "description_eng": null,
            "done": false,
            "employees": 100,
            "included": true,
            "name": "Restaurant 3",
            "reason": 0,
            "turnover": "0.00",
            "turnover_currency": "EUR",
            "website": "www.website.org",
            "year": 2017
        },
        "model": "asmfa.actor",
        "pk": 26
    },
    {
        "fields": {
            "BvDid": "NL00000772",
            "BvDii": "A",
            "activity": 22,
            "consCode": "111",
            "description": null,
            "description_eng": null,
            "done": false,
            "employees": 100,
            "included": true,
            "name": "Restaurant 2",
            "reason": 0,
            "turnover": "0.00",
            "turnover_currency": "EUR",
            "website": "www.website.org",
            "year": 2017
        },
        "model": "asmfa.actor",
        "pk": 25
    },
    {
        "fields": {
            "BvDid": "NL00000550",
            "BvDii": "A",
            "activity": 17,
            "consCode": "111",
            "description": null,
            "description_eng": null,
            "done": false,
            "employees": 100,
            "included": true,
            "name": "Wholeseller",
            "reason": 0,
            "turnover": "0.00",
            "turnover_currency": "EUR",
            "website": "www.website.org",
            "year": 2017
        },
        "model": "asmfa.actor",
        "pk": 62
    },
    {
        "fields": {
            "BvDid": "NL00000559",
            "BvDii": "A",
            "activity": 15,
            "consCode": "111",
            "description": null,
            "description_eng": null,
            "done": false,
            "employees": 100,
            "included": true,
            "name": "Market 4",
            "reason": 0,
            "turnover": "0.00",
            "turnover_currency": "EUR",
            "website": "www.website.org",
            "year": 2017
        },
        "model": "asmfa.actor",
        "pk": 13
    },
    {
        "fields": {
            "BvDid": "NL00000558",
            "BvDii": "A",
            "activity": 15,
            "consCode": "111",
            "description": null,
            "description_eng": null,
            "done": false,
            "employees": 100,
            "included": true,
            "name": "Market 3",
            "reason": 0,
            "turnover": "0.00",
            "turnover_currency": "EUR",
            "website": "www.website.org",
            "year": 2017
        },
        "model": "asmfa.actor",
        "pk": 12
    },
    {
        "fields": {
            "BvDid": "NL00000557",
            "BvDii": "A",
            "activity": 15,
            "consCode": "111",
            "description": null,
            "description_eng": null,
            "done": false,
            "employees": 100,
            "included": true,
            "name": "Market 2",
            "reason": 0,
            "turnover": "0.00",
            "turnover_currency": "EUR",
            "website": "www.website.org",
            "year": 2017
        },
        "model": "asmfa.actor",
        "pk": 9
    },
    {
        "fields": {
            "BvDid": "NL00000556",
            "BvDii": "A",
            "activity": 15,
            "consCode": "111",
            "description": null,
            "description_eng": null,
            "done": false,
            "employees": 100,
            "included": true,
            "name": "Market 1",
            "reason": 0,
            "turnover": "0.00",
            "turnover_currency": "EUR",
            "website": "www.website.org",
            "year": 2017
        },
        "model": "asmfa.actor",
        "pk": 10
    },
    {
        "fields": {
            "BvDid": "NL00000555",
            "BvDii": "A",
            "activity": 16,
            "consCode": "111",
            "description": null,
            "description_eng": null,
            "done": false,
            "employees": 100,
            "included": true,
            "name": "Spar",
            "reason": 0,
            "turnover": "0.00",
            "turnover_currency": "EUR",
            "website": "www.website.org",
            "year": 2017
        },
        "model": "asmfa.actor",
        "pk": 67
    },
    {
        "fields": {
            "BvDid": "NL00000554",
            "BvDii": "A",
            "activity": 16,
            "consCode": "111",
            "description": null,
            "description_eng": null,
            "done": false,
            "employees": 100,
            "included": true,
            "name": "Deen",
            "reason": 0,
            "turnover": "0.00",
            "turnover_currency": "EUR",
            "website": "www.website.org",
            "year": 2017
        },
        "model": "asmfa.actor",
        "pk": 66
    },
    {
        "fields": {
            "BvDid": "NL00000553",
            "BvDii": "A",
            "activity": 16,
            "consCode": "111",
            "description": null,
            "description_eng": null,
            "done": false,
            "employees": 100,
            "included": true,
            "name": "Lidl",
            "reason": 0,
            "turnover": "0.00",
            "turnover_currency": "EUR",
            "website": "www.website.org",
            "year": 2017
        },
        "model": "asmfa.actor",
        "pk": 65
    },
    {
        "fields": {
            "BvDid": "NL00000552",
            "BvDii": "A",
            "activity": 16,
            "consCode": "111",
            "description": null,
            "description_eng": null,
            "done": false,
            "employees": 100,
            "included": true,
            "name": "Albert Heijn",
            "reason": 0,
            "turnover": "0.00",
            "turnover_currency": "EUR",
            "website": "www.website.org",
            "year": 2017
        },
        "model": "asmfa.actor",
        "pk": 64
    },
    {
        "fields": {
            "BvDid": "ii00000001",
            "BvDii": "",
            "activity": 28,
            "consCode": "",
            "description": null,
            "description_eng": null,
            "done": false,
            "employees": 0,
            "included": true,
            "name": "Import Inside Country",
            "reason": 1,
            "turnover": "0.00",
            "turnover_currency": "EUR",
            "website": "",
            "year": 0
        },
        "model": "asmfa.actor",
        "pk": 76
    },
    {
        "fields": {
            "BvDid": "NL00000551",
            "BvDii": "A",
            "activity": 16,
            "consCode": "111",
            "description": null,
            "description_eng": null,
            "done": false,
            "employees": 100,
            "included": true,
            "name": "Jumbo",
            "reason": 0,
            "turnover": "0.00",
            "turnover_currency": "EUR",
            "website": "www.website.org",
            "year": 2017
        },
        "model": "asmfa.actor",
        "pk": 63
    },
    {
        "fields": {
            "BvDid": "NL00000443",
            "BvDii": "A",
            "activity": 13,
            "consCode": "111",
            "description": null,
            "description_eng": null,
            "done": false,
            "employees": 100,
            "included": true,
            "name": "Milk Distributor",
            "reason": 0,
            "turnover": "0.00",
            "turnover_currency": "EUR",
            "website": "www.website.org",
            "year": 2017
        },
        "model": "asmfa.actor",
        "pk": 61
    },
    {
        "fields": {
            "BvDid": "NL00000442",
            "BvDii": "A",
            "activity": 14,
            "consCode": "111",
            "description": null,
            "description_eng": null,
            "done": false,
            "employees": 100,
            "included": true,
            "name": "Water Distributor",
            "reason": 0,
            "turnover": "0.00",
            "turnover_currency": "EUR",
            "website": "www.website.org",
            "year": 2017
        },
        "model": "asmfa.actor",
        "pk": 8
    },
    {
        "fields": {
            "BvDid": "NL00000441",
            "BvDii": "A",
            "activity": 12,
            "consCode": "111",
            "description": null,
            "description_eng": null,
            "done": false,
            "employees": 100,
            "included": true,
            "name": "Drink Distributor",
            "reason": 0,
            "turnover": "0.00",
            "turnover_currency": "EUR",
            "website": "www.website.org",
            "year": 2017
        },
        "model": "asmfa.actor",
        "pk": 60
    },
    {
        "fields": {
            "BvDid": "NL00000002",
            "BvDii": "A",
            "activity": 2,
            "consCode": "111",
            "description": null,
            "description_eng": null,
            "done": false,
            "employees": 100,
            "included": true,
            "name": "Landfilling bv",
            "reason": 0,
            "turnover": "0.00",
            "turnover_currency": "EUR",
            "website": "www.website.org",
            "year": 2017
        },
        "model": "asmfa.actor",
        "pk": 2
    },
    {
        "fields": {
            "BvDid": "NL00000225",
            "BvDii": "A",
            "activity": 8,
            "consCode": "111",
            "description": null,
            "description_eng": null,
            "done": false,
            "employees": 100,
            "included": true,
            "name": "3D-Box.",
            "reason": 0,
            "turnover": "0.00",
            "turnover_currency": "EUR",
            "website": "www.website.org",
            "year": 2017
        },
        "model": "asmfa.actor",
        "pk": 5
    },
    {
        "fields": {
            "BvDid": "NL00000224",
            "BvDii": "A",
            "activity": 8,
            "consCode": "111",
            "description": null,
            "description_eng": null,
            "done": false,
            "employees": 100,
            "included": true,
            "name": "Pack-a-Box.",
            "reason": 0,
            "turnover": "0.00",
            "turnover_currency": "EUR",
            "website": "www.website.org",
            "year": 2017
        },
        "model": "asmfa.actor",
        "pk": 56
    },
    {
        "fields": {
            "BvDid": "NL00000223",
            "BvDii": "A",
            "activity": 8,
            "consCode": "111",
            "description": null,
            "description_eng": null,
            "done": false,
            "employees": 100,
            "included": true,
            "name": "Boxes Inc.",
            "reason": 0,
            "turnover": "0.00",
            "turnover_currency": "EUR",
            "website": "www.website.org",
            "year": 2017
        },
        "model": "asmfa.actor",
        "pk": 55
    },
    {
        "fields": {
            "BvDid": "NL00000222",
            "BvDii": "A",
            "activity": 7,
            "consCode": "111",
            "description": null,
            "description_eng": null,
            "done": false,
            "employees": 100,
            "included": true,
            "name": "Bottles Inc.",
            "reason": 0,
            "turnover": "0.00",
            "turnover_currency": "EUR",
            "website": "www.website.org",
            "year": 2017
        },
        "model": "asmfa.actor",
        "pk": 54
    },
    {
        "fields": {
            "BvDid": "NL00000221",
            "BvDii": "A",
            "activity": 7,
            "consCode": "111",
            "description": null,
            "description_eng": null,
            "done": false,
            "employees": 100,
            "included": true,
            "name": "Pretty Bottle",
            "reason": 0,
            "turnover": "0.00",
            "turnover_currency": "EUR",
            "website": "www.website.org",
            "year": 2017
        },
        "model": "asmfa.actor",
        "pk": 53
    },
    {
        "fields": {
            "BvDid": "ee00000001",
            "BvDii": "",
            "activity": 29,
            "consCode": "",
            "description": null,
            "description_eng": null,
            "done": false,
            "employees": 0,
            "included": true,
            "name": "Export Inside Country",
            "reason": 0,
            "turnover": "0.00",
            "turnover_currency": "EUR",
            "website": "",
            "year": 0
        },
        "model": "asmfa.actor",
        "pk": 77
    },
    {
        "fields": {
            "BvDid": "NL00000110",
            "BvDii": "A",
            "activity": 4,
            "consCode": "111",
            "description": null,
            "description_eng": null,
            "done": false,
            "employees": 100,
            "included": true,
            "name": "Happy Farm",
            "reason": 0,
            "turnover": "0.00",
            "turnover_currency": "EUR",
            "website": "www.website.org",
            "year": 2017
        },
        "model": "asmfa.actor",
        "pk": 46
    },
    {
        "fields": {
            "BvDid": "NL00000119",
            "BvDii": "A",
            "activity": 6,
            "consCode": "111",
            "description": null,
            "description_eng": null,
            "done": false,
            "employees": 100,
            "included": true,
            "name": "Vytautas Water",
            "reason": 0,
            "turnover": "0.00",
            "turnover_currency": "EUR",
            "website": "www.website.org",
            "year": 2017
        },
        "model": "asmfa.actor",
        "pk": 11
    },
    {
        "fields": {
            "BvDid": "NL00000118",
            "BvDii": "A",
            "activity": 6,
            "consCode": "111",
            "description": null,
            "description_eng": null,
            "done": false,
            "employees": 100,
            "included": true,
            "name": "Mountain Water",
            "reason": 0,
            "turnover": "0.00",
            "turnover_currency": "EUR",
            "website": "www.website.org",
            "year": 2017
        },
        "model": "asmfa.actor",
        "pk": 52
    },
    {
        "fields": {
            "BvDid": "NL00000335",
            "BvDii": "A",
            "activity": 10,
            "consCode": "111",
            "description": null,
            "description_eng": null,
            "done": false,
            "employees": 100,
            "included": true,
            "name": "TetraPak",
            "reason": 0,
            "turnover": "0.00",
            "turnover_currency": "EUR",
            "website": "www.website.org",
            "year": 2017
        },
        "model": "asmfa.actor",
        "pk": 59
    },
    {
        "fields": {
            "BvDid": "NL00000117",
            "BvDii": "A",
            "activity": 3,
            "consCode": "111",
            "description": null,
            "description_eng": null,
            "done": false,
            "employees": 100,
            "included": true,
            "name": "Frozen Juice",
            "reason": 0,
            "turnover": "0.00",
            "turnover_currency": "EUR",
            "website": "www.website.org",
            "year": 2017
        },
        "model": "asmfa.actor",
        "pk": 51
    },
    {
        "fields": {
            "BvDid": "NL00000334",
            "BvDii": "A",
            "activity": 11,
            "consCode": "111",
            "description": null,
            "description_eng": null,
            "done": false,
            "employees": 100,
            "included": true,
            "name": "WaterPack",
            "reason": 0,
            "turnover": "0.00",
            "turnover_currency": "EUR",
            "website": "www.website.org",
            "year": 2017
        },
        "model": "asmfa.actor",
        "pk": 7
    },
    {
        "fields": {
            "BvDid": "NL00000116",
            "BvDii": "A",
            "activity": 3,
            "consCode": "111",
            "description": null,
            "description_eng": null,
            "done": false,
            "employees": 100,
            "included": true,
            "name": "Fresh Juice",
            "reason": 0,
            "turnover": "0.00",
            "turnover_currency": "EUR",
            "website": "www.website.org",
            "year": 2017
        },
        "model": "asmfa.actor",
        "pk": 50
    },
    {
        "fields": {
            "BvDid": "NL00000333",
            "BvDii": "A",
            "activity": 11,
            "consCode": "111",
            "description": null,
            "description_eng": null,
            "done": false,
            "employees": 100,
            "included": true,
            "name": "PETPETPET",
            "reason": 0,
            "turnover": "0.00",
            "turnover_currency": "EUR",
            "website": "www.website.org",
            "year": 2017
        },
        "model": "asmfa.actor",
        "pk": 58
    },
    {
        "fields": {
            "BvDid": "NL00000115",
            "BvDii": "A",
            "activity": 3,
            "consCode": "111",
            "description": null,
            "description_eng": null,
            "done": false,
            "employees": 100,
            "included": true,
            "name": "Orange Juice",
            "reason": 0,
            "turnover": "0.00",
            "turnover_currency": "EUR",
            "website": "www.website.org",
            "year": 2017
        },
        "model": "asmfa.actor",
        "pk": 4
    },
    {
        "fields": {
            "BvDid": "NL00000332",
            "BvDii": "A",
            "activity": 9,
            "consCode": "111",
            "description": null,
            "description_eng": null,
            "done": false,
            "employees": 100,
            "included": true,
            "name": "Appelsientje",
            "reason": 0,
            "turnover": "0.00",
            "turnover_currency": "EUR",
            "website": "www.website.org",
            "year": 2017
        },
        "model": "asmfa.actor",
        "pk": 6
    },
    {
        "fields": {
            "BvDid": "NL00000114",
            "BvDii": "A",
            "activity": 3,
            "consCode": "111",
            "description": null,
            "description_eng": null,
            "done": false,
            "employees": 100,
            "included": true,
            "name": "Apple Juice",
            "reason": 0,
            "turnover": "0.00",
            "turnover_currency": "EUR",
            "website": "www.website.org",
            "year": 2017
        },
        "model": "asmfa.actor",
        "pk": 49
    },
    {
        "fields": {
            "BvDid": "NL00000331",
            "BvDii": "A",
            "activity": 9,
            "consCode": "111",
            "description": null,
            "description_eng": null,
            "done": false,
            "employees": 100,
            "included": true,
            "name": "Cola&Sprite",
            "reason": 0,
            "turnover": "0.00",
            "turnover_currency": "EUR",
            "website": "www.website.org",
            "year": 2017
        },
        "model": "asmfa.actor",
        "pk": 57
    },
    {
        "fields": {
            "BvDid": "NL00000113",
            "BvDii": "A",
            "activity": 5,
            "consCode": "111",
            "description": null,
            "description_eng": null,
            "done": false,
            "employees": 100,
            "included": true,
            "name": "Sprite",
            "reason": 0,
            "turnover": "0.00",
            "turnover_currency": "EUR",
            "website": "www.website.org",
            "year": 2017
        },
        "model": "asmfa.actor",
        "pk": 48
    },
    {
        "fields": {
            "BvDid": "NL00000661",
            "BvDii": "A",
            "activity": 19,
            "consCode": "111",
            "description": null,
            "description_eng": null,
            "done": false,
            "employees": 100,
            "included": true,
            "name": "Household Type 1",
            "reason": 0,
            "turnover": "0.00",
            "turnover_currency": "EUR",
            "website": "www.website.org",
            "year": 2017
        },
        "model": "asmfa.actor",
        "pk": 15
    },
    {
        "fields": {
            "BvDid": "NL00000112",
            "BvDii": "A",
            "activity": 5,
            "consCode": "111",
            "description": null,
            "description_eng": null,
            "done": false,
            "employees": 100,
            "included": true,
            "name": "Pepsi",
            "reason": 0,
            "turnover": "0.00",
            "turnover_currency": "EUR",
            "website": "www.website.org",
            "year": 2017
        },
        "model": "asmfa.actor",
        "pk": 47
    },
    {
        "fields": {
            "BvDid": "NL00000771",
            "BvDii": "A",
            "activity": 22,
            "consCode": "111",
            "description": null,
            "description_eng": null,
            "done": false,
            "employees": 100,
            "included": true,
            "name": "Restaurant 1",
            "reason": 0,
            "turnover": "0.00",
            "turnover_currency": "EUR",
            "website": "www.website.org",
            "year": 2017
        },
        "model": "asmfa.actor",
        "pk": 24
    },
    {
        "fields": {
            "BvDid": "NL00000111",
            "BvDii": "A",
            "activity": 5,
            "consCode": "111",
            "description": null,
            "description_eng": null,
            "done": false,
            "employees": 100,
            "included": true,
            "name": "Cocacola",
            "reason": 0,
            "turnover": "0.00",
            "turnover_currency": "EUR",
            "website": "www.website.org",
            "year": 2017
        },
        "model": "asmfa.actor",
        "pk": 3
    },
    {
        "fields": {
            "BvDid": "NL00000001",
            "BvDii": "A",
            "activity": 1,
            "consCode": "111",
            "description": null,
            "description_eng": null,
            "done": false,
            "employees": 100,
            "included": true,
            "name": "Incinerator",
            "reason": 0,
            "turnover": "0.00",
            "turnover_currency": "EUR",
            "website": "www.website.org",
            "year": 2017
        },
        "model": "asmfa.actor",
        "pk": 1
    },
    {
        "fields": {
            "activitygroup": 12,
            "done": false,
            "nace": "ii.11",
            "name": "Import Inside Country"
        },
        "model": "asmfa.activity",
        "pk": 28
    },
    {
        "fields": {
            "activitygroup": 3,
            "done": false,
            "nace": "44.drinks",
            "name": "Distribution of drinks"
        },
        "model": "asmfa.activity",
        "pk": 12
    },
    {
        "fields": {
            "activitygroup": 4,
            "done": false,
            "nace": "11.soft",
            "name": "Manufacture of soft drinks"
        },
        "model": "asmfa.activity",
        "pk": 5
    },
    {
        "fields": {
            "activitygroup": 8,
            "done": false,
            "nace": "55.sm",
            "name": "Selling in supermarket"
        },
        "model": "asmfa.activity",
        "pk": 16
    },
    {
        "fields": {
            "activitygroup": 10,
            "done": false,
            "nace": "00.land",
            "name": "Landfill"
        },
        "model": "asmfa.activity",
        "pk": 2
    },
    {
        "fields": {
            "activitygroup": 4,
            "done": false,
            "nace": "11.water",
            "name": "Manufacture of mineral water"
        },
        "model": "asmfa.activity",
        "pk": 6
    },
    {
        "fields": {
            "activitygroup": 9,
            "done": false,
            "nace": "77.rest",
            "name": "Restaurant Consuming"
        },
        "model": "asmfa.activity",
        "pk": 22
    },
    {
        "fields": {
            "activitygroup": 4,
            "done": false,
            "nace": "11.juice",
            "name": "Manufacture of juice"
        },
        "model": "asmfa.activity",
        "pk": 3
    },
    {
        "fields": {
            "activitygroup": 7,
            "done": false,
            "nace": "88.depo",
            "name": "Deposit"
        },
        "model": "asmfa.activity",
        "pk": 23
    },
    {
        "fields": {
            "activitygroup": 5,
            "done": false,
            "nace": "22.bottles",
            "name": "Manufacture of bottles"
        },
        "model": "asmfa.activity",
        "pk": 7
    },
    {
        "fields": {
            "activitygroup": 9,
            "done": false,
            "nace": "77.cafe",
            "name": "Cafe Consuming"
        },
        "model": "asmfa.activity",
        "pk": 21
    },
    {
        "fields": {
            "activitygroup": 5,
            "done": false,
            "nace": "22.boxes",
            "name": "Manufacture of boxes"
        },
        "model": "asmfa.activity",
        "pk": 8
    },
    {
        "fields": {
            "activitygroup": 6,
            "done": false,
            "nace": "33.water",
            "name": "Packaging of water"
        },
        "model": "asmfa.activity",
        "pk": 11
    },
    {
        "fields": {
            "activitygroup": 2,
            "done": false,
            "nace": "99.cat",
            "name": "Catering waste"
        },
        "model": "asmfa.activity",
        "pk": 26
    },
    {
        "fields": {
            "activitygroup": 2,
            "done": false,
            "nace": "99.MSW",
            "name": "Household waste"
        },
        "model": "asmfa.activity",
        "pk": 25
    },
    {
        "fields": {
            "activitygroup": 4,
            "done": false,
            "nace": "11.milk",
            "name": "Manufacture of milk"
        },
        "model": "asmfa.activity",
        "pk": 4
    },
    {
        "fields": {
            "activitygroup": 6,
            "done": false,
            "nace": "33.drinks",
            "name": "Packaging of drinks"
        },
        "model": "asmfa.activity",
        "pk": 9
    },
    {
        "fields": {
            "activitygroup": 8,
            "done": false,
            "nace": "55.market",
            "name": "Selling in market"
        },
        "model": "asmfa.activity",
        "pk": 15
    },
    {
        "fields": {
            "activitygroup": 8,
            "done": false,
            "nace": "55.whole",
            "name": "Wholesale"
        },
        "model": "asmfa.activity",
        "pk": 17
    },
    {
        "fields": {
            "activitygroup": 10,
            "done": false,
            "nace": "00.inci",
            "name": "Incineration"
        },
        "model": "asmfa.activity",
        "pk": 1
    },
    {
        "fields": {
            "activitygroup": 6,
            "done": false,
            "nace": "33.milk",
            "name": "Packaging of milk"
        },
        "model": "asmfa.activity",
        "pk": 10
    },
    {
        "fields": {
            "activitygroup": 3,
            "done": false,
            "nace": "44.milk",
            "name": "Distribution of milk"
        },
        "model": "asmfa.activity",
        "pk": 13
    },
    {
        "fields": {
            "activitygroup": 1,
            "done": false,
            "nace": "66.home",
            "name": "Home Consuming"
        },
        "model": "asmfa.activity",
        "pk": 19
    },
    {
        "fields": {
            "activitygroup": 7,
            "done": false,
            "nace": "88.waste",
            "name": "Sorted waste"
        },
        "model": "asmfa.activity",
        "pk": 24
    },
    {
        "fields": {
            "activitygroup": 11,
            "done": false,
            "nace": "ee.11",
            "name": "Export Inside Country"
        },
        "model": "asmfa.activity",
        "pk": 29
    },
    {
        "fields": {
            "activitygroup": 3,
            "done": false,
            "nace": "44.water",
            "name": "Distribution of water"
        },
        "model": "asmfa.activity",
        "pk": 14
    },
    {
        "fields": {
            "activitygroup": 9,
            "done": false,
            "nace": "77.bar",
            "name": "Bar Consuming"
        },
        "model": "asmfa.activity",
        "pk": 20
    },
    {
        "fields": {
            "activitygroup": 1,
            "done": false,
            "nace": "66.farm",
            "name": "Farm Consuming"
        },
        "model": "asmfa.activity",
        "pk": 18
    },
    {
        "fields": {
            "activitygroup": 2,
            "done": false,
            "nace": "99.farm",
            "name": "Farm waste"
        },
        "model": "asmfa.activity",
        "pk": 27
    },
    {
        "fields": {
            "date": "2017-11-15T16:07:43.277Z",
            "raw": true,
            "source": "https://osf.io/xkhrp/",
            "user": "rusne"
        },
        "model": "asmfa.dataentry",
        "pk": 1
    },
    {
        "fields": {
            "amount": 5,
            "description": null,
            "entry": 1,
            "keyflow": 30,
            "origin": 24,
            "product": 1,
            "year": 2016
        },
        "model": "asmfa.actorstock",
        "pk": 8
    },
    {
        "fields": {
            "amount": 10,
            "description": null,
            "entry": 1,
            "keyflow": 30,
            "origin": 60,
            "product": 1,
            "year": 2016
        },
        "model": "asmfa.actorstock",
        "pk": 7
    },
    {
        "fields": {
            "amount": 5,
            "description": null,
            "entry": 1,
            "keyflow": 30,
            "origin": 39,
            "product": 1,
            "year": 2016
        },
        "model": "asmfa.actorstock",
        "pk": 6
    },
    {
        "fields": {
            "amount": 5,
            "description": null,
            "entry": 1,
            "keyflow": 30,
            "origin": 38,
            "product": 1,
            "year": 2016
        },
        "model": "asmfa.actorstock",
        "pk": 5
    },
    {
        "fields": {
            "amount": 5,
            "description": null,
            "entry": 1,
            "keyflow": 30,
            "origin": 63,
            "product": 1,
            "year": 2016
        },
        "model": "asmfa.actorstock",
        "pk": 4
    },
    {
        "fields": {
            "amount": 5,
            "description": null,
            "entry": 1,
            "keyflow": 30,
            "origin": 64,
            "product": 1,
            "year": 2016
        },
        "model": "asmfa.actorstock",
        "pk": 3
    },
    {
        "fields": {
            "amount": 5,
            "description": null,
            "entry": 1,
            "keyflow": 30,
            "origin": 47,
            "product": 1,
            "year": 2016
        },
        "model": "asmfa.actorstock",
        "pk": 2
    },
    {
        "fields": {
            "amount": 5,
            "description": null,
            "entry": 1,
            "keyflow": 30,
            "origin": 3,
            "product": 1,
            "year": 2016
        },
        "model": "asmfa.actorstock",
        "pk": 1
    },
    {
        "fields": {
            "amount": 10,
            "description": null,
            "entry": 1,
            "keyflow": 30,
            "origin": 12,
            "product": 1,
            "year": 2016
        },
        "model": "asmfa.activitystock",
        "pk": 10
    },
    {
        "fields": {
            "amount": 5,
            "description": null,
            "entry": 1,
            "keyflow": 30,
            "origin": 22,
            "product": 1,
            "year": 2016
        },
        "model": "asmfa.activitystock",
        "pk": 9
    },
    {
        "fields": {
            "amount": 10,
            "description": null,
            "entry": 1,
            "keyflow": 30,
            "origin": 5,
            "product": 1,
            "year": 2016
        },
        "model": "asmfa.activitystock",
        "pk": 8
    },
    {
        "fields": {
            "amount": 5,
            "description": null,
            "entry": 1,
            "keyflow": 30,
            "origin": 26,
            "product": 1,
            "year": 2016
        },
        "model": "asmfa.activitystock",
        "pk": 7
    },
    {
        "fields": {
            "amount": 5,
            "description": null,
            "entry": 1,
            "keyflow": 30,
            "origin": 27,
            "product": 1,
            "year": 2016
        },
        "model": "asmfa.activitystock",
        "pk": 6
    },
    {
        "fields": {
            "amount": 10,
            "description": null,
            "entry": 1,
            "keyflow": 30,
            "origin": 16,
            "product": 1,
            "year": 2016
        },
        "model": "asmfa.activitystock",
        "pk": 5
    },
    {
        "fields": {
            "amount": 10,
            "description": null,
            "entry": 1,
            "keyflow": 30,
            "origin": 3,
            "product": 1,
            "year": 2016
        },
        "model": "asmfa.groupstock",
        "pk": 9
    },
    {
        "fields": {
            "amount": 10,
            "description": null,
            "entry": 1,
            "keyflow": 30,
            "origin": 4,
            "product": 1,
            "year": 2016
        },
        "model": "asmfa.groupstock",
        "pk": 8
    },
    {
        "fields": {
            "amount": 10,
            "description": null,
            "entry": 1,
            "keyflow": 30,
            "origin": 2,
            "product": 1,
            "year": 2016
        },
        "model": "asmfa.groupstock",
        "pk": 7
    },
    {
        "fields": {
            "amount": 10,
            "description": null,
            "entry": 1,
            "keyflow": 30,
            "origin": 8,
            "product": 1,
            "year": 2016
        },
        "model": "asmfa.groupstock",
        "pk": 6
    },
    {
        "fields": {
            "amount": 5,
            "description": null,
            "entry": 1,
            "keyflow": 30,
            "origin": 9,
            "product": 1,
            "year": 2016
        },
        "model": "asmfa.groupstock",
        "pk": 5
    },
    {
        "fields": {
            "amount": 15,
            "description": null,
            "destination": 1,
            "entry": 1,
            "keyflow": 30,
            "origin": 37,
            "product": 9,
            "year": 2016
        },
        "model": "asmfa.actor2actor",
        "pk": 100
    },
    {
        "fields": {
            "amount": 35,
            "description": null,
            "destination": 1,
            "entry": 1,
            "keyflow": 30,
            "origin": 36,
            "product": 9,
            "year": 2016
        },
        "model": "asmfa.actor2actor",
        "pk": 99
    },
    {
        "fields": {
            "amount": 5,
            "description": null,
            "destination": 54,
            "entry": 1,
            "keyflow": 30,
            "origin": 35,
            "product": 10,
            "year": 2016
        },
        "model": "asmfa.actor2actor",
        "pk": 98
    },
    {
        "fields": {
            "amount": 5,
            "description": null,
            "destination": 53,
            "entry": 1,
            "keyflow": 30,
            "origin": 34,
            "product": 10,
            "year": 2016
        },
        "model": "asmfa.actor2actor",
        "pk": 97
    },
    {
        "fields": {
            "amount": 20,
            "description": null,
            "destination": 5,
            "entry": 1,
            "keyflow": 30,
            "origin": 33,
            "product": 10,
            "year": 2016
        },
        "model": "asmfa.actor2actor",
        "pk": 96
    },
    {
        "fields": {
            "amount": 5,
            "description": null,
            "destination": 36,
            "entry": 1,
            "keyflow": 30,
            "origin": 32,
            "product": 10,
            "year": 2016
        },
        "model": "asmfa.actor2actor",
        "pk": 95
    },
    {
        "fields": {
            "amount": 5,
            "description": null,
            "destination": 36,
            "entry": 1,
            "keyflow": 30,
            "origin": 31,
            "product": 10,
            "year": 2016
        },
        "model": "asmfa.actor2actor",
        "pk": 94
    },
    {
        "fields": {
            "amount": 5,
            "description": null,
            "destination": 33,
            "entry": 1,
            "keyflow": 30,
            "origin": 30,
            "product": 11,
            "year": 2016
        },
        "model": "asmfa.actor2actor",
        "pk": 93
    },
    {
        "fields": {
            "amount": 5,
            "description": null,
            "destination": 33,
            "entry": 1,
            "keyflow": 30,
            "origin": 29,
            "product": 11,
            "year": 2016
        },
        "model": "asmfa.actor2actor",
        "pk": 92
    },
    {
        "fields": {
            "amount": 5,
            "description": null,
            "destination": 2,
            "entry": 1,
            "keyflow": 30,
            "origin": 28,
            "product": 8,
            "year": 2016
        },
        "model": "asmfa.actor2actor",
        "pk": 91
    },
    {
        "fields": {
            "amount": 5,
            "description": null,
            "destination": 36,
            "entry": 1,
            "keyflow": 30,
            "origin": 27,
            "product": 10,
            "year": 2016
        },
        "model": "asmfa.actor2actor",
        "pk": 90
    },
    {
        "fields": {
            "amount": 5,
            "description": null,
            "destination": 37,
            "entry": 1,
            "keyflow": 30,
            "origin": 26,
            "product": 10,
            "year": 2016
        },
        "model": "asmfa.actor2actor",
        "pk": 89
    },
    {
        "fields": {
            "amount": 5,
            "description": null,
            "destination": 36,
            "entry": 1,
            "keyflow": 30,
            "origin": 25,
            "product": 10,
            "year": 2016
        },
        "model": "asmfa.actor2actor",
        "pk": 88
    },
    {
        "fields": {
            "amount": 5,
            "description": null,
            "destination": 36,
            "entry": 1,
            "keyflow": 30,
            "origin": 24,
            "product": 10,
            "year": 2016
        },
        "model": "asmfa.actor2actor",
        "pk": 87
    },
    {
        "fields": {
            "amount": 5,
            "description": null,
            "destination": 2,
            "entry": 1,
            "keyflow": 30,
            "origin": 24,
            "product": 8,
            "year": 2016
        },
        "model": "asmfa.actor2actor",
        "pk": 86
    },
    {
        "fields": {
            "amount": 5,
            "description": null,
            "destination": 77,
            "entry": 1,
            "keyflow": 30,
            "origin": 23,
            "product": 1,
            "year": 2016
        },
        "model": "asmfa.actor2actor",
        "pk": 85
    },
    {
        "fields": {
            "amount": 5,
            "description": null,
            "destination": 38,
            "entry": 1,
            "keyflow": 30,
            "origin": 22,
            "product": 9,
            "year": 2016
        },
        "model": "asmfa.actor2actor",
        "pk": 84
    },
    {
        "fields": {
            "amount": 5,
            "description": null,
            "destination": 39,
            "entry": 1,
            "keyflow": 30,
            "origin": 21,
            "product": 9,
            "year": 2016
        },
        "model": "asmfa.actor2actor",
        "pk": 83
    },
    {
        "fields": {
            "amount": 5,
            "description": null,
            "destination": 37,
            "entry": 1,
            "keyflow": 30,
            "origin": 20,
            "product": 9,
            "year": 2016
        },
        "model": "asmfa.actor2actor",
        "pk": 82
    },
    {
        "fields": {
            "amount": 5,
            "description": null,
            "destination": 37,
            "entry": 1,
            "keyflow": 30,
            "origin": 19,
            "product": 9,
            "year": 2016
        },
        "model": "asmfa.actor2actor",
        "pk": 81
    },
    {
        "fields": {
            "amount": 5,
            "description": null,
            "destination": 35,
            "entry": 1,
            "keyflow": 30,
            "origin": 18,
            "product": 10,
            "year": 2016
        },
        "model": "asmfa.actor2actor",
        "pk": 80
    },
    {
        "fields": {
            "amount": 5,
            "description": null,
            "destination": 34,
            "entry": 1,
            "keyflow": 30,
            "origin": 17,
            "product": 10,
            "year": 2016
        },
        "model": "asmfa.actor2actor",
        "pk": 79
    },
    {
        "fields": {
            "amount": 5,
            "description": null,
            "destination": 33,
            "entry": 1,
            "keyflow": 30,
            "origin": 16,
            "product": 10,
            "year": 2016
        },
        "model": "asmfa.actor2actor",
        "pk": 78
    },
    {
        "fields": {
            "amount": 5,
            "description": null,
            "destination": 33,
            "entry": 1,
            "keyflow": 30,
            "origin": 15,
            "product": 10,
            "year": 2016
        },
        "model": "asmfa.actor2actor",
        "pk": 77
    },
    {
        "fields": {
            "amount": 5,
            "description": null,
            "destination": 36,
            "entry": 1,
            "keyflow": 30,
            "origin": 15,
            "product": 9,
            "year": 2016
        },
        "model": "asmfa.actor2actor",
        "pk": 76
    },
    {
        "fields": {
            "amount": 5,
            "description": null,
            "destination": 36,
            "entry": 1,
            "keyflow": 30,
            "origin": 14,
            "product": 9,
            "year": 2016
        },
        "model": "asmfa.actor2actor",
        "pk": 75
    },
    {
        "fields": {
            "amount": 5,
            "description": null,
            "destination": 77,
            "entry": 1,
            "keyflow": 30,
            "origin": 13,
            "product": 1,
            "year": 2016
        },
        "model": "asmfa.actor2actor",
        "pk": 63
    },
    {
        "fields": {
            "amount": 5,
            "description": null,
            "destination": 77,
            "entry": 1,
            "keyflow": 30,
            "origin": 12,
            "product": 1,
            "year": 2016
        },
        "model": "asmfa.actor2actor",
        "pk": 62
    },
    {
        "fields": {
            "amount": 5,
            "description": null,
            "destination": 14,
            "entry": 1,
            "keyflow": 30,
            "origin": 9,
            "product": 1,
            "year": 2016
        },
        "model": "asmfa.actor2actor",
        "pk": 61
    },
    {
        "fields": {
            "amount": 5,
            "description": null,
            "destination": 23,
            "entry": 1,
            "keyflow": 30,
            "origin": 10,
            "product": 1,
            "year": 2016
        },
        "model": "asmfa.actor2actor",
        "pk": 60
    },
    {
        "fields": {
            "amount": 5,
            "description": null,
            "destination": 22,
            "entry": 1,
            "keyflow": 30,
            "origin": 67,
            "product": 1,
            "year": 2016
        },
        "model": "asmfa.actor2actor",
        "pk": 59
    },
    {
        "fields": {
            "amount": 5,
            "description": null,
            "destination": 21,
            "entry": 1,
            "keyflow": 30,
            "origin": 67,
            "product": 1,
            "year": 2016
        },
        "model": "asmfa.actor2actor",
        "pk": 58
    },
    {
        "fields": {
            "amount": 5,
            "description": null,
            "destination": 20,
            "entry": 1,
            "keyflow": 30,
            "origin": 66,
            "product": 1,
            "year": 2016
        },
        "model": "asmfa.actor2actor",
        "pk": 57
    },
    {
        "fields": {
            "amount": 5,
            "description": null,
            "destination": 19,
            "entry": 1,
            "keyflow": 30,
            "origin": 66,
            "product": 1,
            "year": 2016
        },
        "model": "asmfa.actor2actor",
        "pk": 56
    },
    {
        "fields": {
            "amount": 5,
            "description": null,
            "destination": 18,
            "entry": 1,
            "keyflow": 30,
            "origin": 66,
            "product": 1,
            "year": 2016
        },
        "model": "asmfa.actor2actor",
        "pk": 55
    },
    {
        "fields": {
            "amount": 5,
            "description": null,
            "destination": 17,
            "entry": 1,
            "keyflow": 30,
            "origin": 64,
            "product": 1,
            "year": 2016
        },
        "model": "asmfa.actor2actor",
        "pk": 54
    },
    {
        "fields": {
            "amount": 5,
            "description": null,
            "destination": 16,
            "entry": 1,
            "keyflow": 30,
            "origin": 65,
            "product": 1,
            "year": 2016
        },
        "model": "asmfa.actor2actor",
        "pk": 53
    },
    {
        "fields": {
            "amount": 5,
            "description": null,
            "destination": 15,
            "entry": 1,
            "keyflow": 30,
            "origin": 65,
            "product": 1,
            "year": 2016
        },
        "model": "asmfa.actor2actor",
        "pk": 52
    },
    {
        "fields": {
            "amount": 5,
            "description": null,
            "destination": 1,
            "entry": 1,
            "keyflow": 30,
            "origin": 63,
            "product": 10,
            "year": 2016
        },
        "model": "asmfa.actor2actor",
        "pk": 51
    },
    {
        "fields": {
            "amount": 5,
            "description": null,
            "destination": 1,
            "entry": 1,
            "keyflow": 30,
            "origin": 62,
            "product": 10,
            "year": 2016
        },
        "model": "asmfa.actor2actor",
        "pk": 50
    },
    {
        "fields": {
            "amount": 5,
            "description": null,
            "destination": 66,
            "entry": 1,
            "keyflow": 30,
            "origin": 61,
            "product": 1,
            "year": 2016
        },
        "model": "asmfa.actor2actor",
        "pk": 49
    },
    {
        "fields": {
            "amount": 10,
            "description": null,
            "destination": 77,
            "entry": 1,
            "keyflow": 30,
            "origin": 61,
            "product": 1,
            "year": 2016
        },
        "model": "asmfa.actor2actor",
        "pk": 48
    },
    {
        "fields": {
            "amount": 10,
            "description": null,
            "destination": 32,
            "entry": 1,
            "keyflow": 30,
            "origin": 61,
            "product": 1,
            "year": 2016
        },
        "model": "asmfa.actor2actor",
        "pk": 47
    },
    {
        "fields": {
            "amount": 5,
            "description": null,
            "destination": 31,
            "entry": 1,
            "keyflow": 30,
            "origin": 61,
            "product": 1,
            "year": 2016
        },
        "model": "asmfa.actor2actor",
        "pk": 46
    },
    {
        "fields": {
            "amount": 5,
            "description": null,
            "destination": 30,
            "entry": 1,
            "keyflow": 30,
            "origin": 61,
            "product": 1,
            "year": 2016
        },
        "model": "asmfa.actor2actor",
        "pk": 45
    },
    {
        "fields": {
            "amount": 5,
            "description": null,
            "destination": 29,
            "entry": 1,
            "keyflow": 30,
            "origin": 61,
            "product": 1,
            "year": 2016
        },
        "model": "asmfa.actor2actor",
        "pk": 44
    },
    {
        "fields": {
            "amount": 5,
            "description": null,
            "destination": 28,
            "entry": 1,
            "keyflow": 30,
            "origin": 8,
            "product": 1,
            "year": 2016
        },
        "model": "asmfa.actor2actor",
        "pk": 43
    },
    {
        "fields": {
            "amount": 5,
            "description": null,
            "destination": 27,
            "entry": 1,
            "keyflow": 30,
            "origin": 8,
            "product": 1,
            "year": 2016
        },
        "model": "asmfa.actor2actor",
        "pk": 42
    },
    {
        "fields": {
            "amount": 5,
            "description": null,
            "destination": 26,
            "entry": 1,
            "keyflow": 30,
            "origin": 8,
            "product": 1,
            "year": 2016
        },
        "model": "asmfa.actor2actor",
        "pk": 41
    },
    {
        "fields": {
            "amount": 5,
            "description": null,
            "destination": 25,
            "entry": 1,
            "keyflow": 30,
            "origin": 8,
            "product": 1,
            "year": 2016
        },
        "model": "asmfa.actor2actor",
        "pk": 40
    },
    {
        "fields": {
            "amount": 5,
            "description": null,
            "destination": 24,
            "entry": 1,
            "keyflow": 30,
            "origin": 8,
            "product": 1,
            "year": 2016
        },
        "model": "asmfa.actor2actor",
        "pk": 39
    },
    {
        "fields": {
            "amount": 5,
            "description": null,
            "destination": 62,
            "entry": 1,
            "keyflow": 30,
            "origin": 8,
            "product": 1,
            "year": 2016
        },
        "model": "asmfa.actor2actor",
        "pk": 38
    },
    {
        "fields": {
            "amount": 5,
            "description": null,
            "destination": 13,
            "entry": 1,
            "keyflow": 30,
            "origin": 8,
            "product": 1,
            "year": 2016
        },
        "model": "asmfa.actor2actor",
        "pk": 37
    },
    {
        "fields": {
            "amount": 5,
            "description": null,
            "destination": 12,
            "entry": 1,
            "keyflow": 30,
            "origin": 8,
            "product": 1,
            "year": 2016
        },
        "model": "asmfa.actor2actor",
        "pk": 36
    },
    {
        "fields": {
            "amount": 5,
            "description": null,
            "destination": 9,
            "entry": 1,
            "keyflow": 30,
            "origin": 60,
            "product": 1,
            "year": 2016
        },
        "model": "asmfa.actor2actor",
        "pk": 35
    },
    {
        "fields": {
            "amount": 5,
            "description": null,
            "destination": 10,
            "entry": 1,
            "keyflow": 30,
            "origin": 60,
            "product": 1,
            "year": 2016
        },
        "model": "asmfa.actor2actor",
        "pk": 34
    },
    {
        "fields": {
            "amount": 10,
            "description": null,
            "destination": 67,
            "entry": 1,
            "keyflow": 30,
            "origin": 76,
            "product": 1,
            "year": 2016
        },
        "model": "asmfa.actor2actor",
        "pk": 33
    },
    {
        "fields": {
            "amount": 10,
            "description": null,
            "destination": 66,
            "entry": 1,
            "keyflow": 30,
            "origin": 76,
            "product": 1,
            "year": 2016
        },
        "model": "asmfa.actor2actor",
        "pk": 32
    },
    {
        "fields": {
            "amount": 10,
            "description": null,
            "destination": 65,
            "entry": 1,
            "keyflow": 30,
            "origin": 76,
            "product": 1,
            "year": 2016
        },
        "model": "asmfa.actor2actor",
        "pk": 31
    },
    {
        "fields": {
            "amount": 10,
            "description": null,
            "destination": 64,
            "entry": 1,
            "keyflow": 30,
            "origin": 76,
            "product": 1,
            "year": 2016
        },
        "model": "asmfa.actor2actor",
        "pk": 30
    },
    {
        "fields": {
            "amount": 10,
            "description": null,
            "destination": 63,
            "entry": 1,
            "keyflow": 30,
            "origin": 76,
            "product": 1,
            "year": 2016
        },
        "model": "asmfa.actor2actor",
        "pk": 29
    },
    {
        "fields": {
            "amount": 10,
            "description": null,
            "destination": 61,
            "entry": 1,
            "keyflow": 30,
            "origin": 59,
            "product": 1,
            "year": 2016
        },
        "model": "asmfa.actor2actor",
        "pk": 28
    },
    {
        "fields": {
            "amount": 20,
            "description": null,
            "destination": 61,
            "entry": 1,
            "keyflow": 30,
            "origin": 7,
            "product": 1,
            "year": 2016
        },
        "model": "asmfa.actor2actor",
        "pk": 27
    },
    {
        "fields": {
            "amount": 20,
            "description": null,
            "destination": 61,
            "entry": 1,
            "keyflow": 30,
            "origin": 58,
            "product": 1,
            "year": 2016
        },
        "model": "asmfa.actor2actor",
        "pk": 26
    },
    {
        "fields": {
            "amount": 15,
            "description": null,
            "destination": 8,
            "entry": 1,
            "keyflow": 30,
            "origin": 6,
            "product": 1,
            "year": 2016
        },
        "model": "asmfa.actor2actor",
        "pk": 25
    },
    {
        "fields": {
            "amount": 5,
            "description": null,
            "destination": 60,
            "entry": 1,
            "keyflow": 30,
            "origin": 6,
            "product": 1,
            "year": 2016
        },
        "model": "asmfa.actor2actor",
        "pk": 24
    },
    {
        "fields": {
            "amount": 25,
            "description": null,
            "destination": 8,
            "entry": 1,
            "keyflow": 30,
            "origin": 57,
            "product": 1,
            "year": 2016
        },
        "model": "asmfa.actor2actor",
        "pk": 23
    },
    {
        "fields": {
            "amount": 5,
            "description": null,
            "destination": 60,
            "entry": 1,
            "keyflow": 30,
            "origin": 57,
            "product": 1,
            "year": 2016
        },
        "model": "asmfa.actor2actor",
        "pk": 22
    },
    {
        "fields": {
            "amount": 5,
            "description": null,
            "destination": 2,
            "entry": 1,
            "keyflow": 30,
            "origin": 5,
            "product": 1,
            "year": 2016
        },
        "model": "asmfa.actor2actor",
        "pk": 21
    },
    {
        "fields": {
            "amount": 5,
            "description": null,
            "destination": 59,
            "entry": 1,
            "keyflow": 30,
            "origin": 5,
            "product": 1,
            "year": 2016
        },
        "model": "asmfa.actor2actor",
        "pk": 20
    },
    {
        "fields": {
            "amount": 10,
            "description": null,
            "destination": 7,
            "entry": 1,
            "keyflow": 30,
            "origin": 5,
            "product": 1,
            "year": 2016
        },
        "model": "asmfa.actor2actor",
        "pk": 19
    },
    {
        "fields": {
            "amount": 5,
            "description": null,
            "destination": 7,
            "entry": 1,
            "keyflow": 30,
            "origin": 56,
            "product": 1,
            "year": 2016
        },
        "model": "asmfa.actor2actor",
        "pk": 18
    },
    {
        "fields": {
            "amount": 10,
            "description": null,
            "destination": 58,
            "entry": 1,
            "keyflow": 30,
            "origin": 55,
            "product": 1,
            "year": 2016
        },
        "model": "asmfa.actor2actor",
        "pk": 17
    },
    {
        "fields": {
            "amount": 10,
            "description": null,
            "destination": 6,
            "entry": 1,
            "keyflow": 30,
            "origin": 54,
            "product": 1,
            "year": 2016
        },
        "model": "asmfa.actor2actor",
        "pk": 16
    },
    {
        "fields": {
            "amount": 5,
            "description": null,
            "destination": 57,
            "entry": 1,
            "keyflow": 30,
            "origin": 54,
            "product": 1,
            "year": 2016
        },
        "model": "asmfa.actor2actor",
        "pk": 15
    },
    {
        "fields": {
            "amount": 5,
            "description": null,
            "destination": 57,
            "entry": 1,
            "keyflow": 30,
            "origin": 53,
            "product": 1,
            "year": 2016
        },
        "model": "asmfa.actor2actor",
        "pk": 14
    },
    {
        "fields": {
            "amount": 10,
            "description": null,
            "destination": 77,
            "entry": 1,
            "keyflow": 30,
            "origin": 46,
            "product": 1,
            "year": 2016
        },
        "model": "asmfa.actor2actor",
        "pk": 13
    },
    {
        "fields": {
            "amount": 10,
            "description": null,
            "destination": 57,
            "entry": 1,
            "keyflow": 30,
            "origin": 46,
            "product": 1,
            "year": 2016
        },
        "model": "asmfa.actor2actor",
        "pk": 12
    },
    {
        "fields": {
            "amount": 5,
            "description": null,
            "destination": 58,
            "entry": 1,
            "keyflow": 30,
            "origin": 46,
            "product": 1,
            "year": 2016
        },
        "model": "asmfa.actor2actor",
        "pk": 11
    },
    {
        "fields": {
            "amount": 5,
            "description": null,
            "destination": 6,
            "entry": 1,
            "keyflow": 30,
            "origin": 46,
            "product": 1,
            "year": 2016
        },
        "model": "asmfa.actor2actor",
        "pk": 10
    },
    {
        "fields": {
            "amount": 5,
            "description": null,
            "destination": 57,
            "entry": 1,
            "keyflow": 30,
            "origin": 11,
            "product": 1,
            "year": 2016
        },
        "model": "asmfa.actor2actor",
        "pk": 9
    },
    {
        "fields": {
            "amount": 5,
            "description": null,
            "destination": 59,
            "entry": 1,
            "keyflow": 30,
            "origin": 52,
            "product": 1,
            "year": 2016
        },
        "model": "asmfa.actor2actor",
        "pk": 8
    },
    {
        "fields": {
            "amount": 5,
            "description": null,
            "destination": 7,
            "entry": 1,
            "keyflow": 30,
            "origin": 51,
            "product": 1,
            "year": 2016
        },
        "model": "asmfa.actor2actor",
        "pk": 7
    },
    {
        "fields": {
            "amount": 5,
            "description": null,
            "destination": 58,
            "entry": 1,
            "keyflow": 30,
            "origin": 50,
            "product": 1,
            "year": 2016
        },
        "model": "asmfa.actor2actor",
        "pk": 6
    },
    {
        "fields": {
            "amount": 5,
            "description": null,
            "destination": 6,
            "entry": 1,
            "keyflow": 30,
            "origin": 4,
            "product": 1,
            "year": 2016
        },
        "model": "asmfa.actor2actor",
        "pk": 5
    },
    {
        "fields": {
            "amount": 5,
            "description": null,
            "destination": 57,
            "entry": 1,
            "keyflow": 30,
            "origin": 49,
            "product": 1,
            "year": 2016
        },
        "model": "asmfa.actor2actor",
        "pk": 4
    },
    {
        "fields": {
            "amount": 5,
            "description": null,
            "destination": 15,
            "entry": 1,
            "keyflow": 30,
            "origin": 48,
            "product": 1,
            "year": 2016
        },
        "model": "asmfa.actor2actor",
        "pk": 3
    },
    {
        "fields": {
            "amount": 5,
            "description": null,
            "destination": 24,
            "entry": 1,
            "keyflow": 30,
            "origin": 47,
            "product": 1,
            "year": 2016
        },
        "model": "asmfa.actor2actor",
        "pk": 2
    },
    {
        "fields": {
            "amount": 5,
            "description": null,
            "destination": 1,
            "entry": 1,
            "keyflow": 30,
            "origin": 3,
            "product": 1,
            "year": 2016
        },
        "model": "asmfa.actor2actor",
        "pk": 1
    },
    {
        "fields": {
            "amount": 45,
            "description": null,
            "destination": 19,
            "entry": 1,
            "keyflow": 30,
            "origin": 16,
            "product": 1,
            "year": 2016
        },
        "model": "asmfa.activity2activity",
        "pk": 84
    },
    {
        "fields": {
            "amount": 5,
            "description": null,
            "destination": 24,
            "entry": 1,
            "keyflow": 30,
            "origin": 21,
            "product": 11,
            "year": 2016
        },
        "model": "asmfa.activity2activity",
        "pk": 108
    },
    {
        "fields": {
            "amount": 5,
            "description": null,
            "destination": 26,
            "entry": 1,
            "keyflow": 30,
            "origin": 22,
            "product": 10,
            "year": 2016
        },
        "model": "asmfa.activity2activity",
        "pk": 107
    },
    {
        "fields": {
            "amount": 5,
            "description": null,
            "destination": 19,
            "entry": 1,
            "keyflow": 30,
            "origin": 5,
            "product": 1,
            "year": 2016
        },
        "model": "asmfa.activity2activity",
        "pk": 106
    },
    {
        "fields": {
            "amount": 20,
            "description": null,
            "destination": 21,
            "entry": 1,
            "keyflow": 30,
            "origin": 13,
            "product": 1,
            "year": 2016
        },
        "model": "asmfa.activity2activity",
        "pk": 105
    },
    {
        "fields": {
            "amount": 50,
            "description": null,
            "destination": 16,
            "entry": 1,
            "keyflow": 30,
            "origin": 28,
            "product": 1,
            "year": 2016
        },
        "model": "asmfa.activity2activity",
        "pk": 104
    },
    {
        "fields": {
            "amount": 5,
            "description": null,
            "destination": 2,
            "entry": 1,
            "keyflow": 30,
            "origin": 20,
            "product": 8,
            "year": 2016
        },
        "model": "asmfa.activity2activity",
        "pk": 103
    },
    {
        "fields": {
            "amount": 5,
            "description": null,
            "destination": 25,
            "entry": 1,
            "keyflow": 30,
            "origin": 19,
            "product": 9,
            "year": 2016
        },
        "model": "asmfa.activity2activity",
        "pk": 102
    },
    {
        "fields": {
            "amount": 5,
            "description": null,
            "destination": 10,
            "entry": 1,
            "keyflow": 30,
            "origin": 6,
            "product": 1,
            "year": 2016
        },
        "model": "asmfa.activity2activity",
        "pk": 101
    },
    {
        "fields": {
            "amount": 5,
            "description": null,
            "destination": 23,
            "entry": 1,
            "keyflow": 30,
            "origin": 19,
            "product": 10,
            "year": 2016
        },
        "model": "asmfa.activity2activity",
        "pk": 100
    },
    {
        "fields": {
            "amount": 20,
            "description": null,
            "destination": 22,
            "entry": 1,
            "keyflow": 30,
            "origin": 14,
            "product": 1,
            "year": 2016
        },
        "model": "asmfa.activity2activity",
        "pk": 99
    },
    {
        "fields": {
            "amount": 15,
            "description": null,
            "destination": 9,
            "entry": 1,
            "keyflow": 30,
            "origin": 4,
            "product": 1,
            "year": 2016
        },
        "model": "asmfa.activity2activity",
        "pk": 98
    },
    {
        "fields": {
            "amount": 10,
            "description": null,
            "destination": 15,
            "entry": 1,
            "keyflow": 30,
            "origin": 12,
            "product": 1,
            "year": 2016
        },
        "model": "asmfa.activity2activity",
        "pk": 97
    },
    {
        "fields": {
            "amount": 10,
            "description": null,
            "destination": 12,
            "entry": 1,
            "keyflow": 30,
            "origin": 9,
            "product": 1,
            "year": 2016
        },
        "model": "asmfa.activity2activity",
        "pk": 96
    },
    {
        "fields": {
            "amount": 20,
            "description": null,
            "destination": 8,
            "entry": 1,
            "keyflow": 30,
            "origin": 24,
            "product": 10,
            "year": 2016
        },
        "model": "asmfa.activity2activity",
        "pk": 95
    },
    {
        "fields": {
            "amount": 5,
            "description": null,
            "destination": 24,
            "entry": 1,
            "keyflow": 30,
            "origin": 22,
            "product": 11,
            "year": 2016
        },
        "model": "asmfa.activity2activity",
        "pk": 94
    },
    {
        "fields": {
            "amount": 5,
            "description": null,
            "destination": 1,
            "entry": 1,
            "keyflow": 30,
            "origin": 5,
            "product": 1,
            "year": 2016
        },
        "model": "asmfa.activity2activity",
        "pk": 93
    },
    {
        "fields": {
            "amount": 5,
            "description": null,
            "destination": 16,
            "entry": 1,
            "keyflow": 30,
            "origin": 13,
            "product": 1,
            "year": 2016
        },
        "model": "asmfa.activity2activity",
        "pk": 92
    },
    {
        "fields": {
            "amount": 5,
            "description": null,
            "destination": 22,
            "entry": 1,
            "keyflow": 30,
            "origin": 5,
            "product": 1,
            "year": 2016
        },
        "model": "asmfa.activity2activity",
        "pk": 91
    },
    {
        "fields": {
            "amount": 5,
            "description": null,
            "destination": 7,
            "entry": 1,
            "keyflow": 30,
            "origin": 24,
            "product": 10,
            "year": 2016
        },
        "model": "asmfa.activity2activity",
        "pk": 90
    },
    {
        "fields": {
            "amount": 5,
            "description": null,
            "destination": 2,
            "entry": 1,
            "keyflow": 30,
            "origin": 22,
            "product": 8,
            "year": 2016
        },
        "model": "asmfa.activity2activity",
        "pk": 89
    },
    {
        "fields": {
            "amount": 5,
            "description": null,
            "destination": 17,
            "entry": 1,
            "keyflow": 30,
            "origin": 14,
            "product": 1,
            "year": 2016
        },
        "model": "asmfa.activity2activity",
        "pk": 88
    },
    {
        "fields": {
            "amount": 10,
            "description": null,
            "destination": 29,
            "entry": 1,
            "keyflow": 30,
            "origin": 15,
            "product": 1,
            "year": 2016
        },
        "model": "asmfa.activity2activity",
        "pk": 87
    },
    {
        "fields": {
            "amount": 10,
            "description": null,
            "destination": 18,
            "entry": 1,
            "keyflow": 30,
            "origin": 16,
            "product": 1,
            "year": 2016
        },
        "model": "asmfa.activity2activity",
        "pk": 86
    },
    {
        "fields": {
            "amount": 10,
            "description": null,
            "destination": 26,
            "entry": 1,
            "keyflow": 30,
            "origin": 19,
            "product": 9,
            "year": 2016
        },
        "model": "asmfa.activity2activity",
        "pk": 85
    },
    {
        "fields": {
            "amount": 5,
            "description": null,
            "destination": 1,
            "entry": 1,
            "keyflow": 30,
            "origin": 16,
            "product": 10,
            "year": 2016
        },
        "model": "asmfa.activity2activity",
        "pk": 83
    },
    {
        "fields": {
            "amount": 5,
            "description": null,
            "destination": 2,
            "entry": 1,
            "keyflow": 30,
            "origin": 8,
            "product": 1,
            "year": 2016
        },
        "model": "asmfa.activity2activity",
        "pk": 82
    },
    {
        "fields": {
            "amount": 5,
            "description": null,
            "destination": 22,
            "entry": 1,
            "keyflow": 30,
            "origin": 13,
            "product": 1,
            "year": 2016
        },
        "model": "asmfa.activity2activity",
        "pk": 81
    },
    {
        "fields": {
            "amount": 10,
            "description": null,
            "destination": 9,
            "entry": 1,
            "keyflow": 30,
            "origin": 3,
            "product": 1,
            "year": 2016
        },
        "model": "asmfa.activity2activity",
        "pk": 80
    },
    {
        "fields": {
            "amount": 5,
            "description": null,
            "destination": 10,
            "entry": 1,
            "keyflow": 30,
            "origin": 8,
            "product": 1,
            "year": 2016
        },
        "model": "asmfa.activity2activity",
        "pk": 79
    },
    {
        "fields": {
            "amount": 15,
            "description": null,
            "destination": 1,
            "entry": 1,
            "keyflow": 30,
            "origin": 26,
            "product": 9,
            "year": 2016
        },
        "model": "asmfa.activity2activity",
        "pk": 78
    },
    {
        "fields": {
            "amount": 5,
            "description": null,
            "destination": 9,
            "entry": 1,
            "keyflow": 30,
            "origin": 6,
            "product": 1,
            "year": 2016
        },
        "model": "asmfa.activity2activity",
        "pk": 77
    },
    {
        "fields": {
            "amount": 15,
            "description": null,
            "destination": 25,
            "entry": 1,
            "keyflow": 30,
            "origin": 22,
            "product": 10,
            "year": 2016
        },
        "model": "asmfa.activity2activity",
        "pk": 76
    },
    {
        "fields": {
            "amount": 10,
            "description": null,
            "destination": 11,
            "entry": 1,
            "keyflow": 30,
            "origin": 3,
            "product": 1,
            "year": 2016
        },
        "model": "asmfa.activity2activity",
        "pk": 75
    },
    {
        "fields": {
            "amount": 5,
            "description": null,
            "destination": 11,
            "entry": 1,
            "keyflow": 30,
            "origin": 4,
            "product": 1,
            "year": 2016
        },
        "model": "asmfa.activity2activity",
        "pk": 74
    },
    {
        "fields": {
            "amount": 20,
            "description": null,
            "destination": 9,
            "entry": 1,
            "keyflow": 30,
            "origin": 7,
            "product": 1,
            "year": 2016
        },
        "model": "asmfa.activity2activity",
        "pk": 73
    },
    {
        "fields": {
            "amount": 5,
            "description": null,
            "destination": 7,
            "entry": 1,
            "keyflow": 30,
            "origin": 23,
            "product": 10,
            "year": 2016
        },
        "model": "asmfa.activity2activity",
        "pk": 72
    },
    {
        "fields": {
            "amount": 5,
            "description": null,
            "destination": 25,
            "entry": 1,
            "keyflow": 30,
            "origin": 18,
            "product": 9,
            "year": 2016
        },
        "model": "asmfa.activity2activity",
        "pk": 71
    },
    {
        "fields": {
            "amount": 40,
            "description": null,
            "destination": 13,
            "entry": 1,
            "keyflow": 30,
            "origin": 11,
            "product": 1,
            "year": 2016
        },
        "model": "asmfa.activity2activity",
        "pk": 70
    },
    {
        "fields": {
            "amount": 10,
            "description": null,
            "destination": 25,
            "entry": 1,
            "keyflow": 30,
            "origin": 21,
            "product": 10,
            "year": 2016
        },
        "model": "asmfa.activity2activity",
        "pk": 69
    },
    {
        "fields": {
            "amount": 25,
            "description": null,
            "destination": 11,
            "entry": 1,
            "keyflow": 30,
            "origin": 8,
            "product": 1,
            "year": 2016
        },
        "model": "asmfa.activity2activity",
        "pk": 68
    },
    {
        "fields": {
            "amount": 10,
            "description": null,
            "destination": 15,
            "entry": 1,
            "keyflow": 30,
            "origin": 14,
            "product": 1,
            "year": 2016
        },
        "model": "asmfa.activity2activity",
        "pk": 67
    },
    {
        "fields": {
            "amount": 5,
            "description": null,
            "destination": 26,
            "entry": 1,
            "keyflow": 30,
            "origin": 18,
            "product": 9,
            "year": 2016
        },
        "model": "asmfa.activity2activity",
        "pk": 66
    },
    {
        "fields": {
            "amount": 35,
            "description": null,
            "destination": 1,
            "entry": 1,
            "keyflow": 30,
            "origin": 25,
            "product": 9,
            "year": 2016
        },
        "model": "asmfa.activity2activity",
        "pk": 65
    },
    {
        "fields": {
            "amount": 10,
            "description": null,
            "destination": 29,
            "entry": 1,
            "keyflow": 30,
            "origin": 4,
            "product": 1,
            "year": 2016
        },
        "model": "asmfa.activity2activity",
        "pk": 64
    },
    {
        "fields": {
            "amount": 40,
            "description": null,
            "destination": 14,
            "entry": 1,
            "keyflow": 30,
            "origin": 9,
            "product": 1,
            "year": 2016
        },
        "model": "asmfa.activity2activity",
        "pk": 63
    },
    {
        "fields": {
            "amount": 10,
            "description": null,
            "destination": 18,
            "entry": 1,
            "keyflow": 30,
            "origin": 15,
            "product": 1,
            "year": 2016
        },
        "model": "asmfa.activity2activity",
        "pk": 62
    },
    {
        "fields": {
            "amount": 5,
            "description": null,
            "destination": 1,
            "entry": 1,
            "keyflow": 30,
            "origin": 17,
            "product": 10,
            "year": 2016
        },
        "model": "asmfa.activity2activity",
        "pk": 61
    },
    {
        "fields": {
            "amount": 10,
            "description": null,
            "destination": 29,
            "entry": 1,
            "keyflow": 30,
            "origin": 13,
            "product": 1,
            "year": 2016
        },
        "model": "asmfa.activity2activity",
        "pk": 60
    },
    {
        "fields": {
            "amount": 10,
            "description": null,
            "destination": 13,
            "entry": 1,
            "keyflow": 30,
            "origin": 10,
            "product": 1,
            "year": 2016
        },
        "model": "asmfa.activity2activity",
        "pk": 59
    },
    {
        "fields": {
            "amount": 15,
            "description": null,
            "destination": 24,
            "entry": 1,
            "keyflow": 30,
            "origin": 19,
            "product": 10,
            "year": 2016
        },
        "model": "asmfa.activity2activity",
        "pk": 58
    },
    {
        "fields": {
            "amount": 5,
            "description": null,
            "destination": 29,
            "entry": 1,
            "keyflow": 30,
            "origin": 18,
            "product": 1,
            "year": 2016
        },
        "model": "asmfa.activity2activity",
        "pk": 57
    },
    {
        "fields": {
            "amount": 5,
            "description": null,
            "destination": 20,
            "entry": 1,
            "keyflow": 30,
            "origin": 14,
            "product": 1,
            "year": 2016
        },
        "model": "asmfa.activity2activity",
        "pk": 56
    },
    {
        "fields": {
            "amount": 5,
            "description": null,
            "destination": 27,
            "entry": 1,
            "keyflow": 30,
            "origin": 18,
            "product": 9,
            "year": 2016
        },
        "model": "asmfa.activity2activity",
        "pk": 55
    },
    {
        "fields": {
            "amount": 50,
            "description": "This is a test text",
            "destination": 1,
            "entry": 1,
            "keyflow": 30,
            "origin": 8,
            "product": 1,
            "year": 2016
        },
        "model": "asmfa.group2group",
        "pk": 31
    },
    {
        "fields": {
            "amount": 5,
            "description": null,
            "destination": 1,
            "entry": 1,
            "keyflow": 30,
            "origin": 4,
            "product": 1,
            "year": 2016
        },
        "model": "asmfa.group2group",
        "pk": 46
    },
    {
        "fields": {
            "amount": 10,
            "description": null,
            "destination": 11,
            "entry": 1,
            "keyflow": 30,
            "origin": 4,
            "product": 1,
            "year": 2016
        },
        "model": "asmfa.group2group",
        "pk": 45
    },
    {
        "fields": {
            "amount": 50,
            "description": null,
            "destination": 10,
            "entry": 1,
            "keyflow": 30,
            "origin": 2,
            "product": 9,
            "year": 2016
        },
        "model": "asmfa.group2group",
        "pk": 44
    },
    {
        "fields": {
            "amount": 10,
            "description": null,
            "destination": 10,
            "entry": 1,
            "keyflow": 30,
            "origin": 8,
            "product": 10,
            "year": 2016
        },
        "model": "asmfa.group2group",
        "pk": 43
    },
    {
        "fields": {
            "amount": 5,
            "description": null,
            "destination": 10,
            "entry": 1,
            "keyflow": 30,
            "origin": 5,
            "product": 1,
            "year": 2016
        },
        "model": "asmfa.group2group",
        "pk": 42
    },
    {
        "fields": {
            "amount": 10,
            "description": null,
            "destination": 11,
            "entry": 1,
            "keyflow": 30,
            "origin": 8,
            "product": 1,
            "year": 2016
        },
        "model": "asmfa.group2group",
        "pk": 41
    },
    {
        "fields": {
            "amount": 20,
            "description": null,
            "destination": 7,
            "entry": 1,
            "keyflow": 30,
            "origin": 1,
            "product": 10,
            "year": 2016
        },
        "model": "asmfa.group2group",
        "pk": 40
    },
    {
        "fields": {
            "amount": 30,
            "description": null,
            "destination": 8,
            "entry": 1,
            "keyflow": 30,
            "origin": 3,
            "product": 1,
            "year": 2016
        },
        "model": "asmfa.group2group",
        "pk": 39
    },
    {
        "fields": {
            "amount": 10,
            "description": null,
            "destination": 7,
            "entry": 1,
            "keyflow": 30,
            "origin": 9,
            "product": 11,
            "year": 2016
        },
        "model": "asmfa.group2group",
        "pk": 38
    },
    {
        "fields": {
            "amount": 100,
            "description": null,
            "destination": 3,
            "entry": 1,
            "keyflow": 30,
            "origin": 6,
            "product": 1,
            "year": 2016
        },
        "model": "asmfa.group2group",
        "pk": 37
    },
    {
        "fields": {
            "amount": 5,
            "description": null,
            "destination": 11,
            "entry": 1,
            "keyflow": 30,
            "origin": 1,
            "product": 1,
            "year": 2016
        },
        "model": "asmfa.group2group",
        "pk": 36
    },
    {
        "fields": {
            "amount": 5,
            "description": null,
            "destination": 10,
            "entry": 1,
            "keyflow": 30,
            "origin": 4,
            "product": 1,
            "year": 2016
        },
        "model": "asmfa.group2group",
        "pk": 35
    },
    {
        "fields": {
            "amount": 30,
            "description": null,
            "destination": 2,
            "entry": 1,
            "keyflow": 30,
            "origin": 9,
            "product": 10,
            "year": 2016
        },
        "model": "asmfa.group2group",
        "pk": 34
    },
    {
        "fields": {
            "amount": 50,
            "description": null,
            "destination": 9,
            "entry": 1,
            "keyflow": 30,
            "origin": 3,
            "product": 1,
            "year": 2016
        },
        "model": "asmfa.group2group",
        "pk": 33
    },
    {
        "fields": {
            "amount": 30,
            "description": null,
            "destination": 5,
            "entry": 1,
            "keyflow": 30,
            "origin": 7,
            "product": 10,
            "year": 2016
        },
        "model": "asmfa.group2group",
        "pk": 32
    },
    {
        "fields": {
            "amount": 50,
            "description": null,
            "destination": 6,
            "entry": 1,
            "keyflow": 30,
            "origin": 5,
            "product": 1,
            "year": 2016
        },
        "model": "asmfa.group2group",
        "pk": 30
    },
    {
        "fields": {
            "amount": 30,
            "description": null,
            "destination": 2,
            "entry": 1,
            "keyflow": 30,
            "origin": 1,
            "product": 9,
            "year": 2016
        },
        "model": "asmfa.group2group",
        "pk": 29
    },
    {
        "fields": {
            "amount": 50,
            "description": null,
            "destination": 8,
            "entry": 1,
            "keyflow": 30,
            "origin": 12,
            "product": 1,
            "year": 2016
        },
        "model": "asmfa.group2group",
        "pk": 28
    },
    {
        "fields": {
            "amount": 10,
            "description": null,
            "destination": 11,
            "entry": 1,
            "keyflow": 30,
            "origin": 3,
            "product": 1,
            "year": 2016
        },
        "model": "asmfa.group2group",
        "pk": 27
    },
    {
        "fields": {
            "amount": 5,
            "description": null,
            "destination": 9,
            "entry": 1,
            "keyflow": 30,
            "origin": 4,
            "product": 1,
            "year": 2016
        },
        "model": "asmfa.group2group",
        "pk": 26
    },
    {
        "fields": {
            "amount": 50,
            "description": null,
            "destination": 6,
            "entry": 1,
            "keyflow": 30,
            "origin": 4,
            "product": 1,
            "year": 2016
        },
        "model": "asmfa.group2group",
        "pk": 25
    },
    {
        "fields": {
            "amount": 10,
            "description": null,
            "destination": 10,
            "entry": 1,
            "keyflow": 30,
            "origin": 9,
            "product": 8,
            "year": 2016
        },
        "model": "asmfa.group2group",
        "pk": 24
    },
    {
        "fields": {
            "code": "C",
            "done": false,
            "keyflow": 30,
            "name": "Consuming"
        },
        "model": "asmfa.activitygroup",
        "pk": 1
    },
    {
        "fields": {
            "code": "COL",
            "done": false,
            "keyflow": 30,
            "name": "Collection"
        },
        "model": "asmfa.activitygroup",
        "pk": 2
    },
    {
        "fields": {
            "code": "D",
            "done": false,
            "keyflow": 30,
            "name": "Distribution"
        },
        "model": "asmfa.activitygroup",
        "pk": 3
    },
    {
        "fields": {
            "code": "P1",
            "done": false,
            "keyflow": 30,
            "name": "Production"
        },
        "model": "asmfa.activitygroup",
        "pk": 4
    },
    {
        "fields": {
            "code": "P2",
            "done": false,
            "keyflow": 30,
            "name": "Production of packaging"
        },
        "model": "asmfa.activitygroup",
        "pk": 5
    },
    {
        "fields": {
            "code": "P3",
            "done": false,
            "keyflow": 30,
            "name": "Packaging"
        },
        "model": "asmfa.activitygroup",
        "pk": 6
    },
    {
        "fields": {
            "code": "R",
            "done": false,
            "keyflow": 30,
            "name": "Return Logistics"
        },
        "model": "asmfa.activitygroup",
        "pk": 7
    },
    {
        "fields": {
            "code": "S",
            "done": false,
            "keyflow": 30,
            "name": "Selling"
        },
        "model": "asmfa.activitygroup",
        "pk": 8
    },
    {
        "fields": {
            "code": "SC",
            "done": false,
            "keyflow": 30,
            "name": "Selling and Cosuming"
        },
        "model": "asmfa.activitygroup",
        "pk": 9
    },
    {
        "fields": {
            "code": "W",
            "done": false,
            "keyflow": 30,
            "name": "Waste Management"
        },
        "model": "asmfa.activitygroup",
        "pk": 10
    },
    {
        "fields": {
            "code": "exp",
            "done": false,
            "keyflow": 30,
            "name": "Export"
        },
        "model": "asmfa.activitygroup",
        "pk": 11
    },
    {
        "fields": {
            "code": "imp",
            "done": false,
            "keyflow": 30,
            "name": "Import"
        },
        "model": "asmfa.activitygroup",
        "pk": 12
    },
    {
        "fields": {
            "default": true,
            "keyflow": 30,
            "name": "Plastic Water Bottle"
        },
        "model": "asmfa.product",
        "pk": 1
    },
    {
        "fields": {
            "default": true,
            "keyflow": 30,
            "name": "Plastic Milk Bottle"
        },
        "model": "asmfa.product",
        "pk": 2
    },
    {
        "fields": {
            "default": true,
            "keyflow": 30,
            "name": "Plastic Juice Bottle"
        },
        "model": "asmfa.product",
        "pk": 3
    },
    {
        "fields": {
            "default": true,
            "keyflow": 30,
            "name": "Cardboard Cheese Box"
        },
        "model": "asmfa.product",
        "pk": 4
    },
    {
        "fields": {
            "default": true,
            "keyflow": 30,
            "name": "Cardboard Box for Water Bottles"
        },
        "model": "asmfa.product",
        "pk": 5
    },
    {
        "fields": {
            "default": true,
            "keyflow": 30,
            "name": "Farm Waste"
        },
        "model": "asmfa.product",
        "pk": 6
    },
    {
        "fields": {
            "default": true,
            "keyflow": 30,
            "name": "Sorted Cardboard Waste"
        },
        "model": "asmfa.product",
        "pk": 7
    },
    {
        "fields": {
            "default": true,
            "keyflow": 30,
            "name": "Restaurant Waste"
        },
        "model": "asmfa.product",
        "pk": 8
    },
    {
        "fields": {
            "default": true,
            "keyflow": 30,
            "name": "Municipal Solid Waste"
        },
        "model": "asmfa.product",
        "pk": 9
    },
    {
        "fields": {
            "default": true,
            "keyflow": 30,
            "name": "Sorted Plastic"
        },
        "model": "asmfa.product",
        "pk": 10
    },
    {
        "fields": {
            "default": true,
            "keyflow": 30,
            "name": "Plastic Deposit"
        },
        "model": "asmfa.product",
        "pk": 11
    },
    {
        "fields": {
            "code": "P3",
            "flowType": "Plastic Waste",
            "name": "Plastic packaging-PP"
        },
        "model": "asmfa.material",
        "pk": 12
    },
    {
        "fields": {
            "code": "PC6",
            "flowType": "Paper and Cardboard Waste",
            "name": "Other paper"
        },
        "model": "asmfa.material",
        "pk": 8
    },
    {
        "fields": {
            "code": "P4",
            "flowType": "Plastic Waste",
            "name": "Plastic packaging-PS"
        },
        "model": "asmfa.material",
        "pk": 13
    },
    {
        "fields": {
            "code": "Y1",
            "flowType": "Organic Waste",
            "name": "Plant material"
        },
        "model": "asmfa.material",
        "pk": 3
    },
    {
        "fields": {
            "code": "PC1",
            "flowType": "Paper and Cardboard Waste",
            "name": "Magazines and advertisement"
        },
        "model": "asmfa.material",
        "pk": 6
    },
    {
        "fields": {
            "code": "PC7",
            "flowType": "Paper and Cardboard Waste",
            "name": "Cardboard and paperboard"
        },
        "model": "asmfa.material",
        "pk": 9
    },
    {
        "fields": {
            "code": "F2",
            "flowType": "Organic Waste",
            "name": "Vegetable food waste"
        },
        "model": "asmfa.material",
        "pk": 2
    },
    {
        "fields": {
            "code": "P2",
            "flowType": "Plastic Waste",
            "name": "Plastic packaging-HDPE"
        },
        "model": "asmfa.material",
        "pk": 11
    },
    {
        "fields": {
            "code": "F1",
            "flowType": "Organic Waste",
            "name": "Animal-derived food waste"
        },
        "model": "asmfa.material",
        "pk": 1
    },
    {
        "fields": {
            "code": "P1",
            "flowType": "Plastic Waste",
            "name": "Plastic packaging-PET"
        },
        "model": "asmfa.material",
        "pk": 10
    },
    {
        "fields": {
            "fraction": 0.95,
            "material": 10,
            "product": 11
        },
        "model": "asmfa.productfraction",
        "pk": 32
    },
    {
        "fields": {
            "fraction": 0.05,
            "material": 13,
            "product": 11
        },
        "model": "asmfa.productfraction",
        "pk": 33
    },
    {
        "fields": {
            "fraction": 0.4,
            "material": 10,
            "product": 10
        },
        "model": "asmfa.productfraction",
        "pk": 28
    },
    {
        "fields": {
            "fraction": 0.2,
            "material": 11,
            "product": 10
        },
        "model": "asmfa.productfraction",
        "pk": 29
    },
    {
        "fields": {
            "fraction": 0.2,
            "material": 12,
            "product": 10
        },
        "model": "asmfa.productfraction",
        "pk": 30
    },
    {
        "fields": {
            "fraction": 0.2,
            "material": 13,
            "product": 10
        },
        "model": "asmfa.productfraction",
        "pk": 31
    },
    {
        "fields": {
            "fraction": 0.1,
            "material": 1,
            "product": 9
        },
        "model": "asmfa.productfraction",
        "pk": 22
    },
    {
        "fields": {
            "fraction": 0.1,
            "material": 2,
            "product": 9
        },
        "model": "asmfa.productfraction",
        "pk": 23
    },
    {
        "fields": {
            "fraction": 0.3,
            "material": 10,
            "product": 9
        },
        "model": "asmfa.productfraction",
        "pk": 24
    },
    {
        "fields": {
            "fraction": 0.1,
            "material": 11,
            "product": 9
        },
        "model": "asmfa.productfraction",
        "pk": 25
    },
    {
        "fields": {
            "fraction": 0.2,
            "material": 8,
            "product": 9
        },
        "model": "asmfa.productfraction",
        "pk": 26
    },
    {
        "fields": {
            "fraction": 0.2,
            "material": 13,
            "product": 9
        },
        "model": "asmfa.productfraction",
        "pk": 27
    },
    {
        "fields": {
            "fraction": 0.5,
            "material": 10,
            "product": 8
        },
        "model": "asmfa.productfraction",
        "pk": 19
    },
    {
        "fields": {
            "fraction": 0.1,
            "material": 1,
            "product": 8
        },
        "model": "asmfa.productfraction",
        "pk": 20
    },
    {
        "fields": {
            "fraction": 0.4,
            "material": 2,
            "product": 8
        },
        "model": "asmfa.productfraction",
        "pk": 21
    },
    {
        "fields": {
            "fraction": 0.95,
            "material": 6,
            "product": 7
        },
        "model": "asmfa.productfraction",
        "pk": 17
    },
    {
        "fields": {
            "fraction": 0.05,
            "material": 10,
            "product": 7
        },
        "model": "asmfa.productfraction",
        "pk": 18
    },
    {
        "fields": {
            "fraction": 0.2,
            "material": 1,
            "product": 6
        },
        "model": "asmfa.productfraction",
        "pk": 12
    },
    {
        "fields": {
            "fraction": 0.2,
            "material": 2,
            "product": 6
        },
        "model": "asmfa.productfraction",
        "pk": 13
    },
    {
        "fields": {
            "fraction": 0.2,
            "material": 3,
            "product": 6
        },
        "model": "asmfa.productfraction",
        "pk": 14
    },
    {
        "fields": {
            "fraction": 0.2,
            "material": 6,
            "product": 6
        },
        "model": "asmfa.productfraction",
        "pk": 15
    },
    {
        "fields": {
            "fraction": 0.2,
            "material": 10,
            "product": 6
        },
        "model": "asmfa.productfraction",
        "pk": 16
    },
    {
        "fields": {
            "fraction": 0.5,
            "material": 10,
            "product": 5
        },
        "model": "asmfa.productfraction",
        "pk": 10
    },
    {
        "fields": {
            "fraction": 0.5,
            "material": 9,
            "product": 5
        },
        "model": "asmfa.productfraction",
        "pk": 11
    },
    {
        "fields": {
            "fraction": 0.8,
            "material": 1,
            "product": 4
        },
        "model": "asmfa.productfraction",
        "pk": 7
    },
    {
        "fields": {
            "fraction": 0.1,
            "material": 9,
            "product": 4
        },
        "model": "asmfa.productfraction",
        "pk": 8
    },
    {
        "fields": {
            "fraction": 0.1,
            "material": 10,
            "product": 4
        },
        "model": "asmfa.productfraction",
        "pk": 9
    },
    {
        "fields": {
            "fraction": 0.75,
            "material": 2,
            "product": 3
        },
        "model": "asmfa.productfraction",
        "pk": 4
    },
    {
        "fields": {
            "fraction": 0.2,
            "material": 10,
            "product": 3
        },
        "model": "asmfa.productfraction",
        "pk": 5
    },
    {
        "fields": {
            "fraction": 0.05,
            "material": 11,
            "product": 3
        },
        "model": "asmfa.productfraction",
        "pk": 6
    },
    {
        "fields": {
            "fraction": 0.2,
            "material": 10,
            "product": 2
        },
        "model": "asmfa.productfraction",
        "pk": 2
    },
    {
        "fields": {
            "fraction": 0.8,
            "material": 1,
            "product": 2
        },
        "model": "asmfa.productfraction",
        "pk": 3
    },
    {
        "fields": {
            "fraction": 1.0,
            "material": 10,
            "product": 1
        },
        "model": "asmfa.productfraction",
        "pk": 1
    },
    {
        "fields": {
            "date_joined": "2017-11-01T18:11:08Z",
            "email": "bohnet@ggr-planung.de",
            "first_name": "Max",
            "groups": [
                1
            ],
            "is_active": true,
            "is_staff": true,
            "is_superuser": true,
            "last_login": "2018-01-17T12:42:43.458Z",
            "last_name": "Bohnet",
            "password": "pbkdf2_sha256$36000$EXzR5mzfwkko$udkdd/7JgDYHShI0z3Sy0Tbm3/Qab3FgqWZhBSviI/8=",
            "user_permissions": [],
            "username": "Max"
        },
        "model": "auth.user",
        "pk": 1
    },
    {
        "fields": {
            "date_joined": "2017-11-01T18:11:08.660Z",
            "email": "gutsche@ggr-planung.de",
            "first_name": "",
            "groups": [],
            "is_active": true,
            "is_staff": false,
            "is_superuser": false,
            "last_login": null,
            "last_name": "",
            "password": "",
            "user_permissions": [],
            "username": "JM"
        },
        "model": "auth.user",
        "pk": 2
    },
    {
        "fields": {
            "organization": "",
            "user": 1
        },
        "model": "login.profile",
        "pk": 1
    },
    {
        "fields": {
            "casestudy": 7,
            "name": "Waste companies"
        },
        "model": "studyarea.stakeholdercategory",
        "pk": 2
    },
    {
        "fields": {
            "organization": "",
            "user": 2
        },
        "model": "login.profile",
        "pk": 2
    },
    {
        "fields": {
            "name": "Public awareness",
            "user": 2
        },
        "model": "changes.solutioncategory",
        "pk": 4
    },
    {
        "fields": {
            "name": "Tour planning",
            "user": 2
        },
        "model": "changes.solutioncategory",
        "pk": 3
    },
    {
        "fields": {
            "casestudy": 7,
            "role": "",
            "user": 1
        },
        "model": "login.userincasestudy",
        "pk": 1
    },
    {
        "fields": {
            "name": "Stadtreinigung Hamburg",
            "stakeholder_category": 2
        },
        "model": "studyarea.stakeholder",
        "pk": 4
    },
    {
        "fields": {
            "name": "Collection containers",
            "user": 2
        },
        "model": "changes.solutioncategory",
        "pk": 1
    },
    {
        "fields": {
            "casestudy": 7,
            "role": "",
            "user": 2
        },
        "model": "login.userincasestudy",
        "pk": 2
    },
    {
        "fields": {
            "name": "cbm"
        },
        "model": "changes.unit",
        "pk": 1
    },
    {
        "fields": {
            "name": "tons"
        },
        "model": "changes.unit",
        "pk": 2
    },
    {
        "fields": {
            "name": "\u20ac"
        },
        "model": "changes.unit",
        "pk": 5
    },
    {
        "fields": {
            "name": "meters"
        },
        "model": "changes.unit",
        "pk": 3
    },
    {
        "fields": {
            "name": "number"
        },
        "model": "changes.unit",
        "pk": 4
    },
    {
        "fields": {
            "description": "bbb",
            "name": "Flexible bins",
            "one_unit_equals": "One bin",
            "solution_category": 1,
            "user": 1
        },
        "model": "changes.solution",
        "pk": 2
    },
    {
        "fields": {
            "description": "ggg",
            "name": "Recycling training",
            "one_unit_equals": "One training program",
            "solution_category": 4,
            "user": 2
        },
        "model": "changes.solution",
        "pk": 7
    },
    {
        "fields": {
            "description": "fff",
            "name": "Public ads",
            "one_unit_equals": "One campaign",
            "solution_category": 4,
            "user": 1
        },
        "model": "changes.solution",
        "pk": 6
    },
    {
        "fields": {
            "description": "eee",
            "name": "Tour optimisation",
            "one_unit_equals": "One optimisation",
            "solution_category": 3,
            "user": 1
        },
        "model": "changes.solution",
        "pk": 5
    },
    {
        "fields": {
            "coordinating_stakeholder": 4,
            "name": "Organic waste initiative Hamburg-Altona",
            "user": 2
        },
        "model": "changes.implementation",
        "pk": 1
    },
    {
        "fields": {
            "description": "ccc",
            "name": "Underfloor collectors",
            "one_unit_equals": "One collector",
            "solution_category": 1,
            "user": 2
        },
        "model": "changes.solution",
        "pk": 3
    },
    {
        "fields": {
            "name": "another amount",
            "solution": 6,
            "unit": 1
        },
        "model": "changes.solutionquantity",
        "pk": 6
    },
    {
        "fields": {
            "name": "campaigns",
            "solution": 5,
            "unit": 2
        },
        "model": "changes.solutionquantity",
        "pk": 5
    },
    {
        "fields": {
            "name": "price",
            "solution": 3,
            "unit": 5
        },
        "model": "changes.solutionquantity",
        "pk": 8
    },
    {
        "fields": {
            "name": "depth of containers",
            "solution": 3,
            "unit": 3
        },
        "model": "changes.solutionquantity",
        "pk": 7
    },
    {
        "fields": {
            "name": "number of collectors",
            "solution": 3,
            "unit": 4
        },
        "model": "changes.solutionquantity",
        "pk": 1
    },
    {
        "fields": {
            "implementation": 1,
            "participants": [],
            "solution": 2
        },
        "model": "changes.solutioninimplementation",
        "pk": 8
    },
    {
        "fields": {
            "implementation": 1,
            "participants": [],
            "solution": 7
        },
        "model": "changes.solutioninimplementation",
        "pk": 6
    },
    {
        "fields": {
            "implementation": 1,
            "participants": [
                2,
                6
            ],
            "solution": 6
        },
        "model": "changes.solutioninimplementation",
        "pk": 3
    },
    {
        "fields": {
            "implementation": 1,
            "participants": [
                4
            ],
            "solution": 5
        },
        "model": "changes.solutioninimplementation",
        "pk": 2
    },
    {
        "fields": {
            "implementation": 1,
            "participants": [
                2,
                4
            ],
            "solution": 3
        },
        "model": "changes.solutioninimplementation",
        "pk": 1
    },
    {
        "fields": {
            "geom": "TheGeometry",
            "name": "",
            "sii": 3
        },
        "model": "changes.solutioninimplementationgeometry",
        "pk": 5
    },
    {
        "fields": {
            "quantity": 5,
            "sii": 3,
            "value": 3.0
        },
        "model": "changes.solutioninimplementationquantity",
        "pk": 7
    },
    {
        "fields": {
            "quantity": 6,
            "sii": 3,
            "value": 0.0
        },
        "model": "changes.solutioninimplementationquantity",
        "pk": 4
    },
    {
        "fields": {
            "note": "Every other month",
            "sii": 3
        },
        "model": "changes.solutioninimplementationnote",
        "pk": 3
    },
    {
        "fields": {
            "geom": "TheGeometry",
            "name": "Hier",
            "sii": 2
        },
        "model": "changes.solutioninimplementationgeometry",
        "pk": 4
    },
    {
        "fields": {
            "quantity": 6,
            "sii": 2,
            "value": 1.0
        },
        "model": "changes.solutioninimplementationquantity",
        "pk": 6
    },
    {
        "fields": {
            "quantity": 5,
            "sii": 2,
            "value": 0.0
        },
        "model": "changes.solutioninimplementationquantity",
        "pk": 3
    },
    {
        "fields": {
            "note": "Another Note",
            "sii": 2
        },
        "model": "changes.solutioninimplementationnote",
        "pk": 5
    },
    {
        "fields": {
            "note": "As already done in Amsterdam",
            "sii": 2
        },
        "model": "changes.solutioninimplementationnote",
        "pk": 2
    },
    {
        "fields": {
            "geom": "TheGeometry",
            "name": "",
            "sii": 1
        },
        "model": "changes.solutioninimplementationgeometry",
        "pk": 3
    },
    {
        "fields": {
            "geom": "TheGeometry",
            "name": "Elbe",
            "sii": 1
        },
        "model": "changes.solutioninimplementationgeometry",
        "pk": 2
    },
    {
        "fields": {
            "geom": "TheGeometry",
            "name": "Phoenixhof",
            "sii": 1
        },
        "model": "changes.solutioninimplementationgeometry",
        "pk": 1
    },
    {
        "fields": {
            "quantity": 8,
            "sii": 1,
            "value": 333.0
        },
        "model": "changes.solutioninimplementationquantity",
        "pk": 15
    },
    {
        "fields": {
            "quantity": 7,
            "sii": 1,
            "value": 2.5
        },
        "model": "changes.solutioninimplementationquantity",
        "pk": 14
    },
    {
        "fields": {
            "quantity": 1,
            "sii": 1,
            "value": 35.0
        },
        "model": "changes.solutioninimplementationquantity",
        "pk": 5
    },
    {
        "fields": {
            "quantity": 7,
            "sii": 1,
            "value": 2.0
        },
        "model": "changes.solutioninimplementationquantity",
        "pk": 2
    },
    {
        "fields": {
            "quantity": 1,
            "sii": 1,
            "value": 123.0
        },
        "model": "changes.solutioninimplementationquantity",
        "pk": 1
    },
    {
        "fields": {
            "note": "Bezirk Altona pays 30%",
            "sii": 1
        },
        "model": "changes.solutioninimplementationnote",
        "pk": 1
    },
    {
        "fields": {
            "name": "Collection Costs",
            "solution": 3,
            "unit": 5,
            "value": 350.0
        },
        "model": "changes.solutionratiooneunit",
        "pk": 2
    },
    {
        "fields": {
            "name": "Collection volume",
            "solution": 3,
            "unit": 1,
            "value": 50.0
        },
        "model": "changes.solutionratiooneunit",
        "pk": 1
    },
    {
        "fields": {
            "casestudy": 5,
            "name": "Government"
        },
        "model": "studyarea.stakeholdercategory",
        "pk": 1
    },
    {
        "fields": {
            "focusarea": null,
            "geom": null,
            "name": "Hamburg"
        },
        "model": "login.casestudy",
        "pk": 5
    },
    {
        "fields": {
            "name": "Altona",
            "stakeholder_category": 1
        },
        "model": "studyarea.stakeholder",
        "pk": 1
    },
    {
        "fields": {
            "coordinator": 1,
            "implementations": [
                1
            ],
            "name": "Vision Waste 2035",
            "user": 1
        },
        "model": "changes.strategy",
        "pk": 1
    },
    {
        "fields": {
            "bibtex_types": "book, manual",
            "description": "Books",
            "hidden": false,
            "order": 3,
            "title": "Book"
        },
        "model": "publications_bootstrap.type",
        "pk": 4
    },
    {
        "fields": {
            "bibtex_types": "online, misc",
            "description": "Online publication",
            "hidden": false,
            "order": 5,
            "title": "Online"
        },
        "model": "publications_bootstrap.type",
        "pk": 6
    },
    {
        "fields": {
            "bibtex_types": "article",
            "description": "Journal Articles",
            "hidden": false,
            "order": 0,
            "title": "Journal"
        },
        "model": "publications_bootstrap.type",
        "pk": 1
    },
    {
        "fields": {
            "abstract": "",
            "authors": "K. Williamson and T. Asla",
            "book_title": "",
            "chapter": null,
            "citekey": "Williamson.2009",
            "code": "",
            "country": "",
            "doi": "10.1016/j.lisr.2009.01.002",
            "edition": "",
            "editor": "",
            "external": false,
            "image": "",
            "institution": "",
            "isbn": null,
            "journal": "Library {\\&} Information Science Research",
            "location": "",
            "month": null,
            "note": "",
            "number": "2",
            "organization": "",
            "pages": "76--83",
            "pdf": "",
            "publisher": "",
            "school": "",
            "section": null,
            "series": "",
            "tags": "",
            "thumbnail": "",
            "title": "Information behavior of people in the fourth age: Implications for the conceptualization of information literacy",
            "type": 1,
            "url": "",
            "volume": "31",
            "year": 2009
        },
        "model": "publications_bootstrap.publication",
        "pk": 11
    },
    {
        "fields": {
            "abstract": "",
            "authors": "J. D. B. Weyers and K. McMillan",
            "book_title": "",
            "chapter": null,
            "citekey": "Weyers.2013",
            "code": "",
            "country": "",
            "doi": null,
            "edition": "",
            "editor": "",
            "external": false,
            "image": "",
            "institution": "",
            "isbn": "9780273773368",
            "journal": "",
            "location": "",
            "month": null,
            "note": "",
            "number": null,
            "organization": "",
            "pages": "",
            "pdf": "",
            "publisher": "Pearson",
            "school": "",
            "section": null,
            "series": "Smarter study skills",
            "tags": "",
            "thumbnail": "",
            "title": "How to cite, reference {\\&} avoid plagiarism at university",
            "type": 4,
            "url": "",
            "volume": null,
            "year": 2013
        },
        "model": "publications_bootstrap.publication",
        "pk": 10
    },
    {
        "fields": {
            "abstract": "",
            "authors": "{. Wandl}, {. Arciniegas}, {. Bohnet}, {.-M. Gutsche}, {Rusn&#729, e. &#711, S. &#729, and e}",
            "book_title": "",
            "chapter": null,
            "citekey": "AlexanderWandl.2016",
            "code": "",
            "country": "",
            "doi": "10.13140/RG.2.2.19502.92486",
            "edition": "",
            "editor": "",
            "external": false,
            "image": "",
            "institution": "",
            "isbn": null,
            "journal": "",
            "location": "",
            "month": null,
            "note": "",
            "number": null,
            "organization": "",
            "pages": "",
            "pdf": "",
            "publisher": "REPAiR",
            "school": "",
            "section": null,
            "series": "",
            "tags": "",
            "thumbnail": "",
            "title": "REsourceManagement in Peri-urban AReas: Going Beyond Urban Metabolism D2.1 Vision of the GDSE Applications",
            "type": 6,
            "url": "",
            "volume": null,
            "year": 2016
        },
        "model": "publications_bootstrap.publication",
        "pk": 3
    },
    {
        "fields": {
            "abstract": "",
            "authors": "W. McDowall, Y. Geng, B. Huang, E. Bartekov{\\'{a}}, R. Bleischwitz, S. T{\\\"{u}}rkeli, R. Kemp, and T. Dom{\\'{e}}nech",
            "book_title": "",
            "chapter": null,
            "citekey": "McDowallWill2017",
            "code": "",
            "country": "",
            "doi": "10.1111/jiec.12597",
            "edition": "",
            "editor": "",
            "external": false,
            "image": "",
            "institution": "",
            "isbn": null,
            "journal": "Journal of Industrial Ecology",
            "location": "",
            "note": "",
            "number": "3",
            "organization": "",
            "pages": "651--661",
            "pdf": ":Users/rusnesileryte/Library/Application Support/Mendeley Desktop/Downloaded/McDowall et al. - 2017 - Circular Economy Policies in China and Europe.pdf:pdf",
            "publisher": "",
            "school": "",
            "section": null,
            "series": "",
            "tags": "",
            "thumbnail": "",
            "title": "Circular Economy Policies in China and Europe",
            "type": 1,
            "url": "",
            "volume": "21",
            "year": 2017
        },
        "model": "publications_bootstrap.publication",
        "pk": 2
    }
]
