[
    {
        "fields": {
            "date_joined": "2018-01-12T10:50:47.774Z",
            "email": "",
            "first_name": "",
            "groups": [],
            "is_active": true,
            "is_staff": false,
            "is_superuser": false,
            "last_login": null,
            "last_name": "",
            "password": "pbkdf2_sha256$36000$KtZXCUB8A8LE$vNWcekVaZ3dHNupV1GOnj0WM1nakgUzBmHN4PqL0ZR0=",
            "user_permissions": [],
            "username": "stefaan"
        },
        "model": "auth.user",
        "pk": 8
    },
    {
        "fields": {
            "date_joined": "2018-01-12T10:14:53Z",
            "email": "geocolconsultant@gmail.com",
            "first_name": "Gustavo",
            "groups": [],
            "is_active": true,
            "is_staff": false,
            "is_superuser": false,
            "last_login": "2018-01-12T10:18:42.771Z",
            "last_name": "Arciniegas",
            "password": "pbkdf2_sha256$36000$wjqrQhShjpVw$LSQNONjBBfBSBC20C1c7NmU9q58Q/2R+SW5Po+1AGd4=",
            "user_permissions": [],
            "username": "gustavo"
        },
        "model": "auth.user",
        "pk": 7
    },
    {
        "fields": {
            "date_joined": "2017-11-01T18:11:08.551Z",
            "email": "my.name@is.rabbit",
            "first_name": "",
            "groups": [],
            "is_active": true,
            "is_staff": false,
            "is_superuser": false,
            "last_login": null,
            "last_name": "",
            "password": "i",
            "user_permissions": [],
            "username": "AnonymusUser"
        },
        "model": "auth.user",
        "pk": -1
    },
    {
        "fields": {
            "date_joined": "2017-12-19T17:31:05.995Z",
            "email": "",
            "first_name": "",
            "groups": [],
            "is_active": true,
            "is_staff": true,
            "is_superuser": true,
            "last_login": "2018-01-17T15:34:58.038Z",
            "last_name": "",
            "password": "pbkdf2_sha256$36000$mHEaxEq79DN3$GgvNZiFPeuQlCjEGmeeapH5TIYRxUZ9RmypICFk8UOs=",
            "user_permissions": [],
            "username": "admin"
        },
        "model": "auth.user",
        "pk": 5
    },
    {
        "fields": {
            "date_joined": "2017-11-06T10:55:44Z",
            "email": "cfr@ggr-planung.de",
            "first_name": "",
            "groups": [
                1
            ],
            "is_active": true,
            "is_staff": true,
            "is_superuser": true,
            "last_login": "2017-12-20T13:21:43.820Z",
            "last_name": "",
            "password": "pbkdf2_sha256$36000$DVQzpbZngKsn$dZUNYPmtE6s+75lX3MjmtQoIT9fNY7jBOMjRNiFqC1g=",
            "user_permissions": [],
            "username": "Cfr"
        },
        "model": "auth.user",
        "pk": 4
    },
    {
        "fields": {
            "code": "Org",
            "name": "Organic"
        },
        "model": "asmfa.keyflow",
        "pk": 1
    },
    {
        "fields": {
            "organization": "",
            "user": 8
        },
        "model": "login.profile",
        "pk": 8
    },
    {
        "fields": {
            "organization": "",
            "user": 7
        },
        "model": "login.profile",
        "pk": 7
    },
    {
        "fields": {
            "organization": "",
            "user": -1
        },
        "model": "login.profile",
        "pk": -1
    },
    {
        "fields": {
            "organization": "",
            "user": 5
        },
        "model": "login.profile",
        "pk": 5
    },
    {
        "fields": {
            "organization": "GGR",
            "user": 4
        },
        "model": "login.profile",
        "pk": 4
    },
    {
        "fields": {
            "focusarea": null,
            "geom": null,
            "name": "SandboxCity"
        },
        "model": "login.casestudy",
        "pk": 7
    },
    {
        "fields": {
            "casestudy": 7,
            "keyflow": 1,
            "note": ""
        },
        "model": "asmfa.keyflowincasestudy",
        "pk": 30
    },
    {
        "fields": {
            "casestudy": 7,
            "role": "",
            "user": 8
        },
        "model": "login.userincasestudy",
        "pk": 72
    },
    {
        "fields": {
            "casestudy": 7,
            "role": "",
            "user": 7
        },
        "model": "login.userincasestudy",
        "pk": 65
    },
    {
        "fields": {
            "casestudy": 7,
            "role": "",
            "user": -1
        },
        "model": "login.userincasestudy",
        "pk": 37
    },
    {
        "fields": {
            "casestudy": 7,
            "role": "",
            "user": 5
        },
        "model": "login.userincasestudy",
        "pk": 42
    },
    {
        "fields": {
            "casestudy": 7,
            "role": "",
            "user": 4
        },
        "model": "login.userincasestudy",
        "pk": 21
    },
    {
        "fields": {
            "BvDid": "NL00000993",
            "BvDii": "A",
            "activity": 26,
            "consCode": "111",
            "description": null,
            "description_eng": null,
            "done": false,
            "employees": 100,
            "included": true,
            "name": "Restaurant waste collector",
            "reason": 0,
            "turnover": "0.00",
            "turnover_currency": "EUR",
            "website": "www.website.org",
            "year": 2017
        },
        "model": "asmfa.actor",
        "pk": 38
    },
    {
        "fields": {
            "BvDid": "NL00000994",
            "BvDii": "A",
            "activity": 27,
            "consCode": "111",
            "description": null,
            "description_eng": null,
            "done": false,
            "employees": 100,
            "included": true,
            "name": "Farm waste collector",
            "reason": 0,
            "turnover": "0.00",
            "turnover_currency": "EUR",
            "website": "www.website.org",
            "year": 2017
        },
        "model": "asmfa.actor",
        "pk": 39
    },
    {
        "fields": {
            "BvDid": "NL00000992",
            "BvDii": "A",
            "activity": 26,
            "consCode": "111",
            "description": null,
            "description_eng": null,
            "done": false,
            "employees": 100,
            "included": true,
            "name": "Food&Plastic waste collector",
            "reason": 0,
            "turnover": "0.00",
            "turnover_currency": "EUR",
            "website": "www.website.org",
            "year": 2017
        },
        "model": "asmfa.actor",
        "pk": 37
    },
    {
        "fields": {
            "BvDid": "NL00000883",
            "BvDii": "A",
            "activity": 23,
            "consCode": "111",
            "description": null,
            "description_eng": null,
            "done": false,
            "employees": 100,
            "included": true,
            "name": "Bottle Deposit bv",
            "reason": 0,
            "turnover": "0.00",
            "turnover_currency": "EUR",
            "website": "www.website.org",
            "year": 2017
        },
        "model": "asmfa.actor",
        "pk": 35
    },
    {
        "fields": {
            "BvDid": "NL00000882",
            "BvDii": "A",
            "activity": 24,
            "consCode": "111",
            "description": null,
            "description_eng": null,
            "done": false,
            "employees": 100,
            "included": true,
            "name": "Bottle Sorting bv",
            "reason": 0,
            "turnover": "0.00",
            "turnover_currency": "EUR",
            "website": "www.website.org",
            "year": 2017
        },
        "model": "asmfa.actor",
        "pk": 34
    },
    {
        "fields": {
            "BvDid": "NL00000881",
            "BvDii": "A",
            "activity": 24,
            "consCode": "111",
            "description": null,
            "description_eng": null,
            "done": false,
            "employees": 100,
            "included": true,
            "name": "Plastic Sorting bv",
            "reason": 0,
            "turnover": "0.00",
            "turnover_currency": "EUR",
            "website": "www.website.org",
            "year": 2017
        },
        "model": "asmfa.actor",
        "pk": 33
    },
    {
        "fields": {
            "BvDid": "NL00000991",
            "BvDii": "A",
            "activity": 25,
            "consCode": "111",
            "description": null,
            "description_eng": null,
            "done": false,
            "employees": 100,
            "included": true,
            "name": "MSW collector",
            "reason": 0,
            "turnover": "0.00",
            "turnover_currency": "EUR",
            "website": "www.website.org",
            "year": 2017
        },
        "model": "asmfa.actor",
        "pk": 36
    },
    {
        "fields": {
            "BvDid": "NL00000660",
            "BvDii": "A",
            "activity": 18,
            "consCode": "111",
            "description": null,
            "description_eng": null,
            "done": false,
            "employees": 100,
            "included": true,
            "name": "Farm Type 4",
            "reason": 0,
            "turnover": "0.00",
            "turnover_currency": "EUR",
            "website": "www.website.org",
            "year": 2017
        },
        "model": "asmfa.actor",
        "pk": 14
    },
    {
        "fields": {
            "BvDid": "NL00000669",
            "BvDii": "A",
            "activity": 18,
            "consCode": "111",
            "description": null,
            "description_eng": null,
            "done": false,
            "employees": 100,
            "included": true,
            "name": "Tourism",
            "reason": 0,
            "turnover": "0.00",
            "turnover_currency": "EUR",
            "website": "www.website.org",
            "year": 2017
        },
        "model": "asmfa.actor",
        "pk": 23
    },
    {
        "fields": {
            "BvDid": "NL00000668",
            "BvDii": "A",
            "activity": 18,
            "consCode": "111",
            "description": null,
            "description_eng": null,
            "done": false,
            "employees": 100,
            "included": true,
            "name": "Farm Type 2",
            "reason": 0,
            "turnover": "0.00",
            "turnover_currency": "EUR",
            "website": "www.website.org",
            "year": 2017
        },
        "model": "asmfa.actor",
        "pk": 22
    },
    {
        "fields": {
            "BvDid": "NL00000667",
            "BvDii": "A",
            "activity": 18,
            "consCode": "111",
            "description": null,
            "description_eng": null,
            "done": false,
            "employees": 100,
            "included": true,
            "name": "Farm Type 1",
            "reason": 0,
            "turnover": "0.00",
            "turnover_currency": "EUR",
            "website": "www.website.org",
            "year": 2017
        },
        "model": "asmfa.actor",
        "pk": 21
    },
    {
        "fields": {
            "BvDid": "NL00000666",
            "BvDii": "A",
            "activity": 19,
            "consCode": "111",
            "description": null,
            "description_eng": null,
            "done": false,
            "employees": 100,
            "included": true,
            "name": "Household Type 6",
            "reason": 0,
            "turnover": "0.00",
            "turnover_currency": "EUR",
            "website": "www.website.org",
            "year": 2017
        },
        "model": "asmfa.actor",
        "pk": 20
    },
    {
        "fields": {
            "BvDid": "NL00000665",
            "BvDii": "A",
            "activity": 19,
            "consCode": "111",
            "description": null,
            "description_eng": null,
            "done": false,
            "employees": 100,
            "included": true,
            "name": "Household Type 5",
            "reason": 0,
            "turnover": "0.00",
            "turnover_currency": "EUR",
            "website": "www.website.org",
            "year": 2017
        },
        "model": "asmfa.actor",
        "pk": 19
    },
    {
        "fields": {
            "BvDid": "NL00000664",
            "BvDii": "A",
            "activity": 19,
            "consCode": "111",
            "description": null,
            "description_eng": null,
            "done": false,
            "employees": 100,
            "included": true,
            "name": "Household Type 4",
            "reason": 0,
            "turnover": "0.00",
            "turnover_currency": "EUR",
            "website": "www.website.org",
            "year": 2017
        },
        "model": "asmfa.actor",
        "pk": 18
    },
    {
        "fields": {
            "BvDid": "NL00000663",
            "BvDii": "A",
            "activity": 19,
            "consCode": "111",
            "description": null,
            "description_eng": null,
            "done": false,
            "employees": 100,
            "included": true,
            "name": "Household Type 3",
            "reason": 0,
            "turnover": "0.00",
            "turnover_currency": "EUR",
            "website": "www.website.org",
            "year": 2017
        },
        "model": "asmfa.actor",
        "pk": 17
    },
    {
        "fields": {
            "BvDid": "NL00000662",
            "BvDii": "A",
            "activity": 19,
            "consCode": "111",
            "description": null,
            "description_eng": null,
            "done": false,
            "employees": 100,
            "included": true,
            "name": "Household Type 2",
            "reason": 0,
            "turnover": "0.00",
            "turnover_currency": "EUR",
            "website": "www.website.org",
            "year": 2017
        },
        "model": "asmfa.actor",
        "pk": 16
    },
    {
        "fields": {
            "BvDid": "NL00000779",
            "BvDii": "A",
            "activity": 21,
            "consCode": "111",
            "description": null,
            "description_eng": null,
            "done": false,
            "employees": 100,
            "included": true,
            "name": "Cafe 3",
            "reason": 0,
            "turnover": "0.00",
            "turnover_currency": "EUR",
            "website": "www.website.org",
            "year": 2017
        },
        "model": "asmfa.actor",
        "pk": 32
    },
    {
        "fields": {
            "BvDid": "NL00000778",
            "BvDii": "A",
            "activity": 21,
            "consCode": "111",
            "description": null,
            "description_eng": null,
            "done": false,
            "employees": 100,
            "included": true,
            "name": "Cafe 2",
            "reason": 0,
            "turnover": "0.00",
            "turnover_currency": "EUR",
            "website": "www.website.org",
            "year": 2017
        },
        "model": "asmfa.actor",
        "pk": 31
    },
    {
        "fields": {
            "BvDid": "NL00000777",
            "BvDii": "A",
            "activity": 21,
            "consCode": "111",
            "description": null,
            "description_eng": null,
            "done": false,
            "employees": 100,
            "included": true,
            "name": "Cafe 1",
            "reason": 0,
            "turnover": "0.00",
            "turnover_currency": "EUR",
            "website": "www.website.org",
            "year": 2017
        },
        "model": "asmfa.actor",
        "pk": 30
    },
    {
        "fields": {
            "BvDid": "NL00000776",
            "BvDii": "A",
            "activity": 20,
            "consCode": "111",
            "description": null,
            "description_eng": null,
            "done": false,
            "employees": 100,
            "included": true,
            "name": "Bar 2",
            "reason": 0,
            "turnover": "0.00",
            "turnover_currency": "EUR",
            "website": "www.website.org",
            "year": 2017
        },
        "model": "asmfa.actor",
        "pk": 29
    },
    {
        "fields": {
            "BvDid": "NL00000775",
            "BvDii": "A",
            "activity": 20,
            "consCode": "111",
            "description": null,
            "description_eng": null,
            "done": false,
            "employees": 100,
            "included": true,
            "name": "Bar 1",
            "reason": 0,
            "turnover": "0.00",
            "turnover_currency": "EUR",
            "website": "www.website.org",
            "year": 2017
        },
        "model": "asmfa.actor",
        "pk": 28
    },
    {
        "fields": {
            "BvDid": "NL00000774",
            "BvDii": "A",
            "activity": 22,
            "consCode": "111",
            "description": null,
            "description_eng": null,
            "done": false,
            "employees": 100,
            "included": true,
            "name": "Restaurant 4",
            "reason": 0,
            "turnover": "0.00",
            "turnover_currency": "EUR",
            "website": "www.website.org",
            "year": 2017
        },
        "model": "asmfa.actor",
        "pk": 27
    },
    {
        "fields": {
            "BvDid": "NL00000773",
            "BvDii": "A",
            "activity": 22,
            "consCode": "111",
            "description": null,
            "description_eng": null,
            "done": false,
            "employees": 100,
            "included": true,
            "name": "Restaurant 3",
            "reason": 0,
            "turnover": "0.00",
            "turnover_currency": "EUR",
            "website": "www.website.org",
            "year": 2017
        },
        "model": "asmfa.actor",
        "pk": 26
    },
    {
        "fields": {
            "BvDid": "NL00000772",
            "BvDii": "A",
            "activity": 22,
            "consCode": "111",
            "description": null,
            "description_eng": null,
            "done": false,
            "employees": 100,
            "included": true,
            "name": "Restaurant 2",
            "reason": 0,
            "turnover": "0.00",
            "turnover_currency": "EUR",
            "website": "www.website.org",
            "year": 2017
        },
        "model": "asmfa.actor",
        "pk": 25
    },
    {
        "fields": {
            "BvDid": "NL00000550",
            "BvDii": "A",
            "activity": 17,
            "consCode": "111",
            "description": null,
            "description_eng": null,
            "done": false,
            "employees": 100,
            "included": true,
            "name": "Wholeseller",
            "reason": 0,
            "turnover": "0.00",
            "turnover_currency": "EUR",
            "website": "www.website.org",
            "year": 2017
        },
        "model": "asmfa.actor",
        "pk": 62
    },
    {
        "fields": {
            "BvDid": "NL00000559",
            "BvDii": "A",
            "activity": 15,
            "consCode": "111",
            "description": null,
            "description_eng": null,
            "done": false,
            "employees": 100,
            "included": true,
            "name": "Market 4",
            "reason": 0,
            "turnover": "0.00",
            "turnover_currency": "EUR",
            "website": "www.website.org",
            "year": 2017
        },
        "model": "asmfa.actor",
        "pk": 13
    },
    {
        "fields": {
            "BvDid": "NL00000558",
            "BvDii": "A",
            "activity": 15,
            "consCode": "111",
            "description": null,
            "description_eng": null,
            "done": false,
            "employees": 100,
            "included": true,
            "name": "Market 3",
            "reason": 0,
            "turnover": "0.00",
            "turnover_currency": "EUR",
            "website": "www.website.org",
            "year": 2017
        },
        "model": "asmfa.actor",
        "pk": 12
    },
    {
        "fields": {
            "BvDid": "NL00000557",
            "BvDii": "A",
            "activity": 15,
            "consCode": "111",
            "description": null,
            "description_eng": null,
            "done": false,
            "employees": 100,
            "included": true,
            "name": "Market 2",
            "reason": 0,
            "turnover": "0.00",
            "turnover_currency": "EUR",
            "website": "www.website.org",
            "year": 2017
        },
        "model": "asmfa.actor",
        "pk": 9
    },
    {
        "fields": {
            "BvDid": "NL00000556",
            "BvDii": "A",
            "activity": 15,
            "consCode": "111",
            "description": null,
            "description_eng": null,
            "done": false,
            "employees": 100,
            "included": true,
            "name": "Market 1",
            "reason": 0,
            "turnover": "0.00",
            "turnover_currency": "EUR",
            "website": "www.website.org",
            "year": 2017
        },
        "model": "asmfa.actor",
        "pk": 10
    },
    {
        "fields": {
            "BvDid": "NL00000555",
            "BvDii": "A",
            "activity": 16,
            "consCode": "111",
            "description": null,
            "description_eng": null,
            "done": false,
            "employees": 100,
            "included": true,
            "name": "Spar",
            "reason": 0,
            "turnover": "0.00",
            "turnover_currency": "EUR",
            "website": "www.website.org",
            "year": 2017
        },
        "model": "asmfa.actor",
        "pk": 67
    },
    {
        "fields": {
            "BvDid": "NL00000554",
            "BvDii": "A",
            "activity": 16,
            "consCode": "111",
            "description": null,
            "description_eng": null,
            "done": false,
            "employees": 100,
            "included": true,
            "name": "Deen",
            "reason": 0,
            "turnover": "0.00",
            "turnover_currency": "EUR",
            "website": "www.website.org",
            "year": 2017
        },
        "model": "asmfa.actor",
        "pk": 66
    },
    {
        "fields": {
            "BvDid": "NL00000553",
            "BvDii": "A",
            "activity": 16,
            "consCode": "111",
            "description": null,
            "description_eng": null,
            "done": false,
            "employees": 100,
            "included": true,
            "name": "Lidl",
            "reason": 0,
            "turnover": "0.00",
            "turnover_currency": "EUR",
            "website": "www.website.org",
            "year": 2017
        },
        "model": "asmfa.actor",
        "pk": 65
    },
    {
        "fields": {
            "BvDid": "NL00000552",
            "BvDii": "A",
            "activity": 16,
            "consCode": "111",
            "description": null,
            "description_eng": null,
            "done": false,
            "employees": 100,
            "included": true,
            "name": "Albert Heijn",
            "reason": 0,
            "turnover": "0.00",
            "turnover_currency": "EUR",
            "website": "www.website.org",
            "year": 2017
        },
        "model": "asmfa.actor",
        "pk": 64
    },
    {
        "fields": {
            "BvDid": "ii00000001",
            "BvDii": "",
            "activity": 28,
            "consCode": "",
            "description": null,
            "description_eng": null,
            "done": false,
            "employees": 0,
            "included": true,
            "name": "Import Inside Country",
            "reason": 1,
            "turnover": "0.00",
            "turnover_currency": "EUR",
            "website": "",
            "year": 0
        },
        "model": "asmfa.actor",
        "pk": 76
    },
    {
        "fields": {
            "BvDid": "NL00000551",
            "BvDii": "A",
            "activity": 16,
            "consCode": "111",
            "description": null,
            "description_eng": null,
            "done": false,
            "employees": 100,
            "included": true,
            "name": "Jumbo",
            "reason": 0,
            "turnover": "0.00",
            "turnover_currency": "EUR",
            "website": "www.website.org",
            "year": 2017
        },
        "model": "asmfa.actor",
        "pk": 63
    },
    {
        "fields": {
            "BvDid": "NL00000443",
            "BvDii": "A",
            "activity": 13,
            "consCode": "111",
            "description": null,
            "description_eng": null,
            "done": false,
            "employees": 100,
            "included": true,
            "name": "Milk Distributor",
            "reason": 0,
            "turnover": "0.00",
            "turnover_currency": "EUR",
            "website": "www.website.org",
            "year": 2017
        },
        "model": "asmfa.actor",
        "pk": 61
    },
    {
        "fields": {
            "BvDid": "NL00000442",
            "BvDii": "A",
            "activity": 14,
            "consCode": "111",
            "description": null,
            "description_eng": null,
            "done": false,
            "employees": 100,
            "included": true,
            "name": "Water Distributor",
            "reason": 0,
            "turnover": "0.00",
            "turnover_currency": "EUR",
            "website": "www.website.org",
            "year": 2017
        },
        "model": "asmfa.actor",
        "pk": 8
    },
    {
        "fields": {
            "BvDid": "NL00000441",
            "BvDii": "A",
            "activity": 12,
            "consCode": "111",
            "description": null,
            "description_eng": null,
            "done": false,
            "employees": 100,
            "included": true,
            "name": "Drink Distributor",
            "reason": 0,
            "turnover": "0.00",
            "turnover_currency": "EUR",
            "website": "www.website.org",
            "year": 2017
        },
        "model": "asmfa.actor",
        "pk": 60
    },
    {
        "fields": {
            "BvDid": "NL00000002",
            "BvDii": "A",
            "activity": 2,
            "consCode": "111",
            "description": null,
            "description_eng": null,
            "done": false,
            "employees": 100,
            "included": true,
            "name": "Landfilling bv",
            "reason": 0,
            "turnover": "0.00",
            "turnover_currency": "EUR",
            "website": "www.website.org",
            "year": 2017
        },
        "model": "asmfa.actor",
        "pk": 2
    },
    {
        "fields": {
            "BvDid": "NL00000225",
            "BvDii": "A",
            "activity": 8,
            "consCode": "111",
            "description": null,
            "description_eng": null,
            "done": false,
            "employees": 100,
            "included": true,
            "name": "3D-Box.",
            "reason": 0,
            "turnover": "0.00",
            "turnover_currency": "EUR",
            "website": "www.website.org",
            "year": 2017
        },
        "model": "asmfa.actor",
        "pk": 5
    },
    {
        "fields": {
            "BvDid": "NL00000224",
            "BvDii": "A",
            "activity": 8,
            "consCode": "111",
            "description": null,
            "description_eng": null,
            "done": false,
            "employees": 100,
            "included": true,
            "name": "Pack-a-Box.",
            "reason": 0,
            "turnover": "0.00",
            "turnover_currency": "EUR",
            "website": "www.website.org",
            "year": 2017
        },
        "model": "asmfa.actor",
        "pk": 56
    },
    {
        "fields": {
            "BvDid": "NL00000223",
            "BvDii": "A",
            "activity": 8,
            "consCode": "111",
            "description": null,
            "description_eng": null,
            "done": false,
            "employees": 100,
            "included": true,
            "name": "Boxes Inc.",
            "reason": 0,
            "turnover": "0.00",
            "turnover_currency": "EUR",
            "website": "www.website.org",
            "year": 2017
        },
        "model": "asmfa.actor",
        "pk": 55
    },
    {
        "fields": {
            "BvDid": "NL00000222",
            "BvDii": "A",
            "activity": 7,
            "consCode": "111",
            "description": null,
            "description_eng": null,
            "done": false,
            "employees": 100,
            "included": true,
            "name": "Bottles Inc.",
            "reason": 0,
            "turnover": "0.00",
            "turnover_currency": "EUR",
            "website": "www.website.org",
            "year": 2017
        },
        "model": "asmfa.actor",
        "pk": 54
    },
    {
        "fields": {
            "BvDid": "NL00000221",
            "BvDii": "A",
            "activity": 7,
            "consCode": "111",
            "description": null,
            "description_eng": null,
            "done": false,
            "employees": 100,
            "included": true,
            "name": "Pretty Bottle",
            "reason": 0,
            "turnover": "0.00",
            "turnover_currency": "EUR",
            "website": "www.website.org",
            "year": 2017
        },
        "model": "asmfa.actor",
        "pk": 53
    },
    {
        "fields": {
            "BvDid": "ee00000001",
            "BvDii": "",
            "activity": 29,
            "consCode": "",
            "description": null,
            "description_eng": null,
            "done": false,
            "employees": 0,
            "included": true,
            "name": "Export Inside Country",
            "reason": 0,
            "turnover": "0.00",
            "turnover_currency": "EUR",
            "website": "",
            "year": 0
        },
        "model": "asmfa.actor",
        "pk": 77
    },
    {
        "fields": {
            "BvDid": "NL00000110",
            "BvDii": "A",
            "activity": 4,
            "consCode": "111",
            "description": null,
            "description_eng": null,
            "done": false,
            "employees": 100,
            "included": true,
            "name": "Happy Farm",
            "reason": 0,
            "turnover": "0.00",
            "turnover_currency": "EUR",
            "website": "www.website.org",
            "year": 2017
        },
        "model": "asmfa.actor",
        "pk": 46
    },
    {
        "fields": {
            "BvDid": "NL00000119",
            "BvDii": "A",
            "activity": 6,
            "consCode": "111",
            "description": null,
            "description_eng": null,
            "done": false,
            "employees": 100,
            "included": true,
            "name": "Vytautas Water",
            "reason": 0,
            "turnover": "0.00",
            "turnover_currency": "EUR",
            "website": "www.website.org",
            "year": 2017
        },
        "model": "asmfa.actor",
        "pk": 11
    },
    {
        "fields": {
            "BvDid": "NL00000118",
            "BvDii": "A",
            "activity": 6,
            "consCode": "111",
            "description": null,
            "description_eng": null,
            "done": false,
            "employees": 100,
            "included": true,
            "name": "Mountain Water",
            "reason": 0,
            "turnover": "0.00",
            "turnover_currency": "EUR",
            "website": "www.website.org",
            "year": 2017
        },
        "model": "asmfa.actor",
        "pk": 52
    },
    {
        "fields": {
            "BvDid": "NL00000335",
            "BvDii": "A",
            "activity": 10,
            "consCode": "111",
            "description": null,
            "description_eng": null,
            "done": false,
            "employees": 100,
            "included": true,
            "name": "TetraPak",
            "reason": 0,
            "turnover": "0.00",
            "turnover_currency": "EUR",
            "website": "www.website.org",
            "year": 2017
        },
        "model": "asmfa.actor",
        "pk": 59
    },
    {
        "fields": {
            "BvDid": "NL00000117",
            "BvDii": "A",
            "activity": 3,
            "consCode": "111",
            "description": null,
            "description_eng": null,
            "done": false,
            "employees": 100,
            "included": true,
            "name": "Frozen Juice",
            "reason": 0,
            "turnover": "0.00",
            "turnover_currency": "EUR",
            "website": "www.website.org",
            "year": 2017
        },
        "model": "asmfa.actor",
        "pk": 51
    },
    {
        "fields": {
            "BvDid": "NL00000334",
            "BvDii": "A",
            "activity": 11,
            "consCode": "111",
            "description": null,
            "description_eng": null,
            "done": false,
            "employees": 100,
            "included": true,
            "name": "WaterPack",
            "reason": 0,
            "turnover": "0.00",
            "turnover_currency": "EUR",
            "website": "www.website.org",
            "year": 2017
        },
        "model": "asmfa.actor",
        "pk": 7
    },
    {
        "fields": {
            "BvDid": "NL00000116",
            "BvDii": "A",
            "activity": 3,
            "consCode": "111",
            "description": null,
            "description_eng": null,
            "done": false,
            "employees": 100,
            "included": true,
            "name": "Fresh Juice",
            "reason": 0,
            "turnover": "0.00",
            "turnover_currency": "EUR",
            "website": "www.website.org",
            "year": 2017
        },
        "model": "asmfa.actor",
        "pk": 50
    },
    {
        "fields": {
            "BvDid": "NL00000333",
            "BvDii": "A",
            "activity": 11,
            "consCode": "111",
            "description": null,
            "description_eng": null,
            "done": false,
            "employees": 100,
            "included": true,
            "name": "PETPETPET",
            "reason": 0,
            "turnover": "0.00",
            "turnover_currency": "EUR",
            "website": "www.website.org",
            "year": 2017
        },
        "model": "asmfa.actor",
        "pk": 58
    },
    {
        "fields": {
            "BvDid": "NL00000115",
            "BvDii": "A",
            "activity": 3,
            "consCode": "111",
            "description": null,
            "description_eng": null,
            "done": false,
            "employees": 100,
            "included": true,
            "name": "Orange Juice",
            "reason": 0,
            "turnover": "0.00",
            "turnover_currency": "EUR",
            "website": "www.website.org",
            "year": 2017
        },
        "model": "asmfa.actor",
        "pk": 4
    },
    {
        "fields": {
            "BvDid": "NL00000332",
            "BvDii": "A",
            "activity": 9,
            "consCode": "111",
            "description": null,
            "description_eng": null,
            "done": false,
            "employees": 100,
            "included": true,
            "name": "Appelsientje",
            "reason": 0,
            "turnover": "0.00",
            "turnover_currency": "EUR",
            "website": "www.website.org",
            "year": 2017
        },
        "model": "asmfa.actor",
        "pk": 6
    },
    {
        "fields": {
            "BvDid": "NL00000114",
            "BvDii": "A",
            "activity": 3,
            "consCode": "111",
            "description": null,
            "description_eng": null,
            "done": false,
            "employees": 100,
            "included": true,
            "name": "Apple Juice",
            "reason": 0,
            "turnover": "0.00",
            "turnover_currency": "EUR",
            "website": "www.website.org",
            "year": 2017
        },
        "model": "asmfa.actor",
        "pk": 49
    },
    {
        "fields": {
            "BvDid": "NL00000331",
            "BvDii": "A",
            "activity": 9,
            "consCode": "111",
            "description": null,
            "description_eng": null,
            "done": false,
            "employees": 100,
            "included": true,
            "name": "Cola&Sprite",
            "reason": 0,
            "turnover": "0.00",
            "turnover_currency": "EUR",
            "website": "www.website.org",
            "year": 2017
        },
        "model": "asmfa.actor",
        "pk": 57
    },
    {
        "fields": {
            "BvDid": "NL00000113",
            "BvDii": "A",
            "activity": 5,
            "consCode": "111",
            "description": null,
            "description_eng": null,
            "done": false,
            "employees": 100,
            "included": true,
            "name": "Sprite",
            "reason": 0,
            "turnover": "0.00",
            "turnover_currency": "EUR",
            "website": "www.website.org",
            "year": 2017
        },
        "model": "asmfa.actor",
        "pk": 48
    },
    {
        "fields": {
            "BvDid": "NL00000661",
            "BvDii": "A",
            "activity": 19,
            "consCode": "111",
            "description": null,
            "description_eng": null,
            "done": false,
            "employees": 100,
            "included": true,
            "name": "Household Type 1",
            "reason": 0,
            "turnover": "0.00",
            "turnover_currency": "EUR",
            "website": "www.website.org",
            "year": 2017
        },
        "model": "asmfa.actor",
        "pk": 15
    },
    {
        "fields": {
            "BvDid": "NL00000112",
            "BvDii": "A",
            "activity": 5,
            "consCode": "111",
            "description": null,
            "description_eng": null,
            "done": false,
            "employees": 100,
            "included": true,
            "name": "Pepsi",
            "reason": 0,
            "turnover": "0.00",
            "turnover_currency": "EUR",
            "website": "www.website.org",
            "year": 2017
        },
        "model": "asmfa.actor",
        "pk": 47
    },
    {
        "fields": {
            "BvDid": "NL00000771",
            "BvDii": "A",
            "activity": 22,
            "consCode": "111",
            "description": null,
            "description_eng": null,
            "done": false,
            "employees": 100,
            "included": true,
            "name": "Restaurant 1",
            "reason": 0,
            "turnover": "0.00",
            "turnover_currency": "EUR",
            "website": "www.website.org",
            "year": 2017
        },
        "model": "asmfa.actor",
        "pk": 24
    },
    {
        "fields": {
            "BvDid": "NL00000111",
            "BvDii": "A",
            "activity": 5,
            "consCode": "111",
            "description": null,
            "description_eng": null,
            "done": false,
            "employees": 100,
            "included": true,
            "name": "Cocacola",
            "reason": 0,
            "turnover": "0.00",
            "turnover_currency": "EUR",
            "website": "www.website.org",
            "year": 2017
        },
        "model": "asmfa.actor",
        "pk": 3
    },
    {
        "fields": {
            "BvDid": "NL00000001",
            "BvDii": "A",
            "activity": 1,
            "consCode": "111",
            "description": null,
            "description_eng": null,
            "done": false,
            "employees": 100,
            "included": true,
            "name": "Incinerator",
            "reason": 0,
            "turnover": "0.00",
            "turnover_currency": "EUR",
            "website": "www.website.org",
            "year": 2017
        },
        "model": "asmfa.actor",
        "pk": 1
    },
    {
        "fields": {
            "activitygroup": 12,
            "done": false,
            "nace": "ii.11",
            "name": "Import Inside Country"
        },
        "model": "asmfa.activity",
        "pk": 28
    },
    {
        "fields": {
            "activitygroup": 3,
            "done": false,
            "nace": "44.drinks",
            "name": "Distribution of drinks"
        },
        "model": "asmfa.activity",
        "pk": 12
    },
    {
        "fields": {
            "activitygroup": 4,
            "done": false,
            "nace": "11.soft",
            "name": "Manufacture of soft drinks"
        },
        "model": "asmfa.activity",
        "pk": 5
    },
    {
        "fields": {
            "activitygroup": 8,
            "done": false,
            "nace": "55.sm",
            "name": "Selling in supermarket"
        },
        "model": "asmfa.activity",
        "pk": 16
    },
    {
        "fields": {
            "activitygroup": 10,
            "done": false,
            "nace": "00.land",
            "name": "Landfill"
        },
        "model": "asmfa.activity",
        "pk": 2
    },
    {
        "fields": {
            "activitygroup": 4,
            "done": false,
            "nace": "11.water",
            "name": "Manufacture of mineral water"
        },
        "model": "asmfa.activity",
        "pk": 6
    },
    {
        "fields": {
            "activitygroup": 9,
            "done": false,
            "nace": "77.rest",
            "name": "Restaurant Consuming"
        },
        "model": "asmfa.activity",
        "pk": 22
    },
    {
        "fields": {
            "activitygroup": 4,
            "done": false,
            "nace": "11.juice",
            "name": "Manufacture of juice"
        },
        "model": "asmfa.activity",
        "pk": 3
    },
    {
        "fields": {
            "activitygroup": 7,
            "done": false,
            "nace": "88.depo",
            "name": "Deposit"
        },
        "model": "asmfa.activity",
        "pk": 23
    },
    {
        "fields": {
            "activitygroup": 5,
            "done": false,
            "nace": "22.bottles",
            "name": "Manufacture of bottles"
        },
        "model": "asmfa.activity",
        "pk": 7
    },
    {
        "fields": {
            "activitygroup": 9,
            "done": false,
            "nace": "77.cafe",
            "name": "Cafe Consuming"
        },
        "model": "asmfa.activity",
        "pk": 21
    },
    {
        "fields": {
            "activitygroup": 5,
            "done": false,
            "nace": "22.boxes",
            "name": "Manufacture of boxes"
        },
        "model": "asmfa.activity",
        "pk": 8
    },
    {
        "fields": {
            "activitygroup": 6,
            "done": false,
            "nace": "33.water",
            "name": "Packaging of water"
        },
        "model": "asmfa.activity",
        "pk": 11
    },
    {
        "fields": {
            "activitygroup": 2,
            "done": false,
            "nace": "99.cat",
            "name": "Catering waste"
        },
        "model": "asmfa.activity",
        "pk": 26
    },
    {
        "fields": {
            "activitygroup": 2,
            "done": false,
            "nace": "99.MSW",
            "name": "Household waste"
        },
        "model": "asmfa.activity",
        "pk": 25
    },
    {
        "fields": {
            "activitygroup": 4,
            "done": false,
            "nace": "11.milk",
            "name": "Manufacture of milk"
        },
        "model": "asmfa.activity",
        "pk": 4
    },
    {
        "fields": {
            "activitygroup": 6,
            "done": false,
            "nace": "33.drinks",
            "name": "Packaging of drinks"
        },
        "model": "asmfa.activity",
        "pk": 9
    },
    {
        "fields": {
            "activitygroup": 8,
            "done": false,
            "nace": "55.market",
            "name": "Selling in market"
        },
        "model": "asmfa.activity",
        "pk": 15
    },
    {
        "fields": {
            "activitygroup": 8,
            "done": false,
            "nace": "55.whole",
            "name": "Wholesale"
        },
        "model": "asmfa.activity",
        "pk": 17
    },
    {
        "fields": {
            "activitygroup": 10,
            "done": false,
            "nace": "00.inci",
            "name": "Incineration"
        },
        "model": "asmfa.activity",
        "pk": 1
    },
    {
        "fields": {
            "activitygroup": 6,
            "done": false,
            "nace": "33.milk",
            "name": "Packaging of milk"
        },
        "model": "asmfa.activity",
        "pk": 10
    },
    {
        "fields": {
            "activitygroup": 3,
            "done": false,
            "nace": "44.milk",
            "name": "Distribution of milk"
        },
        "model": "asmfa.activity",
        "pk": 13
    },
    {
        "fields": {
            "activitygroup": 1,
            "done": false,
            "nace": "66.home",
            "name": "Home Consuming"
        },
        "model": "asmfa.activity",
        "pk": 19
    },
    {
        "fields": {
            "activitygroup": 7,
            "done": false,
            "nace": "88.waste",
            "name": "Sorted waste"
        },
        "model": "asmfa.activity",
        "pk": 24
    },
    {
        "fields": {
            "activitygroup": 11,
            "done": false,
            "nace": "ee.11",
            "name": "Export Inside Country"
        },
        "model": "asmfa.activity",
        "pk": 29
    },
    {
        "fields": {
            "activitygroup": 3,
            "done": false,
            "nace": "44.water",
            "name": "Distribution of water"
        },
        "model": "asmfa.activity",
        "pk": 14
    },
    {
        "fields": {
            "activitygroup": 9,
            "done": false,
            "nace": "77.bar",
            "name": "Bar Consuming"
        },
        "model": "asmfa.activity",
        "pk": 20
    },
    {
        "fields": {
            "activitygroup": 1,
            "done": false,
            "nace": "66.farm",
            "name": "Farm Consuming"
        },
        "model": "asmfa.activity",
        "pk": 18
    },
    {
        "fields": {
            "activitygroup": 2,
            "done": false,
            "nace": "99.farm",
            "name": "Farm waste"
        },
        "model": "asmfa.activity",
        "pk": 27
    },
    {
        "fields": {
            "date": "2017-11-15T16:07:43.277Z",
            "raw": true,
            "source": "https://osf.io/xkhrp/",
            "user": "rusne"
        },
        "model": "asmfa.dataentry",
        "pk": 1
    },
    {
        "fields": {
            "amount": 5,
            "description": null,
            "entry": 1,
            "keyflow": 30,
            "origin": 24,
            "product": 1,
            "year": 2016
        },
        "model": "asmfa.actorstock",
        "pk": 8
    },
    {
        "fields": {
            "amount": 10,
            "description": null,
            "entry": 1,
            "keyflow": 30,
            "origin": 60,
            "product": 1,
            "year": 2016
        },
        "model": "asmfa.actorstock",
        "pk": 7
    },
    {
        "fields": {
            "amount": 5,
            "description": null,
            "entry": 1,
            "keyflow": 30,
            "origin": 39,
            "product": 1,
            "year": 2016
        },
        "model": "asmfa.actorstock",
        "pk": 6
    },
    {
        "fields": {
            "amount": 5,
            "description": null,
            "entry": 1,
            "keyflow": 30,
            "origin": 38,
            "product": 1,
            "year": 2016
        },
        "model": "asmfa.actorstock",
        "pk": 5
    },
    {
        "fields": {
            "amount": 5,
            "description": null,
            "entry": 1,
            "keyflow": 30,
            "origin": 63,
            "product": 1,
            "year": 2016
        },
        "model": "asmfa.actorstock",
        "pk": 4
    },
    {
        "fields": {
            "amount": 5,
            "description": null,
            "entry": 1,
            "keyflow": 30,
            "origin": 64,
            "product": 1,
            "year": 2016
        },
        "model": "asmfa.actorstock",
        "pk": 3
    },
    {
        "fields": {
            "amount": 5,
            "description": null,
            "entry": 1,
            "keyflow": 30,
            "origin": 47,
            "product": 1,
            "year": 2016
        },
        "model": "asmfa.actorstock",
        "pk": 2
    },
    {
        "fields": {
            "amount": 5,
            "description": null,
            "entry": 1,
            "keyflow": 30,
            "origin": 3,
            "product": 1,
            "year": 2016
        },
        "model": "asmfa.actorstock",
        "pk": 1
    },
    {
        "fields": {
            "amount": 10,
            "description": null,
            "entry": 1,
            "keyflow": 30,
            "origin": 12,
            "product": 1,
            "year": 2016
        },
        "model": "asmfa.activitystock",
        "pk": 10
    },
    {
        "fields": {
            "amount": 5,
            "description": null,
            "entry": 1,
            "keyflow": 30,
            "origin": 22,
            "product": 1,
            "year": 2016
        },
        "model": "asmfa.activitystock",
        "pk": 9
    },
    {
        "fields": {
            "amount": 10,
            "description": null,
            "entry": 1,
            "keyflow": 30,
            "origin": 5,
            "product": 1,
            "year": 2016
        },
        "model": "asmfa.activitystock",
        "pk": 8
    },
    {
        "fields": {
            "amount": 5,
            "description": null,
            "entry": 1,
            "keyflow": 30,
            "origin": 26,
            "product": 1,
            "year": 2016
        },
        "model": "asmfa.activitystock",
        "pk": 7
    },
    {
        "fields": {
            "amount": 5,
            "description": null,
            "entry": 1,
            "keyflow": 30,
            "origin": 27,
            "product": 1,
            "year": 2016
        },
        "model": "asmfa.activitystock",
        "pk": 6
    },
    {
        "fields": {
            "amount": 10,
            "description": null,
            "entry": 1,
            "keyflow": 30,
            "origin": 16,
            "product": 1,
            "year": 2016
        },
        "model": "asmfa.activitystock",
        "pk": 5
    },
    {
        "fields": {
            "amount": 10,
            "description": null,
            "entry": 1,
            "keyflow": 30,
            "origin": 3,
            "product": 1,
            "year": 2016
        },
        "model": "asmfa.groupstock",
        "pk": 9
    },
    {
        "fields": {
            "amount": 10,
            "description": null,
            "entry": 1,
            "keyflow": 30,
            "origin": 4,
            "product": 1,
            "year": 2016
        },
        "model": "asmfa.groupstock",
        "pk": 8
    },
    {
        "fields": {
            "amount": 10,
            "description": null,
            "entry": 1,
            "keyflow": 30,
            "origin": 2,
            "product": 1,
            "year": 2016
        },
        "model": "asmfa.groupstock",
        "pk": 7
    },
    {
        "fields": {
            "amount": 10,
            "description": null,
            "entry": 1,
            "keyflow": 30,
            "origin": 8,
            "product": 1,
            "year": 2016
        },
        "model": "asmfa.groupstock",
        "pk": 6
    },
    {
        "fields": {
            "amount": 5,
            "description": null,
            "entry": 1,
            "keyflow": 30,
            "origin": 9,
            "product": 1,
            "year": 2016
        },
        "model": "asmfa.groupstock",
        "pk": 5
    },
    {
        "fields": {
            "amount": 15,
            "description": null,
            "destination": 1,
            "entry": 1,
            "keyflow": 30,
            "origin": 37,
            "product": 9,
            "year": 2016
        },
        "model": "asmfa.actor2actor",
        "pk": 100
    },
    {
        "fields": {
            "amount": 35,
            "description": null,
            "destination": 1,
            "entry": 1,
            "keyflow": 30,
            "origin": 36,
            "product": 9,
            "year": 2016
        },
        "model": "asmfa.actor2actor",
        "pk": 99
    },
    {
        "fields": {
            "amount": 5,
            "description": null,
            "destination": 54,
            "entry": 1,
            "keyflow": 30,
            "origin": 35,
            "product": 10,
            "year": 2016
        },
        "model": "asmfa.actor2actor",
        "pk": 98
    },
    {
        "fields": {
            "amount": 5,
            "description": null,
            "destination": 53,
            "entry": 1,
            "keyflow": 30,
            "origin": 34,
            "product": 10,
            "year": 2016
        },
        "model": "asmfa.actor2actor",
        "pk": 97
    },
    {
        "fields": {
            "amount": 20,
            "description": null,
            "destination": 5,
            "entry": 1,
            "keyflow": 30,
            "origin": 33,
            "product": 10,
            "year": 2016
        },
        "model": "asmfa.actor2actor",
        "pk": 96
    },
    {
        "fields": {
            "amount": 5,
            "description": null,
            "destination": 36,
            "entry": 1,
            "keyflow": 30,
            "origin": 32,
            "product": 10,
            "year": 2016
        },
        "model": "asmfa.actor2actor",
        "pk": 95
    },
    {
        "fields": {
            "amount": 5,
            "description": null,
            "destination": 36,
            "entry": 1,
            "keyflow": 30,
            "origin": 31,
            "product": 10,
            "year": 2016
        },
        "model": "asmfa.actor2actor",
        "pk": 94
    },
    {
        "fields": {
            "amount": 5,
            "description": null,
            "destination": 33,
            "entry": 1,
            "keyflow": 30,
            "origin": 30,
            "product": 11,
            "year": 2016
        },
        "model": "asmfa.actor2actor",
        "pk": 93
    },
    {
        "fields": {
            "amount": 5,
            "description": null,
            "destination": 33,
            "entry": 1,
            "keyflow": 30,
            "origin": 29,
            "product": 11,
            "year": 2016
        },
        "model": "asmfa.actor2actor",
        "pk": 92
    },
    {
        "fields": {
            "amount": 5,
            "description": null,
            "destination": 2,
            "entry": 1,
            "keyflow": 30,
            "origin": 28,
            "product": 8,
            "year": 2016
        },
        "model": "asmfa.actor2actor",
        "pk": 91
    },
    {
        "fields": {
            "amount": 5,
            "description": null,
            "destination": 36,
            "entry": 1,
            "keyflow": 30,
            "origin": 27,
            "product": 10,
            "year": 2016
        },
        "model": "asmfa.actor2actor",
        "pk": 90
    },
    {
        "fields": {
            "amount": 5,
            "description": null,
            "destination": 37,
            "entry": 1,
            "keyflow": 30,
            "origin": 26,
            "product": 10,
            "year": 2016
        },
        "model": "asmfa.actor2actor",
        "pk": 89
    },
    {
        "fields": {
            "amount": 5,
            "description": null,
            "destination": 36,
            "entry": 1,
            "keyflow": 30,
            "origin": 25,
            "product": 10,
            "year": 2016
        },
        "model": "asmfa.actor2actor",
        "pk": 88
    },
    {
        "fields": {
            "amount": 5,
            "description": null,
            "destination": 36,
            "entry": 1,
            "keyflow": 30,
            "origin": 24,
            "product": 10,
            "year": 2016
        },
        "model": "asmfa.actor2actor",
        "pk": 87
    },
    {
        "fields": {
            "amount": 5,
            "description": null,
            "destination": 2,
            "entry": 1,
            "keyflow": 30,
            "origin": 24,
            "product": 8,
            "year": 2016
        },
        "model": "asmfa.actor2actor",
        "pk": 86
    },
    {
        "fields": {
            "amount": 5,
            "description": null,
            "destination": 77,
            "entry": 1,
            "keyflow": 30,
            "origin": 23,
            "product": 1,
            "year": 2016
        },
        "model": "asmfa.actor2actor",
        "pk": 85
    },
    {
        "fields": {
            "amount": 5,
            "description": null,
            "destination": 38,
            "entry": 1,
            "keyflow": 30,
            "origin": 22,
            "product": 9,
            "year": 2016
        },
        "model": "asmfa.actor2actor",
        "pk": 84
    },
    {
        "fields": {
            "amount": 5,
            "description": null,
            "destination": 39,
            "entry": 1,
            "keyflow": 30,
            "origin": 21,
            "product": 9,
            "year": 2016
        },
        "model": "asmfa.actor2actor",
        "pk": 83
    },
    {
        "fields": {
            "amount": 5,
            "description": null,
            "destination": 37,
            "entry": 1,
            "keyflow": 30,
            "origin": 20,
            "product": 9,
            "year": 2016
        },
        "model": "asmfa.actor2actor",
        "pk": 82
    },
    {
        "fields": {
            "amount": 5,
            "description": null,
            "destination": 37,
            "entry": 1,
            "keyflow": 30,
            "origin": 19,
            "product": 9,
            "year": 2016
        },
        "model": "asmfa.actor2actor",
        "pk": 81
    },
    {
        "fields": {
            "amount": 5,
            "description": null,
            "destination": 35,
            "entry": 1,
            "keyflow": 30,
            "origin": 18,
            "product": 10,
            "year": 2016
        },
        "model": "asmfa.actor2actor",
        "pk": 80
    },
    {
        "fields": {
            "amount": 5,
            "description": null,
            "destination": 34,
            "entry": 1,
            "keyflow": 30,
            "origin": 17,
            "product": 10,
            "year": 2016
        },
        "model": "asmfa.actor2actor",
        "pk": 79
    },
    {
        "fields": {
            "amount": 5,
            "description": null,
            "destination": 33,
            "entry": 1,
            "keyflow": 30,
            "origin": 16,
            "product": 10,
            "year": 2016
        },
        "model": "asmfa.actor2actor",
        "pk": 78
    },
    {
        "fields": {
            "amount": 5,
            "description": null,
            "destination": 33,
            "entry": 1,
            "keyflow": 30,
            "origin": 15,
            "product": 10,
            "year": 2016
        },
        "model": "asmfa.actor2actor",
        "pk": 77
    },
    {
        "fields": {
            "amount": 5,
            "description": null,
            "destination": 36,
            "entry": 1,
            "keyflow": 30,
            "origin": 15,
            "product": 9,
            "year": 2016
        },
        "model": "asmfa.actor2actor",
        "pk": 76
    },
    {
        "fields": {
            "amount": 5,
            "description": null,
            "destination": 36,
            "entry": 1,
            "keyflow": 30,
            "origin": 14,
            "product": 9,
            "year": 2016
        },
        "model": "asmfa.actor2actor",
        "pk": 75
    },
    {
        "fields": {
            "amount": 5,
            "description": null,
            "destination": 77,
            "entry": 1,
            "keyflow": 30,
            "origin": 13,
            "product": 1,
            "year": 2016
        },
        "model": "asmfa.actor2actor",
        "pk": 63
    },
    {
        "fields": {
            "amount": 5,
            "description": null,
            "destination": 77,
            "entry": 1,
            "keyflow": 30,
            "origin": 12,
            "product": 1,
            "year": 2016
        },
        "model": "asmfa.actor2actor",
        "pk": 62
    },
    {
        "fields": {
            "amount": 5,
            "description": null,
            "destination": 14,
            "entry": 1,
            "keyflow": 30,
            "origin": 9,
            "product": 1,
            "year": 2016
        },
        "model": "asmfa.actor2actor",
        "pk": 61
    },
    {
        "fields": {
            "amount": 5,
            "description": null,
            "destination": 23,
            "entry": 1,
            "keyflow": 30,
            "origin": 10,
            "product": 1,
            "year": 2016
        },
        "model": "asmfa.actor2actor",
        "pk": 60
    },
    {
        "fields": {
            "amount": 5,
            "description": null,
            "destination": 22,
            "entry": 1,
            "keyflow": 30,
            "origin": 67,
            "product": 1,
            "year": 2016
        },
        "model": "asmfa.actor2actor",
        "pk": 59
    },
    {
        "fields": {
            "amount": 5,
            "description": null,
            "destination": 21,
            "entry": 1,
            "keyflow": 30,
            "origin": 67,
            "product": 1,
            "year": 2016
        },
        "model": "asmfa.actor2actor",
        "pk": 58
    },
    {
        "fields": {
            "amount": 5,
            "description": null,
            "destination": 20,
            "entry": 1,
            "keyflow": 30,
            "origin": 66,
            "product": 1,
            "year": 2016
        },
        "model": "asmfa.actor2actor",
        "pk": 57
    },
    {
        "fields": {
            "amount": 5,
            "description": null,
            "destination": 19,
            "entry": 1,
            "keyflow": 30,
            "origin": 66,
            "product": 1,
            "year": 2016
        },
        "model": "asmfa.actor2actor",
        "pk": 56
    },
    {
        "fields": {
            "amount": 5,
            "description": null,
            "destination": 18,
            "entry": 1,
            "keyflow": 30,
            "origin": 66,
            "product": 1,
            "year": 2016
        },
        "model": "asmfa.actor2actor",
        "pk": 55
    },
    {
        "fields": {
            "amount": 5,
            "description": null,
            "destination": 17,
            "entry": 1,
            "keyflow": 30,
            "origin": 64,
            "product": 1,
            "year": 2016
        },
        "model": "asmfa.actor2actor",
        "pk": 54
    },
    {
        "fields": {
            "amount": 5,
            "description": null,
            "destination": 16,
            "entry": 1,
            "keyflow": 30,
            "origin": 65,
            "product": 1,
            "year": 2016
        },
        "model": "asmfa.actor2actor",
        "pk": 53
    },
    {
        "fields": {
            "amount": 5,
            "description": null,
            "destination": 15,
            "entry": 1,
            "keyflow": 30,
            "origin": 65,
            "product": 1,
            "year": 2016
        },
        "model": "asmfa.actor2actor",
        "pk": 52
    },
    {
        "fields": {
            "amount": 5,
            "description": null,
            "destination": 1,
            "entry": 1,
            "keyflow": 30,
            "origin": 63,
            "product": 10,
            "year": 2016
        },
        "model": "asmfa.actor2actor",
        "pk": 51
    },
    {
        "fields": {
            "amount": 5,
            "description": null,
            "destination": 1,
            "entry": 1,
            "keyflow": 30,
            "origin": 62,
            "product": 10,
            "year": 2016
        },
        "model": "asmfa.actor2actor",
        "pk": 50
    },
    {
        "fields": {
            "amount": 5,
            "description": null,
            "destination": 66,
            "entry": 1,
            "keyflow": 30,
            "origin": 61,
            "product": 1,
            "year": 2016
        },
        "model": "asmfa.actor2actor",
        "pk": 49
    },
    {
        "fields": {
            "amount": 10,
            "description": null,
            "destination": 77,
            "entry": 1,
            "keyflow": 30,
            "origin": 61,
            "product": 1,
            "year": 2016
        },
        "model": "asmfa.actor2actor",
        "pk": 48
    },
    {
        "fields": {
            "amount": 10,
            "description": null,
            "destination": 32,
            "entry": 1,
            "keyflow": 30,
            "origin": 61,
            "product": 1,
            "year": 2016
        },
        "model": "asmfa.actor2actor",
        "pk": 47
    },
    {
        "fields": {
            "amount": 5,
            "description": null,
            "destination": 31,
            "entry": 1,
            "keyflow": 30,
            "origin": 61,
            "product": 1,
            "year": 2016
        },
        "model": "asmfa.actor2actor",
        "pk": 46
    },
    {
        "fields": {
            "amount": 5,
            "description": null,
            "destination": 30,
            "entry": 1,
            "keyflow": 30,
            "origin": 61,
            "product": 1,
            "year": 2016
        },
        "model": "asmfa.actor2actor",
        "pk": 45
    },
    {
        "fields": {
            "amount": 5,
            "description": null,
            "destination": 29,
            "entry": 1,
            "keyflow": 30,
            "origin": 61,
            "product": 1,
            "year": 2016
        },
        "model": "asmfa.actor2actor",
        "pk": 44
    },
    {
        "fields": {
            "amount": 5,
            "description": null,
            "destination": 28,
            "entry": 1,
            "keyflow": 30,
            "origin": 8,
            "product": 1,
            "year": 2016
        },
        "model": "asmfa.actor2actor",
        "pk": 43
    },
    {
        "fields": {
            "amount": 5,
            "description": null,
            "destination": 27,
            "entry": 1,
            "keyflow": 30,
            "origin": 8,
            "product": 1,
            "year": 2016
        },
        "model": "asmfa.actor2actor",
        "pk": 42
    },
    {
        "fields": {
            "amount": 5,
            "description": null,
            "destination": 26,
            "entry": 1,
            "keyflow": 30,
            "origin": 8,
            "product": 1,
            "year": 2016
        },
        "model": "asmfa.actor2actor",
        "pk": 41
    },
    {
        "fields": {
            "amount": 5,
            "description": null,
            "destination": 25,
            "entry": 1,
            "keyflow": 30,
            "origin": 8,
            "product": 1,
            "year": 2016
        },
        "model": "asmfa.actor2actor",
        "pk": 40
    },
    {
        "fields": {
            "amount": 5,
            "description": null,
            "destination": 24,
            "entry": 1,
            "keyflow": 30,
            "origin": 8,
            "product": 1,
            "year": 2016
        },
        "model": "asmfa.actor2actor",
        "pk": 39
    },
    {
        "fields": {
            "amount": 5,
            "description": null,
            "destination": 62,
            "entry": 1,
            "keyflow": 30,
            "origin": 8,
            "product": 1,
            "year": 2016
        },
        "model": "asmfa.actor2actor",
        "pk": 38
    },
    {
        "fields": {
            "amount": 5,
            "description": null,
            "destination": 13,
            "entry": 1,
            "keyflow": 30,
            "origin": 8,
            "product": 1,
            "year": 2016
        },
        "model": "asmfa.actor2actor",
        "pk": 37
    },
    {
        "fields": {
            "amount": 5,
            "description": null,
            "destination": 12,
            "entry": 1,
            "keyflow": 30,
            "origin": 8,
            "product": 1,
            "year": 2016
        },
        "model": "asmfa.actor2actor",
        "pk": 36
    },
    {
        "fields": {
            "amount": 5,
            "description": null,
            "destination": 9,
            "entry": 1,
            "keyflow": 30,
            "origin": 60,
            "product": 1,
            "year": 2016
        },
        "model": "asmfa.actor2actor",
        "pk": 35
    },
    {
        "fields": {
            "amount": 5,
            "description": null,
            "destination": 10,
            "entry": 1,
            "keyflow": 30,
            "origin": 60,
            "product": 1,
            "year": 2016
        },
        "model": "asmfa.actor2actor",
        "pk": 34
    },
    {
        "fields": {
            "amount": 10,
            "description": null,
            "destination": 67,
            "entry": 1,
            "keyflow": 30,
            "origin": 76,
            "product": 1,
            "year": 2016
        },
        "model": "asmfa.actor2actor",
        "pk": 33
    },
    {
        "fields": {
            "amount": 10,
            "description": null,
            "destination": 66,
            "entry": 1,
            "keyflow": 30,
            "origin": 76,
            "product": 1,
            "year": 2016
        },
        "model": "asmfa.actor2actor",
        "pk": 32
    },
    {
        "fields": {
            "amount": 10,
            "description": null,
            "destination": 65,
            "entry": 1,
            "keyflow": 30,
            "origin": 76,
            "product": 1,
            "year": 2016
        },
        "model": "asmfa.actor2actor",
        "pk": 31
    },
    {
        "fields": {
            "amount": 10,
            "description": null,
            "destination": 64,
            "entry": 1,
            "keyflow": 30,
            "origin": 76,
            "product": 1,
            "year": 2016
        },
        "model": "asmfa.actor2actor",
        "pk": 30
    },
    {
        "fields": {
            "amount": 10,
            "description": null,
            "destination": 63,
            "entry": 1,
            "keyflow": 30,
            "origin": 76,
            "product": 1,
            "year": 2016
        },
        "model": "asmfa.actor2actor",
        "pk": 29
    },
    {
        "fields": {
            "amount": 10,
            "description": null,
            "destination": 61,
            "entry": 1,
            "keyflow": 30,
            "origin": 59,
            "product": 1,
            "year": 2016
        },
        "model": "asmfa.actor2actor",
        "pk": 28
    },
    {
        "fields": {
            "amount": 20,
            "description": null,
            "destination": 61,
            "entry": 1,
            "keyflow": 30,
            "origin": 7,
            "product": 1,
            "year": 2016
        },
        "model": "asmfa.actor2actor",
        "pk": 27
    },
    {
        "fields": {
            "amount": 20,
            "description": null,
            "destination": 61,
            "entry": 1,
            "keyflow": 30,
            "origin": 58,
            "product": 1,
            "year": 2016
        },
        "model": "asmfa.actor2actor",
        "pk": 26
    },
    {
        "fields": {
            "amount": 15,
            "description": null,
            "destination": 8,
            "entry": 1,
            "keyflow": 30,
            "origin": 6,
            "product": 1,
            "year": 2016
        },
        "model": "asmfa.actor2actor",
        "pk": 25
    },
    {
        "fields": {
            "amount": 5,
            "description": null,
            "destination": 60,
            "entry": 1,
            "keyflow": 30,
            "origin": 6,
            "product": 1,
            "year": 2016
        },
        "model": "asmfa.actor2actor",
        "pk": 24
    },
    {
        "fields": {
            "amount": 25,
            "description": null,
            "destination": 8,
            "entry": 1,
            "keyflow": 30,
            "origin": 57,
            "product": 1,
            "year": 2016
        },
        "model": "asmfa.actor2actor",
        "pk": 23
    },
    {
        "fields": {
            "amount": 5,
            "description": null,
            "destination": 60,
            "entry": 1,
            "keyflow": 30,
            "origin": 57,
            "product": 1,
            "year": 2016
        },
        "model": "asmfa.actor2actor",
        "pk": 22
    },
    {
        "fields": {
            "amount": 5,
            "description": null,
            "destination": 2,
            "entry": 1,
            "keyflow": 30,
            "origin": 5,
            "product": 1,
            "year": 2016
        },
        "model": "asmfa.actor2actor",
        "pk": 21
    },
    {
        "fields": {
            "amount": 5,
            "description": null,
            "destination": 59,
            "entry": 1,
            "keyflow": 30,
            "origin": 5,
            "product": 1,
            "year": 2016
        },
        "model": "asmfa.actor2actor",
        "pk": 20
    },
    {
        "fields": {
            "amount": 10,
            "description": null,
            "destination": 7,
            "entry": 1,
            "keyflow": 30,
            "origin": 5,
            "product": 1,
            "year": 2016
        },
        "model": "asmfa.actor2actor",
        "pk": 19
    },
    {
        "fields": {
            "amount": 5,
            "description": null,
            "destination": 7,
            "entry": 1,
            "keyflow": 30,
            "origin": 56,
            "product": 1,
            "year": 2016
        },
        "model": "asmfa.actor2actor",
        "pk": 18
    },
    {
        "fields": {
            "amount": 10,
            "description": null,
            "destination": 58,
            "entry": 1,
            "keyflow": 30,
            "origin": 55,
            "product": 1,
            "year": 2016
        },
        "model": "asmfa.actor2actor",
        "pk": 17
    },
    {
        "fields": {
            "amount": 10,
            "description": null,
            "destination": 6,
            "entry": 1,
            "keyflow": 30,
            "origin": 54,
            "product": 1,
            "year": 2016
        },
        "model": "asmfa.actor2actor",
        "pk": 16
    },
    {
        "fields": {
            "amount": 5,
            "description": null,
            "destination": 57,
            "entry": 1,
            "keyflow": 30,
            "origin": 54,
            "product": 1,
            "year": 2016
        },
        "model": "asmfa.actor2actor",
        "pk": 15
    },
    {
        "fields": {
            "amount": 5,
            "description": null,
            "destination": 57,
            "entry": 1,
            "keyflow": 30,
            "origin": 53,
            "product": 1,
            "year": 2016
        },
        "model": "asmfa.actor2actor",
        "pk": 14
    },
    {
        "fields": {
            "amount": 10,
            "description": null,
            "destination": 77,
            "entry": 1,
            "keyflow": 30,
            "origin": 46,
            "product": 1,
            "year": 2016
        },
        "model": "asmfa.actor2actor",
        "pk": 13
    },
    {
        "fields": {
            "amount": 10,
            "description": null,
            "destination": 57,
            "entry": 1,
            "keyflow": 30,
            "origin": 46,
            "product": 1,
            "year": 2016
        },
        "model": "asmfa.actor2actor",
        "pk": 12
    },
    {
        "fields": {
            "amount": 5,
            "description": null,
            "destination": 58,
            "entry": 1,
            "keyflow": 30,
            "origin": 46,
            "product": 1,
            "year": 2016
        },
        "model": "asmfa.actor2actor",
        "pk": 11
    },
    {
        "fields": {
            "amount": 5,
            "description": null,
            "destination": 6,
            "entry": 1,
            "keyflow": 30,
            "origin": 46,
            "product": 1,
            "year": 2016
        },
        "model": "asmfa.actor2actor",
        "pk": 10
    },
    {
        "fields": {
            "amount": 5,
            "description": null,
            "destination": 57,
            "entry": 1,
            "keyflow": 30,
            "origin": 11,
            "product": 1,
            "year": 2016
        },
        "model": "asmfa.actor2actor",
        "pk": 9
    },
    {
        "fields": {
            "amount": 5,
            "description": null,
            "destination": 59,
            "entry": 1,
            "keyflow": 30,
            "origin": 52,
            "product": 1,
            "year": 2016
        },
        "model": "asmfa.actor2actor",
        "pk": 8
    },
    {
        "fields": {
            "amount": 5,
            "description": null,
            "destination": 7,
            "entry": 1,
            "keyflow": 30,
            "origin": 51,
            "product": 1,
            "year": 2016
        },
        "model": "asmfa.actor2actor",
        "pk": 7
    },
    {
        "fields": {
            "amount": 5,
            "description": null,
            "destination": 58,
            "entry": 1,
            "keyflow": 30,
            "origin": 50,
            "product": 1,
            "year": 2016
        },
        "model": "asmfa.actor2actor",
        "pk": 6
    },
    {
        "fields": {
            "amount": 5,
            "description": null,
            "destination": 6,
            "entry": 1,
            "keyflow": 30,
            "origin": 4,
            "product": 1,
            "year": 2016
        },
        "model": "asmfa.actor2actor",
        "pk": 5
    },
    {
        "fields": {
            "amount": 5,
            "description": null,
            "destination": 57,
            "entry": 1,
            "keyflow": 30,
            "origin": 49,
            "product": 1,
            "year": 2016
        },
        "model": "asmfa.actor2actor",
        "pk": 4
    },
    {
        "fields": {
            "amount": 5,
            "description": null,
            "destination": 15,
            "entry": 1,
            "keyflow": 30,
            "origin": 48,
            "product": 1,
            "year": 2016
        },
        "model": "asmfa.actor2actor",
        "pk": 3
    },
    {
        "fields": {
            "amount": 5,
            "description": null,
            "destination": 24,
            "entry": 1,
            "keyflow": 30,
            "origin": 47,
            "product": 1,
            "year": 2016
        },
        "model": "asmfa.actor2actor",
        "pk": 2
    },
    {
        "fields": {
            "amount": 5,
            "description": null,
            "destination": 1,
            "entry": 1,
            "keyflow": 30,
            "origin": 3,
            "product": 1,
            "year": 2016
        },
        "model": "asmfa.actor2actor",
        "pk": 1
    },
    {
        "fields": {
            "amount": 45,
            "description": null,
            "destination": 19,
            "entry": 1,
            "keyflow": 30,
            "origin": 16,
            "product": 1,
            "year": 2016
        },
        "model": "asmfa.activity2activity",
        "pk": 84
    },
    {
        "fields": {
            "amount": 5,
            "description": null,
            "destination": 24,
            "entry": 1,
            "keyflow": 30,
            "origin": 21,
            "product": 11,
            "year": 2016
        },
        "model": "asmfa.activity2activity",
        "pk": 108
    },
    {
        "fields": {
            "amount": 5,
            "description": null,
            "destination": 26,
            "entry": 1,
            "keyflow": 30,
            "origin": 22,
            "product": 10,
            "year": 2016
        },
        "model": "asmfa.activity2activity",
        "pk": 107
    },
    {
        "fields": {
            "amount": 5,
            "description": null,
            "destination": 19,
            "entry": 1,
            "keyflow": 30,
            "origin": 5,
            "product": 1,
            "year": 2016
        },
        "model": "asmfa.activity2activity",
        "pk": 106
    },
    {
        "fields": {
            "amount": 20,
            "description": null,
            "destination": 21,
            "entry": 1,
            "keyflow": 30,
            "origin": 13,
            "product": 1,
            "year": 2016
        },
        "model": "asmfa.activity2activity",
        "pk": 105
    },
    {
        "fields": {
            "amount": 50,
            "description": null,
            "destination": 16,
            "entry": 1,
            "keyflow": 30,
            "origin": 28,
            "product": 1,
            "year": 2016
        },
        "model": "asmfa.activity2activity",
        "pk": 104
    },
    {
        "fields": {
            "amount": 5,
            "description": null,
            "destination": 2,
            "entry": 1,
            "keyflow": 30,
            "origin": 20,
            "product": 8,
            "year": 2016
        },
        "model": "asmfa.activity2activity",
        "pk": 103
    },
    {
        "fields": {
            "amount": 5,
            "description": null,
            "destination": 25,
            "entry": 1,
            "keyflow": 30,
            "origin": 19,
            "product": 9,
            "year": 2016
        },
        "model": "asmfa.activity2activity",
        "pk": 102
    },
    {
        "fields": {
            "amount": 5,
            "description": null,
            "destination": 10,
            "entry": 1,
            "keyflow": 30,
            "origin": 6,
            "product": 1,
            "year": 2016
        },
        "model": "asmfa.activity2activity",
        "pk": 101
    },
    {
        "fields": {
            "amount": 5,
            "description": null,
            "destination": 23,
            "entry": 1,
            "keyflow": 30,
            "origin": 19,
            "product": 10,
            "year": 2016
        },
        "model": "asmfa.activity2activity",
        "pk": 100
    },
    {
        "fields": {
            "amount": 20,
            "description": null,
            "destination": 22,
            "entry": 1,
            "keyflow": 30,
            "origin": 14,
            "product": 1,
            "year": 2016
        },
        "model": "asmfa.activity2activity",
        "pk": 99
    },
    {
        "fields": {
            "amount": 15,
            "description": null,
            "destination": 9,
            "entry": 1,
            "keyflow": 30,
            "origin": 4,
            "product": 1,
            "year": 2016
        },
        "model": "asmfa.activity2activity",
        "pk": 98
    },
    {
        "fields": {
            "amount": 10,
            "description": null,
            "destination": 15,
            "entry": 1,
            "keyflow": 30,
            "origin": 12,
            "product": 1,
            "year": 2016
        },
        "model": "asmfa.activity2activity",
        "pk": 97
    },
    {
        "fields": {
            "amount": 10,
            "description": null,
            "destination": 12,
            "entry": 1,
            "keyflow": 30,
            "origin": 9,
            "product": 1,
            "year": 2016
        },
        "model": "asmfa.activity2activity",
        "pk": 96
    },
    {
        "fields": {
            "amount": 20,
            "description": null,
            "destination": 8,
            "entry": 1,
            "keyflow": 30,
            "origin": 24,
            "product": 10,
            "year": 2016
        },
        "model": "asmfa.activity2activity",
        "pk": 95
    },
    {
        "fields": {
            "amount": 5,
            "description": null,
            "destination": 24,
            "entry": 1,
            "keyflow": 30,
            "origin": 22,
            "product": 11,
            "year": 2016
        },
        "model": "asmfa.activity2activity",
        "pk": 94
    },
    {
        "fields": {
            "amount": 5,
            "description": null,
            "destination": 1,
            "entry": 1,
            "keyflow": 30,
            "origin": 5,
            "product": 1,
            "year": 2016
        },
        "model": "asmfa.activity2activity",
        "pk": 93
    },
    {
        "fields": {
            "amount": 5,
            "description": null,
            "destination": 16,
            "entry": 1,
            "keyflow": 30,
            "origin": 13,
            "product": 1,
            "year": 2016
        },
        "model": "asmfa.activity2activity",
        "pk": 92
    },
    {
        "fields": {
            "amount": 5,
            "description": null,
            "destination": 22,
            "entry": 1,
            "keyflow": 30,
            "origin": 5,
            "product": 1,
            "year": 2016
        },
        "model": "asmfa.activity2activity",
        "pk": 91
    },
    {
        "fields": {
            "amount": 5,
            "description": null,
            "destination": 7,
            "entry": 1,
            "keyflow": 30,
            "origin": 24,
            "product": 10,
            "year": 2016
        },
        "model": "asmfa.activity2activity",
        "pk": 90
    },
    {
        "fields": {
            "amount": 5,
            "description": null,
            "destination": 2,
            "entry": 1,
            "keyflow": 30,
            "origin": 22,
            "product": 8,
            "year": 2016
        },
        "model": "asmfa.activity2activity",
        "pk": 89
    },
    {
        "fields": {
            "amount": 5,
            "description": null,
            "destination": 17,
            "entry": 1,
            "keyflow": 30,
            "origin": 14,
            "product": 1,
            "year": 2016
        },
        "model": "asmfa.activity2activity",
        "pk": 88
    },
    {
        "fields": {
            "amount": 10,
            "description": null,
            "destination": 29,
            "entry": 1,
            "keyflow": 30,
            "origin": 15,
            "product": 1,
            "year": 2016
        },
        "model": "asmfa.activity2activity",
        "pk": 87
    },
    {
        "fields": {
            "amount": 10,
            "description": null,
            "destination": 18,
            "entry": 1,
            "keyflow": 30,
            "origin": 16,
            "product": 1,
            "year": 2016
        },
        "model": "asmfa.activity2activity",
        "pk": 86
    },
    {
        "fields": {
            "amount": 10,
            "description": null,
            "destination": 26,
            "entry": 1,
            "keyflow": 30,
            "origin": 19,
            "product": 9,
            "year": 2016
        },
        "model": "asmfa.activity2activity",
        "pk": 85
    },
    {
        "fields": {
            "amount": 5,
            "description": null,
            "destination": 1,
            "entry": 1,
            "keyflow": 30,
            "origin": 16,
            "product": 10,
            "year": 2016
        },
        "model": "asmfa.activity2activity",
        "pk": 83
    },
    {
        "fields": {
            "amount": 5,
            "description": null,
            "destination": 2,
            "entry": 1,
            "keyflow": 30,
            "origin": 8,
            "product": 1,
            "year": 2016
        },
        "model": "asmfa.activity2activity",
        "pk": 82
    },
    {
        "fields": {
            "amount": 5,
            "description": null,
            "destination": 22,
            "entry": 1,
            "keyflow": 30,
            "origin": 13,
            "product": 1,
            "year": 2016
        },
        "model": "asmfa.activity2activity",
        "pk": 81
    },
    {
        "fields": {
            "amount": 10,
            "description": null,
            "destination": 9,
            "entry": 1,
            "keyflow": 30,
            "origin": 3,
            "product": 1,
            "year": 2016
        },
        "model": "asmfa.activity2activity",
        "pk": 80
    },
    {
        "fields": {
            "amount": 5,
            "description": null,
            "destination": 10,
            "entry": 1,
            "keyflow": 30,
            "origin": 8,
            "product": 1,
            "year": 2016
        },
        "model": "asmfa.activity2activity",
        "pk": 79
    },
    {
        "fields": {
            "amount": 15,
            "description": null,
            "destination": 1,
            "entry": 1,
            "keyflow": 30,
            "origin": 26,
            "product": 9,
            "year": 2016
        },
        "model": "asmfa.activity2activity",
        "pk": 78
    },
    {
        "fields": {
            "amount": 5,
            "description": null,
            "destination": 9,
            "entry": 1,
            "keyflow": 30,
            "origin": 6,
            "product": 1,
            "year": 2016
        },
        "model": "asmfa.activity2activity",
        "pk": 77
    },
    {
        "fields": {
            "amount": 15,
            "description": null,
            "destination": 25,
            "entry": 1,
            "keyflow": 30,
            "origin": 22,
            "product": 10,
            "year": 2016
        },
        "model": "asmfa.activity2activity",
        "pk": 76
    },
    {
        "fields": {
            "amount": 10,
            "description": null,
            "destination": 11,
            "entry": 1,
            "keyflow": 30,
            "origin": 3,
            "product": 1,
            "year": 2016
        },
        "model": "asmfa.activity2activity",
        "pk": 75
    },
    {
        "fields": {
            "amount": 5,
            "description": null,
            "destination": 11,
            "entry": 1,
            "keyflow": 30,
            "origin": 4,
            "product": 1,
            "year": 2016
        },
        "model": "asmfa.activity2activity",
        "pk": 74
    },
    {
        "fields": {
            "amount": 20,
            "description": null,
            "destination": 9,
            "entry": 1,
            "keyflow": 30,
            "origin": 7,
            "product": 1,
            "year": 2016
        },
        "model": "asmfa.activity2activity",
        "pk": 73
    },
    {
        "fields": {
            "amount": 5,
            "description": null,
            "destination": 7,
            "entry": 1,
            "keyflow": 30,
            "origin": 23,
            "product": 10,
            "year": 2016
        },
        "model": "asmfa.activity2activity",
        "pk": 72
    },
    {
        "fields": {
            "amount": 5,
            "description": null,
            "destination": 25,
            "entry": 1,
            "keyflow": 30,
            "origin": 18,
            "product": 9,
            "year": 2016
        },
        "model": "asmfa.activity2activity",
        "pk": 71
    },
    {
        "fields": {
            "amount": 40,
            "description": null,
            "destination": 13,
            "entry": 1,
            "keyflow": 30,
            "origin": 11,
            "product": 1,
            "year": 2016
        },
        "model": "asmfa.activity2activity",
        "pk": 70
    },
    {
        "fields": {
            "amount": 10,
            "description": null,
            "destination": 25,
            "entry": 1,
            "keyflow": 30,
            "origin": 21,
            "product": 10,
            "year": 2016
        },
        "model": "asmfa.activity2activity",
        "pk": 69
    },
    {
        "fields": {
            "amount": 25,
            "description": null,
            "destination": 11,
            "entry": 1,
            "keyflow": 30,
            "origin": 8,
            "product": 1,
            "year": 2016
        },
        "model": "asmfa.activity2activity",
        "pk": 68
    },
    {
        "fields": {
            "amount": 10,
            "description": null,
            "destination": 15,
            "entry": 1,
            "keyflow": 30,
            "origin": 14,
            "product": 1,
            "year": 2016
        },
        "model": "asmfa.activity2activity",
        "pk": 67
    },
    {
        "fields": {
            "amount": 5,
            "description": null,
            "destination": 26,
            "entry": 1,
            "keyflow": 30,
            "origin": 18,
            "product": 9,
            "year": 2016
        },
        "model": "asmfa.activity2activity",
        "pk": 66
    },
    {
        "fields": {
            "amount": 35,
            "description": null,
            "destination": 1,
            "entry": 1,
            "keyflow": 30,
            "origin": 25,
            "product": 9,
            "year": 2016
        },
        "model": "asmfa.activity2activity",
        "pk": 65
    },
    {
        "fields": {
            "amount": 10,
            "description": null,
            "destination": 29,
            "entry": 1,
            "keyflow": 30,
            "origin": 4,
            "product": 1,
            "year": 2016
        },
        "model": "asmfa.activity2activity",
        "pk": 64
    },
    {
        "fields": {
            "amount": 40,
            "description": null,
            "destination": 14,
            "entry": 1,
            "keyflow": 30,
            "origin": 9,
            "product": 1,
            "year": 2016
        },
        "model": "asmfa.activity2activity",
        "pk": 63
    },
    {
        "fields": {
            "amount": 10,
            "description": null,
            "destination": 18,
            "entry": 1,
            "keyflow": 30,
            "origin": 15,
            "product": 1,
            "year": 2016
        },
        "model": "asmfa.activity2activity",
        "pk": 62
    },
    {
        "fields": {
            "amount": 5,
            "description": null,
            "destination": 1,
            "entry": 1,
            "keyflow": 30,
            "origin": 17,
            "product": 10,
            "year": 2016
        },
        "model": "asmfa.activity2activity",
        "pk": 61
    },
    {
        "fields": {
            "amount": 10,
            "description": null,
            "destination": 29,
            "entry": 1,
            "keyflow": 30,
            "origin": 13,
            "product": 1,
            "year": 2016
        },
        "model": "asmfa.activity2activity",
        "pk": 60
    },
    {
        "fields": {
            "amount": 10,
            "description": null,
            "destination": 13,
            "entry": 1,
            "keyflow": 30,
            "origin": 10,
            "product": 1,
            "year": 2016
        },
        "model": "asmfa.activity2activity",
        "pk": 59
    },
    {
        "fields": {
            "amount": 15,
            "description": null,
            "destination": 24,
            "entry": 1,
            "keyflow": 30,
            "origin": 19,
            "product": 10,
            "year": 2016
        },
        "model": "asmfa.activity2activity",
        "pk": 58
    },
    {
        "fields": {
            "amount": 5,
            "description": null,
            "destination": 29,
            "entry": 1,
            "keyflow": 30,
            "origin": 18,
            "product": 1,
            "year": 2016
        },
        "model": "asmfa.activity2activity",
        "pk": 57
    },
    {
        "fields": {
            "amount": 5,
            "description": null,
            "destination": 20,
            "entry": 1,
            "keyflow": 30,
            "origin": 14,
            "product": 1,
            "year": 2016
        },
        "model": "asmfa.activity2activity",
        "pk": 56
    },
    {
        "fields": {
            "amount": 5,
            "description": null,
            "destination": 27,
            "entry": 1,
            "keyflow": 30,
            "origin": 18,
            "product": 9,
            "year": 2016
        },
        "model": "asmfa.activity2activity",
        "pk": 55
    },
    {
        "fields": {
            "amount": 50,
            "description": "This is a test text",
            "destination": 1,
            "entry": 1,
            "keyflow": 30,
            "origin": 8,
            "product": 1,
            "year": 2016
        },
        "model": "asmfa.group2group",
        "pk": 31
    },
    {
        "fields": {
            "amount": 5,
            "description": null,
            "destination": 1,
            "entry": 1,
            "keyflow": 30,
            "origin": 4,
            "product": 1,
            "year": 2016
        },
        "model": "asmfa.group2group",
        "pk": 46
    },
    {
        "fields": {
            "amount": 10,
            "description": null,
            "destination": 11,
            "entry": 1,
            "keyflow": 30,
            "origin": 4,
            "product": 1,
            "year": 2016
        },
        "model": "asmfa.group2group",
        "pk": 45
    },
    {
        "fields": {
            "amount": 50,
            "description": null,
            "destination": 10,
            "entry": 1,
            "keyflow": 30,
            "origin": 2,
            "product": 9,
            "year": 2016
        },
        "model": "asmfa.group2group",
        "pk": 44
    },
    {
        "fields": {
            "amount": 10,
            "description": null,
            "destination": 10,
            "entry": 1,
            "keyflow": 30,
            "origin": 8,
            "product": 10,
            "year": 2016
        },
        "model": "asmfa.group2group",
        "pk": 43
    },
    {
        "fields": {
            "amount": 5,
            "description": null,
            "destination": 10,
            "entry": 1,
            "keyflow": 30,
            "origin": 5,
            "product": 1,
            "year": 2016
        },
        "model": "asmfa.group2group",
        "pk": 42
    },
    {
        "fields": {
            "amount": 10,
            "description": null,
            "destination": 11,
            "entry": 1,
            "keyflow": 30,
            "origin": 8,
            "product": 1,
            "year": 2016
        },
        "model": "asmfa.group2group",
        "pk": 41
    },
    {
        "fields": {
            "amount": 20,
            "description": null,
            "destination": 7,
            "entry": 1,
            "keyflow": 30,
            "origin": 1,
            "product": 10,
            "year": 2016
        },
        "model": "asmfa.group2group",
        "pk": 40
    },
    {
        "fields": {
            "amount": 30,
            "description": null,
            "destination": 8,
            "entry": 1,
            "keyflow": 30,
            "origin": 3,
            "product": 1,
            "year": 2016
        },
        "model": "asmfa.group2group",
        "pk": 39
    },
    {
        "fields": {
            "amount": 10,
            "description": null,
            "destination": 7,
            "entry": 1,
            "keyflow": 30,
            "origin": 9,
            "product": 11,
            "year": 2016
        },
        "model": "asmfa.group2group",
        "pk": 38
    },
    {
        "fields": {
            "amount": 100,
            "description": null,
            "destination": 3,
            "entry": 1,
            "keyflow": 30,
            "origin": 6,
            "product": 1,
            "year": 2016
        },
        "model": "asmfa.group2group",
        "pk": 37
    },
    {
        "fields": {
            "amount": 5,
            "description": null,
            "destination": 11,
            "entry": 1,
            "keyflow": 30,
            "origin": 1,
            "product": 1,
            "year": 2016
        },
        "model": "asmfa.group2group",
        "pk": 36
    },
    {
        "fields": {
            "amount": 5,
            "description": null,
            "destination": 10,
            "entry": 1,
            "keyflow": 30,
            "origin": 4,
            "product": 1,
            "year": 2016
        },
        "model": "asmfa.group2group",
        "pk": 35
    },
    {
        "fields": {
            "amount": 30,
            "description": null,
            "destination": 2,
            "entry": 1,
            "keyflow": 30,
            "origin": 9,
            "product": 10,
            "year": 2016
        },
        "model": "asmfa.group2group",
        "pk": 34
    },
    {
        "fields": {
            "amount": 50,
            "description": null,
            "destination": 9,
            "entry": 1,
            "keyflow": 30,
            "origin": 3,
            "product": 1,
            "year": 2016
        },
        "model": "asmfa.group2group",
        "pk": 33
    },
    {
        "fields": {
            "amount": 30,
            "description": null,
            "destination": 5,
            "entry": 1,
            "keyflow": 30,
            "origin": 7,
            "product": 10,
            "year": 2016
        },
        "model": "asmfa.group2group",
        "pk": 32
    },
    {
        "fields": {
            "amount": 50,
            "description": null,
            "destination": 6,
            "entry": 1,
            "keyflow": 30,
            "origin": 5,
            "product": 1,
            "year": 2016
        },
        "model": "asmfa.group2group",
        "pk": 30
    },
    {
        "fields": {
            "amount": 30,
            "description": null,
            "destination": 2,
            "entry": 1,
            "keyflow": 30,
            "origin": 1,
            "product": 9,
            "year": 2016
        },
        "model": "asmfa.group2group",
        "pk": 29
    },
    {
        "fields": {
            "amount": 50,
            "description": null,
            "destination": 8,
            "entry": 1,
            "keyflow": 30,
            "origin": 12,
            "product": 1,
            "year": 2016
        },
        "model": "asmfa.group2group",
        "pk": 28
    },
    {
        "fields": {
            "amount": 10,
            "description": null,
            "destination": 11,
            "entry": 1,
            "keyflow": 30,
            "origin": 3,
            "product": 1,
            "year": 2016
        },
        "model": "asmfa.group2group",
        "pk": 27
    },
    {
        "fields": {
            "amount": 5,
            "description": null,
            "destination": 9,
            "entry": 1,
            "keyflow": 30,
            "origin": 4,
            "product": 1,
            "year": 2016
        },
        "model": "asmfa.group2group",
        "pk": 26
    },
    {
        "fields": {
            "amount": 50,
            "description": null,
            "destination": 6,
            "entry": 1,
            "keyflow": 30,
            "origin": 4,
            "product": 1,
            "year": 2016
        },
        "model": "asmfa.group2group",
        "pk": 25
    },
    {
        "fields": {
            "amount": 10,
            "description": null,
            "destination": 10,
            "entry": 1,
            "keyflow": 30,
            "origin": 9,
            "product": 8,
            "year": 2016
        },
        "model": "asmfa.group2group",
        "pk": 24
    },
    {
        "fields": {
            "code": "C",
            "done": false,
            "keyflow": 30,
            "name": "Consuming"
        },
        "model": "asmfa.activitygroup",
        "pk": 1
    },
    {
        "fields": {
            "code": "COL",
            "done": false,
            "keyflow": 30,
            "name": "Collection"
        },
        "model": "asmfa.activitygroup",
        "pk": 2
    },
    {
        "fields": {
            "code": "D",
            "done": false,
            "keyflow": 30,
            "name": "Distribution"
        },
        "model": "asmfa.activitygroup",
        "pk": 3
    },
    {
        "fields": {
            "code": "P1",
            "done": false,
            "keyflow": 30,
            "name": "Production"
        },
        "model": "asmfa.activitygroup",
        "pk": 4
    },
    {
        "fields": {
            "code": "P2",
            "done": false,
            "keyflow": 30,
            "name": "Production of packaging"
        },
        "model": "asmfa.activitygroup",
        "pk": 5
    },
    {
        "fields": {
            "code": "P3",
            "done": false,
            "keyflow": 30,
            "name": "Packaging"
        },
        "model": "asmfa.activitygroup",
        "pk": 6
    },
    {
        "fields": {
            "code": "R",
            "done": false,
            "keyflow": 30,
            "name": "Return Logistics"
        },
        "model": "asmfa.activitygroup",
        "pk": 7
    },
    {
        "fields": {
            "code": "S",
            "done": false,
            "keyflow": 30,
            "name": "Selling"
        },
        "model": "asmfa.activitygroup",
        "pk": 8
    },
    {
        "fields": {
            "code": "SC",
            "done": false,
            "keyflow": 30,
            "name": "Selling and Cosuming"
        },
        "model": "asmfa.activitygroup",
        "pk": 9
    },
    {
        "fields": {
            "code": "W",
            "done": false,
            "keyflow": 30,
            "name": "Waste Management"
        },
        "model": "asmfa.activitygroup",
        "pk": 10
    },
    {
        "fields": {
            "code": "exp",
            "done": false,
            "keyflow": 30,
            "name": "Export"
        },
        "model": "asmfa.activitygroup",
        "pk": 11
    },
    {
        "fields": {
            "code": "imp",
            "done": false,
            "keyflow": 30,
            "name": "Import"
        },
        "model": "asmfa.activitygroup",
        "pk": 12
    },
    {
        "fields": {
            "default": true,
            "keyflow": 30,
            "name": "Plastic Water Bottle"
        },
        "model": "asmfa.product",
        "pk": 1
    },
    {
        "fields": {
            "default": true,
            "keyflow": 30,
            "name": "Plastic Milk Bottle"
        },
        "model": "asmfa.product",
        "pk": 2
    },
    {
        "fields": {
            "default": true,
            "keyflow": 30,
            "name": "Plastic Juice Bottle"
        },
        "model": "asmfa.product",
        "pk": 3
    },
    {
        "fields": {
            "default": true,
            "keyflow": 30,
            "name": "Cardboard Cheese Box"
        },
        "model": "asmfa.product",
        "pk": 4
    },
    {
        "fields": {
            "default": true,
            "keyflow": 30,
            "name": "Cardboard Box for Water Bottles"
        },
        "model": "asmfa.product",
        "pk": 5
    },
    {
        "fields": {
            "default": true,
            "keyflow": 30,
            "name": "Farm Waste"
        },
        "model": "asmfa.product",
        "pk": 6
    },
    {
        "fields": {
            "default": true,
            "keyflow": 30,
            "name": "Sorted Cardboard Waste"
        },
        "model": "asmfa.product",
        "pk": 7
    },
    {
        "fields": {
            "default": true,
            "keyflow": 30,
            "name": "Restaurant Waste"
        },
        "model": "asmfa.product",
        "pk": 8
    },
    {
        "fields": {
            "default": true,
            "keyflow": 30,
            "name": "Municipal Solid Waste"
        },
        "model": "asmfa.product",
        "pk": 9
    },
    {
        "fields": {
            "default": true,
            "keyflow": 30,
            "name": "Sorted Plastic"
        },
        "model": "asmfa.product",
        "pk": 10
    },
    {
        "fields": {
            "default": true,
            "keyflow": 30,
            "name": "Plastic Deposit"
        },
        "model": "asmfa.product",
        "pk": 11
    },
    {
        "fields": {
            "code": "P3",
            "flowType": "Plastic Waste",
            "name": "Plastic packaging-PP"
        },
        "model": "asmfa.material",
        "pk": 12
    },
    {
        "fields": {
            "code": "PC6",
            "flowType": "Paper and Cardboard Waste",
            "name": "Other paper"
        },
        "model": "asmfa.material",
        "pk": 8
    },
    {
        "fields": {
            "code": "P4",
            "flowType": "Plastic Waste",
            "name": "Plastic packaging-PS"
        },
        "model": "asmfa.material",
        "pk": 13
    },
    {
        "fields": {
            "code": "Y1",
            "flowType": "Organic Waste",
            "name": "Plant material"
        },
        "model": "asmfa.material",
        "pk": 3
    },
    {
        "fields": {
            "code": "PC1",
            "flowType": "Paper and Cardboard Waste",
            "name": "Magazines and advertisement"
        },
        "model": "asmfa.material",
        "pk": 6
    },
    {
        "fields": {
            "code": "PC7",
            "flowType": "Paper and Cardboard Waste",
            "name": "Cardboard and paperboard"
        },
        "model": "asmfa.material",
        "pk": 9
    },
    {
        "fields": {
            "code": "F2",
            "flowType": "Organic Waste",
            "name": "Vegetable food waste"
        },
        "model": "asmfa.material",
        "pk": 2
    },
    {
        "fields": {
            "code": "P2",
            "flowType": "Plastic Waste",
            "name": "Plastic packaging-HDPE"
        },
        "model": "asmfa.material",
        "pk": 11
    },
    {
        "fields": {
            "code": "F1",
            "flowType": "Organic Waste",
            "name": "Animal-derived food waste"
        },
        "model": "asmfa.material",
        "pk": 1
    },
    {
        "fields": {
            "code": "P1",
            "flowType": "Plastic Waste",
            "name": "Plastic packaging-PET"
        },
        "model": "asmfa.material",
        "pk": 10
    },
    {
        "fields": {
            "fraction": 0.95,
            "material": 10,
            "product": 11
        },
        "model": "asmfa.productfraction",
        "pk": 32
    },
    {
        "fields": {
            "fraction": 0.05,
            "material": 13,
            "product": 11
        },
        "model": "asmfa.productfraction",
        "pk": 33
    },
    {
        "fields": {
            "fraction": 0.4,
            "material": 10,
            "product": 10
        },
        "model": "asmfa.productfraction",
        "pk": 28
    },
    {
        "fields": {
            "fraction": 0.2,
            "material": 11,
            "product": 10
        },
        "model": "asmfa.productfraction",
        "pk": 29
    },
    {
        "fields": {
            "fraction": 0.2,
            "material": 12,
            "product": 10
        },
        "model": "asmfa.productfraction",
        "pk": 30
    },
    {
        "fields": {
            "fraction": 0.2,
            "material": 13,
            "product": 10
        },
        "model": "asmfa.productfraction",
        "pk": 31
    },
    {
        "fields": {
            "fraction": 0.1,
            "material": 1,
            "product": 9
        },
        "model": "asmfa.productfraction",
        "pk": 22
    },
    {
        "fields": {
            "fraction": 0.1,
            "material": 2,
            "product": 9
        },
        "model": "asmfa.productfraction",
        "pk": 23
    },
    {
        "fields": {
            "fraction": 0.3,
            "material": 10,
            "product": 9
        },
        "model": "asmfa.productfraction",
        "pk": 24
    },
    {
        "fields": {
            "fraction": 0.1,
            "material": 11,
            "product": 9
        },
        "model": "asmfa.productfraction",
        "pk": 25
    },
    {
        "fields": {
            "fraction": 0.2,
            "material": 8,
            "product": 9
        },
        "model": "asmfa.productfraction",
        "pk": 26
    },
    {
        "fields": {
            "fraction": 0.2,
            "material": 13,
            "product": 9
        },
        "model": "asmfa.productfraction",
        "pk": 27
    },
    {
        "fields": {
            "fraction": 0.5,
            "material": 10,
            "product": 8
        },
        "model": "asmfa.productfraction",
        "pk": 19
    },
    {
        "fields": {
            "fraction": 0.1,
            "material": 1,
            "product": 8
        },
        "model": "asmfa.productfraction",
        "pk": 20
    },
    {
        "fields": {
            "fraction": 0.4,
            "material": 2,
            "product": 8
        },
        "model": "asmfa.productfraction",
        "pk": 21
    },
    {
        "fields": {
            "fraction": 0.95,
            "material": 6,
            "product": 7
        },
        "model": "asmfa.productfraction",
        "pk": 17
    },
    {
        "fields": {
            "fraction": 0.05,
            "material": 10,
            "product": 7
        },
        "model": "asmfa.productfraction",
        "pk": 18
    },
    {
        "fields": {
            "fraction": 0.2,
            "material": 1,
            "product": 6
        },
        "model": "asmfa.productfraction",
        "pk": 12
    },
    {
        "fields": {
            "fraction": 0.2,
            "material": 2,
            "product": 6
        },
        "model": "asmfa.productfraction",
        "pk": 13
    },
    {
        "fields": {
            "fraction": 0.2,
            "material": 3,
            "product": 6
        },
        "model": "asmfa.productfraction",
        "pk": 14
    },
    {
        "fields": {
            "fraction": 0.2,
            "material": 6,
            "product": 6
        },
        "model": "asmfa.productfraction",
        "pk": 15
    },
    {
        "fields": {
            "fraction": 0.2,
            "material": 10,
            "product": 6
        },
        "model": "asmfa.productfraction",
        "pk": 16
    },
    {
        "fields": {
            "fraction": 0.5,
            "material": 10,
            "product": 5
        },
        "model": "asmfa.productfraction",
        "pk": 10
    },
    {
        "fields": {
            "fraction": 0.5,
            "material": 9,
            "product": 5
        },
        "model": "asmfa.productfraction",
        "pk": 11
    },
    {
        "fields": {
            "fraction": 0.8,
            "material": 1,
            "product": 4
        },
        "model": "asmfa.productfraction",
        "pk": 7
    },
    {
        "fields": {
            "fraction": 0.1,
            "material": 9,
            "product": 4
        },
        "model": "asmfa.productfraction",
        "pk": 8
    },
    {
        "fields": {
            "fraction": 0.1,
            "material": 10,
            "product": 4
        },
        "model": "asmfa.productfraction",
        "pk": 9
    },
    {
        "fields": {
            "fraction": 0.75,
            "material": 2,
            "product": 3
        },
        "model": "asmfa.productfraction",
        "pk": 4
    },
    {
        "fields": {
            "fraction": 0.2,
            "material": 10,
            "product": 3
        },
        "model": "asmfa.productfraction",
        "pk": 5
    },
    {
        "fields": {
            "fraction": 0.05,
            "material": 11,
            "product": 3
        },
        "model": "asmfa.productfraction",
        "pk": 6
    },
    {
        "fields": {
            "fraction": 0.2,
            "material": 10,
            "product": 2
        },
        "model": "asmfa.productfraction",
        "pk": 2
    },
    {
        "fields": {
            "fraction": 0.8,
            "material": 1,
            "product": 2
        },
        "model": "asmfa.productfraction",
        "pk": 3
    },
    {
        "fields": {
            "fraction": 1.0,
            "material": 10,
            "product": 1
        },
        "model": "asmfa.productfraction",
        "pk": 1
    },
    {
        "fields": {
            "date_joined": "2017-11-01T18:11:08Z",
            "email": "bohnet@ggr-planung.de",
            "first_name": "Max",
            "groups": [
                1
            ],
            "is_active": true,
            "is_staff": true,
            "is_superuser": true,
            "last_login": "2018-01-17T12:42:43.458Z",
            "last_name": "Bohnet",
            "password": "pbkdf2_sha256$36000$EXzR5mzfwkko$udkdd/7JgDYHShI0z3Sy0Tbm3/Qab3FgqWZhBSviI/8=",
            "user_permissions": [],
            "username": "Max"
        },
        "model": "auth.user",
        "pk": 1
    },
    {
        "fields": {
            "date_joined": "2017-11-01T18:11:08.660Z",
            "email": "gutsche@ggr-planung.de",
            "first_name": "",
            "groups": [],
            "is_active": true,
            "is_staff": false,
            "is_superuser": false,
            "last_login": null,
            "last_name": "",
            "password": "",
            "user_permissions": [],
            "username": "JM"
        },
        "model": "auth.user",
        "pk": 2
    },
    {
        "fields": {
            "organization": "",
            "user": 1
        },
        "model": "login.profile",
        "pk": 1
    },
    {
        "fields": {
            "casestudy": 7,
            "name": "Waste companies"
        },
        "model": "studyarea.stakeholdercategory",
        "pk": 2
    },
    {
        "fields": {
            "organization": "",
            "user": 2
        },
        "model": "login.profile",
        "pk": 2
    },
    {
        "fields": {
            "name": "Public awareness",
            "user": 2
        },
        "model": "changes.solutioncategory",
        "pk": 4
    },
    {
        "fields": {
            "name": "Tour planning",
            "user": 2
        },
        "model": "changes.solutioncategory",
        "pk": 3
    },
    {
        "fields": {
            "casestudy": 7,
            "role": "",
            "user": 1
        },
        "model": "login.userincasestudy",
        "pk": 1
    },
    {
        "fields": {
            "name": "Stadtreinigung Hamburg",
            "stakeholder_category": 2
        },
        "model": "studyarea.stakeholder",
        "pk": 4
    },
    {
        "fields": {
            "name": "Collection containers",
            "user": 2
        },
        "model": "changes.solutioncategory",
        "pk": 1
    },
    {
        "fields": {
            "casestudy": 7,
            "role": "",
            "user": 2
        },
        "model": "login.userincasestudy",
        "pk": 2
    },
    {
        "fields": {
            "name": "cbm"
        },
        "model": "changes.unit",
        "pk": 1
    },
    {
        "fields": {
            "name": "tons"
        },
        "model": "changes.unit",
        "pk": 2
    },
    {
        "fields": {
            "name": "\u20ac"
        },
        "model": "changes.unit",
        "pk": 5
    },
    {
        "fields": {
            "name": "meters"
        },
        "model": "changes.unit",
        "pk": 3
    },
    {
        "fields": {
            "name": "number"
        },
        "model": "changes.unit",
        "pk": 4
    },
    {
        "fields": {
            "description": "bbb",
            "name": "Flexible bins",
            "one_unit_equals": "One bin",
            "solution_category": 1,
            "user": 1
        },
        "model": "changes.solution",
        "pk": 2
    },
    {
        "fields": {
            "description": "ggg",
            "name": "Recycling training",
            "one_unit_equals": "One training program",
            "solution_category": 4,
            "user": 2
        },
        "model": "changes.solution",
        "pk": 7
    },
    {
        "fields": {
            "description": "fff",
            "name": "Public ads",
            "one_unit_equals": "One campaign",
            "solution_category": 4,
            "user": 1
        },
        "model": "changes.solution",
        "pk": 6
    },
    {
        "fields": {
            "description": "eee",
            "name": "Tour optimisation",
            "one_unit_equals": "One optimisation",
            "solution_category": 3,
            "user": 1
        },
        "model": "changes.solution",
        "pk": 5
    },
    {
        "fields": {
            "coordinating_stakeholder": 4,
            "name": "Organic waste initiative Hamburg-Altona",
            "user": 2
        },
        "model": "changes.implementation",
        "pk": 1
    },
    {
        "fields": {
            "description": "ccc",
            "name": "Underfloor collectors",
            "one_unit_equals": "One collector",
            "solution_category": 1,
            "user": 2
        },
        "model": "changes.solution",
        "pk": 3
    },
    {
        "fields": {
            "name": "another amount",
            "solution": 6,
            "unit": 1
        },
        "model": "changes.solutionquantity",
        "pk": 6
    },
    {
        "fields": {
            "name": "campaigns",
            "solution": 5,
            "unit": 2
        },
        "model": "changes.solutionquantity",
        "pk": 5
    },
    {
        "fields": {
            "name": "price",
            "solution": 3,
            "unit": 5
        },
        "model": "changes.solutionquantity",
        "pk": 8
    },
    {
        "fields": {
            "name": "depth of containers",
            "solution": 3,
            "unit": 3
        },
        "model": "changes.solutionquantity",
        "pk": 7
    },
    {
        "fields": {
            "name": "number of collectors",
            "solution": 3,
            "unit": 4
        },
        "model": "changes.solutionquantity",
        "pk": 1
    },
    {
        "fields": {
            "implementation": 1,
            "participants": [],
            "solution": 2
        },
        "model": "changes.solutioninimplementation",
        "pk": 8
    },
    {
        "fields": {
            "implementation": 1,
            "participants": [],
            "solution": 7
        },
        "model": "changes.solutioninimplementation",
        "pk": 6
    },
    {
        "fields": {
            "implementation": 1,
            "participants": [
                2,
                6
            ],
            "solution": 6
        },
        "model": "changes.solutioninimplementation",
        "pk": 3
    },
    {
        "fields": {
            "implementation": 1,
            "participants": [
                4
            ],
            "solution": 5
        },
        "model": "changes.solutioninimplementation",
        "pk": 2
    },
    {
        "fields": {
            "implementation": 1,
            "participants": [
                2,
                4
            ],
            "solution": 3
        },
        "model": "changes.solutioninimplementation",
        "pk": 1
    },
    {
        "fields": {
            "geom": "TheGeometry",
            "name": "",
            "sii": 3
        },
        "model": "changes.solutioninimplementationgeometry",
        "pk": 5
    },
    {
        "fields": {
            "quantity": 5,
            "sii": 3,
            "value": 3.0
        },
        "model": "changes.solutioninimplementationquantity",
        "pk": 7
    },
    {
        "fields": {
            "quantity": 6,
            "sii": 3,
            "value": 0.0
        },
        "model": "changes.solutioninimplementationquantity",
        "pk": 4
    },
    {
        "fields": {
            "note": "Every other month",
            "sii": 3
        },
        "model": "changes.solutioninimplementationnote",
        "pk": 3
    },
    {
        "fields": {
            "geom": "TheGeometry",
            "name": "Hier",
            "sii": 2
        },
        "model": "changes.solutioninimplementationgeometry",
        "pk": 4
    },
    {
        "fields": {
            "quantity": 6,
            "sii": 2,
            "value": 1.0
        },
        "model": "changes.solutioninimplementationquantity",
        "pk": 6
    },
    {
        "fields": {
            "quantity": 5,
            "sii": 2,
            "value": 0.0
        },
        "model": "changes.solutioninimplementationquantity",
        "pk": 3
    },
    {
        "fields": {
            "note": "Another Note",
            "sii": 2
        },
        "model": "changes.solutioninimplementationnote",
        "pk": 5
    },
    {
        "fields": {
            "note": "As already done in Amsterdam",
            "sii": 2
        },
        "model": "changes.solutioninimplementationnote",
        "pk": 2
    },
    {
        "fields": {
            "geom": "TheGeometry",
            "name": "",
            "sii": 1
        },
        "model": "changes.solutioninimplementationgeometry",
        "pk": 3
    },
    {
        "fields": {
            "geom": "TheGeometry",
            "name": "Elbe",
            "sii": 1
        },
        "model": "changes.solutioninimplementationgeometry",
        "pk": 2
    },
    {
        "fields": {
            "geom": "TheGeometry",
            "name": "Phoenixhof",
            "sii": 1
        },
        "model": "changes.solutioninimplementationgeometry",
        "pk": 1
    },
    {
        "fields": {
            "quantity": 8,
            "sii": 1,
            "value": 333.0
        },
        "model": "changes.solutioninimplementationquantity",
        "pk": 15
    },
    {
        "fields": {
            "quantity": 7,
            "sii": 1,
            "value": 2.5
        },
        "model": "changes.solutioninimplementationquantity",
        "pk": 14
    },
    {
        "fields": {
            "quantity": 1,
            "sii": 1,
            "value": 35.0
        },
        "model": "changes.solutioninimplementationquantity",
        "pk": 5
    },
    {
        "fields": {
            "quantity": 7,
            "sii": 1,
            "value": 2.0
        },
        "model": "changes.solutioninimplementationquantity",
        "pk": 2
    },
    {
        "fields": {
            "quantity": 1,
            "sii": 1,
            "value": 123.0
        },
        "model": "changes.solutioninimplementationquantity",
        "pk": 1
    },
    {
        "fields": {
            "note": "Bezirk Altona pays 30%",
            "sii": 1
        },
        "model": "changes.solutioninimplementationnote",
        "pk": 1
    },
    {
        "fields": {
            "name": "Collection Costs",
            "solution": 3,
            "unit": 5,
            "value": 350.0
        },
        "model": "changes.solutionratiooneunit",
        "pk": 2
    },
    {
        "fields": {
            "name": "Collection volume",
            "solution": 3,
            "unit": 1,
            "value": 50.0
        },
        "model": "changes.solutionratiooneunit",
        "pk": 1
    },
    {
        "fields": {
            "casestudy": 5,
            "name": "Government"
        },
        "model": "studyarea.stakeholdercategory",
        "pk": 1
    },
    {
        "fields": {
            "focusarea": null,
            "geom": null,
            "name": "Hamburg"
        },
        "model": "login.casestudy",
        "pk": 5
    },
    {
        "fields": {
            "name": "Altona",
            "stakeholder_category": 1
        },
        "model": "studyarea.stakeholder",
        "pk": 1
    },
    {
        "fields": {
            "coordinator": 1,
            "implementations": [
                1
            ],
            "name": "Vision Waste 2035",
            "user": 1
        },
        "model": "changes.strategy",
        "pk": 1
    }
]
