[
{
  "model": "login.casestudy",
  "pk": 1,
  "fields": {
    "name": "Napoli",
    "geom": null,
    "focusarea": null
  }
},
{
  "model": "login.casestudy",
  "pk": 2,
  "fields": {
    "name": "Amsterdam",
    "geom": null,
    "focusarea": null
  }
},
{
  "model": "login.casestudy",
  "pk": 3,
  "fields": {
    "name": "Ghent",
    "geom": null,
    "focusarea": null
  }
},
{
  "model": "login.casestudy",
  "pk": 4,
  "fields": {
    "name": "Lodsz",
    "geom": null,
    "focusarea": null
  }
},
{
  "model": "login.casestudy",
  "pk": 5,
  "fields": {
    "name": "Hamburg",
    "geom": null,
    "focusarea": null
  }
},
{
  "model": "login.casestudy",
  "pk": 6,
  "fields": {
    "name": "Pecs",
    "geom": null,
    "focusarea": null
  }
},
{
  "model": "login.casestudy",
  "pk": 7,
  "fields": {
    "name": "SandboxCity",
    "geom": null,
    "focusarea": null
  }
},
{
  "model": "login.profile",
  "pk": -1,
  "fields": {
    "user": -1,
    "organization": ""
  }
},
{
  "model": "login.profile",
  "pk": 1,
  "fields": {
    "user": 1,
    "organization": ""
  }
},
{
  "model": "login.profile",
  "pk": 2,
  "fields": {
    "user": 2,
    "organization": ""
  }
},
{
  "model": "login.profile",
  "pk": 3,
  "fields": {
    "user": 3,
    "organization": "HafenCity"
  }
},
{
  "model": "login.profile",
  "pk": 4,
  "fields": {
    "user": 4,
    "organization": "GGR"
  }
},
{
  "model": "login.profile",
  "pk": 5,
  "fields": {
    "user": 5,
    "organization": ""
  }
},
{
  "model": "login.profile",
  "pk": 6,
  "fields": {
    "user": 6,
    "organization": ""
  }
},
{
  "model": "login.profile",
  "pk": 7,
  "fields": {
    "user": 7,
    "organization": ""
  }
},
{
  "model": "login.profile",
  "pk": 8,
  "fields": {
    "user": 8,
    "organization": ""
  }
},
{
  "model": "login.profile",
  "pk": 9,
  "fields": {
    "user": 9,
    "organization": ""
  }
},
{
  "model": "login.userincasestudy",
  "pk": 1,
  "fields": {
    "user": 1,
    "casestudy": 5,
    "role": ""
  }
},
{
  "model": "login.userincasestudy",
  "pk": 2,
  "fields": {
    "user": 2,
    "casestudy": 5,
    "role": ""
  }
},
{
  "model": "login.userincasestudy",
  "pk": 5,
  "fields": {
    "user": 2,
    "casestudy": 2,
    "role": ""
  }
},
{
  "model": "login.userincasestudy",
  "pk": 6,
  "fields": {
    "user": 1,
    "casestudy": 2,
    "role": ""
  }
},
{
  "model": "login.userincasestudy",
  "pk": 7,
  "fields": {
    "user": 2,
    "casestudy": 3,
    "role": ""
  }
},
{
  "model": "login.userincasestudy",
  "pk": 14,
  "fields": {
    "user": 3,
    "casestudy": 5,
    "role": ""
  }
},
{
  "model": "login.userincasestudy",
  "pk": 15,
  "fields": {
    "user": 4,
    "casestudy": 1,
    "role": ""
  }
},
{
  "model": "login.userincasestudy",
  "pk": 16,
  "fields": {
    "user": 4,
    "casestudy": 2,
    "role": ""
  }
},
{
  "model": "login.userincasestudy",
  "pk": 17,
  "fields": {
    "user": 4,
    "casestudy": 3,
    "role": ""
  }
},
{
  "model": "login.userincasestudy",
  "pk": 18,
  "fields": {
    "user": 4,
    "casestudy": 4,
    "role": ""
  }
},
{
  "model": "login.userincasestudy",
  "pk": 19,
  "fields": {
    "user": 4,
    "casestudy": 5,
    "role": ""
  }
},
{
  "model": "login.userincasestudy",
  "pk": 20,
  "fields": {
    "user": 4,
    "casestudy": 6,
    "role": ""
  }
},
{
  "model": "login.userincasestudy",
  "pk": 21,
  "fields": {
    "user": 4,
    "casestudy": 7,
    "role": ""
  }
},
{
  "model": "login.userincasestudy",
  "pk": 37,
  "fields": {
    "user": -1,
    "casestudy": 7,
    "role": ""
  }
},
{
  "model": "login.userincasestudy",
  "pk": 38,
  "fields": {
    "user": 5,
    "casestudy": 1,
    "role": ""
  }
},
{
  "model": "login.userincasestudy",
  "pk": 39,
  "fields": {
    "user": 5,
    "casestudy": 2,
    "role": ""
  }
},
{
  "model": "login.userincasestudy",
  "pk": 40,
  "fields": {
    "user": 5,
    "casestudy": 3,
    "role": ""
  }
},
{
  "model": "login.userincasestudy",
  "pk": 41,
  "fields": {
    "user": 5,
    "casestudy": 5,
    "role": ""
  }
},
{
  "model": "login.userincasestudy",
  "pk": 42,
  "fields": {
    "user": 5,
    "casestudy": 7,
    "role": ""
  }
},
{
  "model": "login.userincasestudy",
  "pk": 43,
  "fields": {
    "user": 5,
    "casestudy": 6,
    "role": ""
  }
},
{
  "model": "login.userincasestudy",
  "pk": 44,
  "fields": {
    "user": 5,
    "casestudy": 4,
    "role": ""
  }
},
{
  "model": "login.userincasestudy",
  "pk": 59,
  "fields": {
    "user": 7,
    "casestudy": 1,
    "role": ""
  }
},
{
  "model": "login.userincasestudy",
  "pk": 60,
  "fields": {
    "user": 7,
    "casestudy": 2,
    "role": ""
  }
},
{
  "model": "login.userincasestudy",
  "pk": 61,
  "fields": {
    "user": 7,
    "casestudy": 3,
    "role": ""
  }
},
{
  "model": "login.userincasestudy",
  "pk": 62,
  "fields": {
    "user": 7,
    "casestudy": 4,
    "role": ""
  }
},
{
  "model": "login.userincasestudy",
  "pk": 63,
  "fields": {
    "user": 7,
    "casestudy": 5,
    "role": ""
  }
},
{
  "model": "login.userincasestudy",
  "pk": 64,
  "fields": {
    "user": 7,
    "casestudy": 6,
    "role": ""
  }
},
{
  "model": "login.userincasestudy",
  "pk": 65,
  "fields": {
    "user": 7,
    "casestudy": 7,
    "role": ""
  }
},
{
  "model": "login.userincasestudy",
  "pk": 66,
  "fields": {
    "user": 8,
    "casestudy": 1,
    "role": ""
  }
},
{
  "model": "login.userincasestudy",
  "pk": 67,
  "fields": {
    "user": 8,
    "casestudy": 2,
    "role": ""
  }
},
{
  "model": "login.userincasestudy",
  "pk": 68,
  "fields": {
    "user": 8,
    "casestudy": 3,
    "role": ""
  }
},
{
  "model": "login.userincasestudy",
  "pk": 69,
  "fields": {
    "user": 8,
    "casestudy": 4,
    "role": ""
  }
},
{
  "model": "login.userincasestudy",
  "pk": 70,
  "fields": {
    "user": 8,
    "casestudy": 5,
    "role": ""
  }
},
{
  "model": "login.userincasestudy",
  "pk": 71,
  "fields": {
    "user": 8,
    "casestudy": 6,
    "role": ""
  }
},
{
  "model": "login.userincasestudy",
  "pk": 72,
  "fields": {
    "user": 8,
    "casestudy": 7,
    "role": ""
  }
}
]
