[
{
  "model": "asmfa.material",
  "pk": 1,
  "fields": {
    "code": "PET plastic",
    "name": "PET"
  }
},
{
  "model": "asmfa.material",
  "pk": 2,
  "fields": {
    "code": "Organic",
    "name": "Org"
  }
},
{
  "model": "asmfa.material",
  "pk": 3,
  "fields": {
    "code": "PVC plastic",
    "name": "PVC"
  }
},
{
  "model": "asmfa.materialincasestudy",
  "pk": 13,
  "fields": {
    "material": 1,
    "casestudy": 1,
    "note": ""
  }
},
{
  "model": "asmfa.materialincasestudy",
  "pk": 15,
  "fields": {
    "material": 1,
    "casestudy": 4,
    "note": ""
  }
},
{
  "model": "asmfa.materialincasestudy",
  "pk": 16,
  "fields": {
    "material": 1,
    "casestudy": 3,
    "note": ""
  }
},
{
  "model": "asmfa.materialincasestudy",
  "pk": 17,
  "fields": {
    "material": 1,
    "casestudy": 5,
    "note": ""
  }
},
{
  "model": "asmfa.materialincasestudy",
  "pk": 18,
  "fields": {
    "material": 2,
    "casestudy": 1,
    "note": ""
  }
},
{
  "model": "asmfa.materialincasestudy",
  "pk": 19,
  "fields": {
    "material": 2,
    "casestudy": 2,
    "note": ""
  }
},
{
  "model": "asmfa.materialincasestudy",
  "pk": 20,
  "fields": {
    "material": 2,
    "casestudy": 3,
    "note": ""
  }
},
{
  "model": "asmfa.materialincasestudy",
  "pk": 21,
  "fields": {
    "material": 2,
    "casestudy": 4,
    "note": ""
  }
},
{
  "model": "asmfa.materialincasestudy",
  "pk": 22,
  "fields": {
    "material": 2,
    "casestudy": 5,
    "note": ""
  }
},
{
  "model": "asmfa.materialincasestudy",
  "pk": 23,
  "fields": {
    "material": 2,
    "casestudy": 6,
    "note": ""
  }
},
{
  "model": "asmfa.materialincasestudy",
  "pk": 24,
  "fields": {
    "material": 3,
    "casestudy": 1,
    "note": ""
  }
},
{
  "model": "asmfa.materialincasestudy",
  "pk": 25,
  "fields": {
    "material": 3,
    "casestudy": 2,
    "note": ""
  }
},
{
  "model": "asmfa.materialincasestudy",
  "pk": 26,
  "fields": {
    "material": 3,
    "casestudy": 3,
    "note": ""
  }
},
{
  "model": "asmfa.materialincasestudy",
  "pk": 27,
  "fields": {
    "material": 3,
    "casestudy": 4,
    "note": ""
  }
},
{
  "model": "asmfa.materialincasestudy",
  "pk": 28,
  "fields": {
    "material": 3,
    "casestudy": 5,
    "note": ""
  }
},
{
  "model": "asmfa.materialincasestudy",
  "pk": 29,
  "fields": {
    "material": 3,
    "casestudy": 6,
    "note": ""
  }
},
{
  "model": "asmfa.quality",
  "pk": 1,
  "fields": {
    "name": "High"
  }
},
{
  "model": "asmfa.quality",
  "pk": 2,
  "fields": {
    "name": "Medium"
  }
},
{
  "model": "asmfa.quality",
  "pk": 3,
  "fields": {
    "name": "Low"
  }
},
{
  "model": "asmfa.quality",
  "pk": 4,
  "fields": {
    "name": "Waste"
  }
},
{
  "model": "asmfa.activitygroup",
  "pk": 1,
  "fields": {
    "source": false,
    "sink": false,
    "code": "C",
    "name": "Consuming",
    "casestudy": 1
  }
},
{
  "model": "asmfa.activitygroup",
  "pk": 2,
  "fields": {
    "source": false,
    "sink": false,
    "code": "COL",
    "name": "Collection",
    "casestudy": 1
  }
},
{
  "model": "asmfa.activitygroup",
  "pk": 3,
  "fields": {
    "source": false,
    "sink": false,
    "code": "D",
    "name": "Distribution",
    "casestudy": 1
  }
},
{
  "model": "asmfa.activitygroup",
  "pk": 4,
  "fields": {
    "source": true,
    "sink": false,
    "code": "P1",
    "name": "Production",
    "casestudy": 1
  }
},
{
  "model": "asmfa.activitygroup",
  "pk": 5,
  "fields": {
    "source": true,
    "sink": false,
    "code": "P2",
    "name": "Production of packaging",
    "casestudy": 1
  }
},
{
  "model": "asmfa.activitygroup",
  "pk": 6,
  "fields": {
    "source": false,
    "sink": false,
    "code": "P3",
    "name": "Packaging",
    "casestudy": 1
  }
},
{
  "model": "asmfa.activitygroup",
  "pk": 7,
  "fields": {
    "source": false,
    "sink": false,
    "code": "R",
    "name": "Return Logistics",
    "casestudy": 1
  }
},
{
  "model": "asmfa.activitygroup",
  "pk": 8,
  "fields": {
    "source": false,
    "sink": false,
    "code": "S",
    "name": "Selling",
    "casestudy": 1
  }
},
{
  "model": "asmfa.activitygroup",
  "pk": 9,
  "fields": {
    "source": false,
    "sink": false,
    "code": "SC",
    "name": "Selling and Cosuming",
    "casestudy": 1
  }
},
{
  "model": "asmfa.activitygroup",
  "pk": 10,
  "fields": {
    "source": false,
    "sink": true,
    "code": "W",
    "name": "Waste Management",
    "casestudy": 1
  }
},
{
  "model": "asmfa.activitygroup",
  "pk": 11,
  "fields": {
    "source": false,
    "sink": true,
    "code": "exp",
    "name": "Export",
    "casestudy": 1
  }
},
{
  "model": "asmfa.activitygroup",
  "pk": 12,
  "fields": {
    "source": true,
    "sink": false,
    "code": "imp",
    "name": "Import",
    "casestudy": 1
  }
},
{
  "model": "asmfa.activity",
  "pk": 1,
  "fields": {
    "source": false,
    "sink": true,
    "nace": "00.inci",
    "name": "Incineration",
    "activitygroup": 10
  }
},
{
  "model": "asmfa.activity",
  "pk": 2,
  "fields": {
    "source": false,
    "sink": true,
    "nace": "00.land",
    "name": "Landfill",
    "activitygroup": 10
  }
},
{
  "model": "asmfa.activity",
  "pk": 3,
  "fields": {
    "source": true,
    "sink": false,
    "nace": "11.juice",
    "name": "Manufacture of juice",
    "activitygroup": 4
  }
},
{
  "model": "asmfa.activity",
  "pk": 4,
  "fields": {
    "source": true,
    "sink": false,
    "nace": "11.milk",
    "name": "Manufacture of milk",
    "activitygroup": 4
  }
},
{
  "model": "asmfa.activity",
  "pk": 5,
  "fields": {
    "source": true,
    "sink": false,
    "nace": "11.soft",
    "name": "Manufacture of soft drinks",
    "activitygroup": 4
  }
},
{
  "model": "asmfa.activity",
  "pk": 6,
  "fields": {
    "source": true,
    "sink": false,
    "nace": "11.water",
    "name": "Manufacture of mineral water",
    "activitygroup": 4
  }
},
{
  "model": "asmfa.activity",
  "pk": 7,
  "fields": {
    "source": true,
    "sink": false,
    "nace": "22.bottles",
    "name": "Manufacture of bottles",
    "activitygroup": 5
  }
},
{
  "model": "asmfa.activity",
  "pk": 8,
  "fields": {
    "source": true,
    "sink": false,
    "nace": "22.boxes",
    "name": "Manufacture of boxes",
    "activitygroup": 5
  }
},
{
  "model": "asmfa.activity",
  "pk": 9,
  "fields": {
    "source": false,
    "sink": false,
    "nace": "33.drinks",
    "name": "Packaging of drinks",
    "activitygroup": 6
  }
},
{
  "model": "asmfa.activity",
  "pk": 10,
  "fields": {
    "source": false,
    "sink": false,
    "nace": "33.milk",
    "name": "Packaging of milk",
    "activitygroup": 6
  }
},
{
  "model": "asmfa.activity",
  "pk": 11,
  "fields": {
    "source": false,
    "sink": false,
    "nace": "33.water",
    "name": "Packaging of water",
    "activitygroup": 6
  }
},
{
  "model": "asmfa.activity",
  "pk": 12,
  "fields": {
    "source": false,
    "sink": false,
    "nace": "44.drinks",
    "name": "Distribution of drinks",
    "activitygroup": 3
  }
},
{
  "model": "asmfa.activity",
  "pk": 13,
  "fields": {
    "source": false,
    "sink": false,
    "nace": "44.milk",
    "name": "Distribution of milk",
    "activitygroup": 3
  }
},
{
  "model": "asmfa.activity",
  "pk": 14,
  "fields": {
    "source": false,
    "sink": false,
    "nace": "44.water",
    "name": "Distribution of water",
    "activitygroup": 3
  }
},
{
  "model": "asmfa.activity",
  "pk": 15,
  "fields": {
    "source": false,
    "sink": false,
    "nace": "55.market",
    "name": "Selling in market",
    "activitygroup": 8
  }
},
{
  "model": "asmfa.activity",
  "pk": 16,
  "fields": {
    "source": false,
    "sink": false,
    "nace": "55.sm",
    "name": "Selling in supermarket",
    "activitygroup": 8
  }
},
{
  "model": "asmfa.activity",
  "pk": 17,
  "fields": {
    "source": false,
    "sink": false,
    "nace": "55.whole",
    "name": "Wholesale",
    "activitygroup": 8
  }
},
{
  "model": "asmfa.activity",
  "pk": 18,
  "fields": {
    "source": false,
    "sink": false,
    "nace": "66.farm",
    "name": "Farm Consuming",
    "activitygroup": 1
  }
},
{
  "model": "asmfa.activity",
  "pk": 19,
  "fields": {
    "source": false,
    "sink": false,
    "nace": "66.home",
    "name": "Home Consuming",
    "activitygroup": 1
  }
},
{
  "model": "asmfa.activity",
  "pk": 20,
  "fields": {
    "source": false,
    "sink": false,
    "nace": "77.bar",
    "name": "Bar Consuming",
    "activitygroup": 9
  }
},
{
  "model": "asmfa.activity",
  "pk": 21,
  "fields": {
    "source": false,
    "sink": false,
    "nace": "77.cafe",
    "name": "Cafe Consuming",
    "activitygroup": 9
  }
},
{
  "model": "asmfa.activity",
  "pk": 22,
  "fields": {
    "source": false,
    "sink": false,
    "nace": "77.rest",
    "name": "Restaurant Consuming",
    "activitygroup": 9
  }
},
{
  "model": "asmfa.activity",
  "pk": 23,
  "fields": {
    "source": false,
    "sink": false,
    "nace": "88.depo",
    "name": "Deposit",
    "activitygroup": 7
  }
},
{
  "model": "asmfa.activity",
  "pk": 24,
  "fields": {
    "source": false,
    "sink": false,
    "nace": "88.waste",
    "name": "Sorted waste",
    "activitygroup": 7
  }
},
{
  "model": "asmfa.activity",
  "pk": 25,
  "fields": {
    "source": false,
    "sink": false,
    "nace": "99.MSW",
    "name": "Household waste",
    "activitygroup": 2
  }
},
{
  "model": "asmfa.activity",
  "pk": 26,
  "fields": {
    "source": false,
    "sink": false,
    "nace": "99.cat",
    "name": "Catering waste",
    "activitygroup": 2
  }
},
{
  "model": "asmfa.activity",
  "pk": 27,
  "fields": {
    "source": false,
    "sink": false,
    "nace": "99.farm",
    "name": "Farm waste",
    "activitygroup": 2
  }
},
{
  "model": "asmfa.activity",
  "pk": 28,
  "fields": {
    "source": false,
    "sink": true,
    "nace": "ee.xx",
    "name": "Export",
    "activitygroup": 11
  }
},
{
  "model": "asmfa.activity",
  "pk": 29,
  "fields": {
    "source": true,
    "sink": false,
    "nace": "ii.xx",
    "name": "Import",
    "activitygroup": 12
  }
},
{
  "model": "asmfa.actor",
  "pk": 1,
  "fields": {
    "source": false,
    "sink": true,
    "BvDid": "NL00000001",
    "name": "Incinerator",
    "consCode": "111",
    "year": 2017,
    "revenue": 1000,
    "employees": 100,
    "BvDii": "A",
    "website": "www.website.org",
    "activity": 1
  }
},
{
  "model": "asmfa.actor",
  "pk": 2,
  "fields": {
    "source": false,
    "sink": true,
    "BvDid": "NL00000002",
    "name": "Landfilling bv",
    "consCode": "111",
    "year": 2017,
    "revenue": 1000,
    "employees": 100,
    "BvDii": "A",
    "website": "www.website.org",
    "activity": 2
  }
},
{
  "model": "asmfa.actor",
  "pk": 3,
  "fields": {
    "source": true,
    "sink": false,
    "BvDid": "NL00000110",
    "name": "Happy Farm",
    "consCode": "111",
    "year": 2017,
    "revenue": 1000,
    "employees": 100,
    "BvDii": "A",
    "website": "www.website.org",
    "activity": 4
  }
},
{
  "model": "asmfa.actor",
  "pk": 4,
  "fields": {
    "source": true,
    "sink": false,
    "BvDid": "NL00000111",
    "name": "Cocacola",
    "consCode": "111",
    "year": 2017,
    "revenue": 1000,
    "employees": 100,
    "BvDii": "A",
    "website": "www.website.org",
    "activity": 5
  }
},
{
  "model": "asmfa.actor",
  "pk": 5,
  "fields": {
    "source": true,
    "sink": false,
    "BvDid": "NL00000112",
    "name": "Pepsi",
    "consCode": "111",
    "year": 2017,
    "revenue": 1000,
    "employees": 100,
    "BvDii": "A",
    "website": "www.website.org",
    "activity": 5
  }
},
{
  "model": "asmfa.actor",
  "pk": 6,
  "fields": {
    "source": true,
    "sink": false,
    "BvDid": "NL00000113",
    "name": "Sprite",
    "consCode": "111",
    "year": 2017,
    "revenue": 1000,
    "employees": 100,
    "BvDii": "A",
    "website": "www.website.org",
    "activity": 5
  }
},
{
  "model": "asmfa.actor",
  "pk": 7,
  "fields": {
    "source": true,
    "sink": false,
    "BvDid": "NL00000114",
    "name": "Apple Juice",
    "consCode": "111",
    "year": 2017,
    "revenue": 1000,
    "employees": 100,
    "BvDii": "A",
    "website": "www.website.org",
    "activity": 3
  }
},
{
  "model": "asmfa.actor",
  "pk": 8,
  "fields": {
    "source": true,
    "sink": false,
    "BvDid": "NL00000115",
    "name": "Orange Juice",
    "consCode": "111",
    "year": 2017,
    "revenue": 1000,
    "employees": 100,
    "BvDii": "A",
    "website": "www.website.org",
    "activity": 3
  }
},
{
  "model": "asmfa.actor",
  "pk": 9,
  "fields": {
    "source": true,
    "sink": false,
    "BvDid": "NL00000116",
    "name": "Fresh Juice",
    "consCode": "111",
    "year": 2017,
    "revenue": 1000,
    "employees": 100,
    "BvDii": "A",
    "website": "www.website.org",
    "activity": 3
  }
},
{
  "model": "asmfa.actor",
  "pk": 10,
  "fields": {
    "source": true,
    "sink": false,
    "BvDid": "NL00000117",
    "name": "Frozen Juice",
    "consCode": "111",
    "year": 2017,
    "revenue": 1000,
    "employees": 100,
    "BvDii": "A",
    "website": "www.website.org",
    "activity": 3
  }
},
{
  "model": "asmfa.actor",
  "pk": 11,
  "fields": {
    "source": true,
    "sink": false,
    "BvDid": "NL00000118",
    "name": "Mountain Water",
    "consCode": "111",
    "year": 2017,
    "revenue": 1000,
    "employees": 100,
    "BvDii": "A",
    "website": "www.website.org",
    "activity": 6
  }
},
{
  "model": "asmfa.actor",
  "pk": 12,
  "fields": {
    "source": true,
    "sink": false,
    "BvDid": "NL00000119",
    "name": "Vytautas Water",
    "consCode": "111",
    "year": 2017,
    "revenue": 1000,
    "employees": 100,
    "BvDii": "A",
    "website": "www.website.org",
    "activity": 6
  }
},
{
  "model": "asmfa.actor",
  "pk": 13,
  "fields": {
    "source": true,
    "sink": false,
    "BvDid": "NL00000221",
    "name": "Pretty Bottle",
    "consCode": "111",
    "year": 2017,
    "revenue": 1000,
    "employees": 100,
    "BvDii": "A",
    "website": "www.website.org",
    "activity": 7
  }
},
{
  "model": "asmfa.actor",
  "pk": 14,
  "fields": {
    "source": true,
    "sink": false,
    "BvDid": "NL00000222",
    "name": "Bottles Inc.",
    "consCode": "111",
    "year": 2017,
    "revenue": 1000,
    "employees": 100,
    "BvDii": "A",
    "website": "www.website.org",
    "activity": 7
  }
},
{
  "model": "asmfa.actor",
  "pk": 15,
  "fields": {
    "source": true,
    "sink": false,
    "BvDid": "NL00000223",
    "name": "Boxes Inc.",
    "consCode": "111",
    "year": 2017,
    "revenue": 1000,
    "employees": 100,
    "BvDii": "A",
    "website": "www.website.org",
    "activity": 8
  }
},
{
  "model": "asmfa.actor",
  "pk": 16,
  "fields": {
    "source": true,
    "sink": false,
    "BvDid": "NL00000224",
    "name": "Pack-a-Box.",
    "consCode": "111",
    "year": 2017,
    "revenue": 1000,
    "employees": 100,
    "BvDii": "A",
    "website": "www.website.org",
    "activity": 8
  }
},
{
  "model": "asmfa.actor",
  "pk": 17,
  "fields": {
    "source": true,
    "sink": false,
    "BvDid": "NL00000225",
    "name": "3D-Box.",
    "consCode": "111",
    "year": 2017,
    "revenue": 1000,
    "employees": 100,
    "BvDii": "A",
    "website": "www.website.org",
    "activity": 8
  }
},
{
  "model": "asmfa.actor",
  "pk": 18,
  "fields": {
    "source": false,
    "sink": false,
    "BvDid": "NL00000331",
    "name": "Cola&Sprite",
    "consCode": "111",
    "year": 2017,
    "revenue": 1000,
    "employees": 100,
    "BvDii": "A",
    "website": "www.website.org",
    "activity": 9
  }
},
{
  "model": "asmfa.actor",
  "pk": 19,
  "fields": {
    "source": false,
    "sink": false,
    "BvDid": "NL00000332",
    "name": "Appelsientje",
    "consCode": "111",
    "year": 2017,
    "revenue": 1000,
    "employees": 100,
    "BvDii": "A",
    "website": "www.website.org",
    "activity": 9
  }
},
{
  "model": "asmfa.actor",
  "pk": 20,
  "fields": {
    "source": false,
    "sink": false,
    "BvDid": "NL00000333",
    "name": "PETPETPET",
    "consCode": "111",
    "year": 2017,
    "revenue": 1000,
    "employees": 100,
    "BvDii": "A",
    "website": "www.website.org",
    "activity": 11
  }
},
{
  "model": "asmfa.actor",
  "pk": 21,
  "fields": {
    "source": false,
    "sink": false,
    "BvDid": "NL00000334",
    "name": "WaterPack",
    "consCode": "111",
    "year": 2017,
    "revenue": 1000,
    "employees": 100,
    "BvDii": "A",
    "website": "www.website.org",
    "activity": 11
  }
},
{
  "model": "asmfa.actor",
  "pk": 22,
  "fields": {
    "source": false,
    "sink": false,
    "BvDid": "NL00000335",
    "name": "TetraPak",
    "consCode": "111",
    "year": 2017,
    "revenue": 1000,
    "employees": 100,
    "BvDii": "A",
    "website": "www.website.org",
    "activity": 10
  }
},
{
  "model": "asmfa.actor",
  "pk": 23,
  "fields": {
    "source": false,
    "sink": false,
    "BvDid": "NL00000441",
    "name": "Drink Distributor",
    "consCode": "111",
    "year": 2017,
    "revenue": 1000,
    "employees": 100,
    "BvDii": "A",
    "website": "www.website.org",
    "activity": 12
  }
},
{
  "model": "asmfa.actor",
  "pk": 24,
  "fields": {
    "source": false,
    "sink": false,
    "BvDid": "NL00000442",
    "name": "Water Distributor",
    "consCode": "111",
    "year": 2017,
    "revenue": 1000,
    "employees": 100,
    "BvDii": "A",
    "website": "www.website.org",
    "activity": 14
  }
},
{
  "model": "asmfa.actor",
  "pk": 25,
  "fields": {
    "source": false,
    "sink": false,
    "BvDid": "NL00000443",
    "name": "Milk Distributor",
    "consCode": "111",
    "year": 2017,
    "revenue": 1000,
    "employees": 100,
    "BvDii": "A",
    "website": "www.website.org",
    "activity": 13
  }
},
{
  "model": "asmfa.actor",
  "pk": 26,
  "fields": {
    "source": false,
    "sink": false,
    "BvDid": "NL00000550",
    "name": "Wholeseller",
    "consCode": "111",
    "year": 2017,
    "revenue": 1000,
    "employees": 100,
    "BvDii": "A",
    "website": "www.website.org",
    "activity": 17
  }
},
{
  "model": "asmfa.actor",
  "pk": 27,
  "fields": {
    "source": false,
    "sink": false,
    "BvDid": "NL00000551",
    "name": "Jumbo",
    "consCode": "111",
    "year": 2017,
    "revenue": 1000,
    "employees": 100,
    "BvDii": "A",
    "website": "www.website.org",
    "activity": 16
  }
},
{
  "model": "asmfa.actor",
  "pk": 28,
  "fields": {
    "source": false,
    "sink": false,
    "BvDid": "NL00000552",
    "name": "Albert Heijn",
    "consCode": "111",
    "year": 2017,
    "revenue": 1000,
    "employees": 100,
    "BvDii": "A",
    "website": "www.website.org",
    "activity": 16
  }
},
{
  "model": "asmfa.actor",
  "pk": 29,
  "fields": {
    "source": false,
    "sink": false,
    "BvDid": "NL00000553",
    "name": "Lidl",
    "consCode": "111",
    "year": 2017,
    "revenue": 1000,
    "employees": 100,
    "BvDii": "A",
    "website": "www.website.org",
    "activity": 16
  }
},
{
  "model": "asmfa.actor",
  "pk": 30,
  "fields": {
    "source": false,
    "sink": false,
    "BvDid": "NL00000554",
    "name": "Deen",
    "consCode": "111",
    "year": 2017,
    "revenue": 1000,
    "employees": 100,
    "BvDii": "A",
    "website": "www.website.org",
    "activity": 16
  }
},
{
  "model": "asmfa.actor",
  "pk": 31,
  "fields": {
    "source": false,
    "sink": false,
    "BvDid": "NL00000555",
    "name": "Spar",
    "consCode": "111",
    "year": 2017,
    "revenue": 1000,
    "employees": 100,
    "BvDii": "A",
    "website": "www.website.org",
    "activity": 16
  }
},
{
  "model": "asmfa.actor",
  "pk": 32,
  "fields": {
    "source": false,
    "sink": false,
    "BvDid": "NL00000556",
    "name": "Market 1",
    "consCode": "111",
    "year": 2017,
    "revenue": 1000,
    "employees": 100,
    "BvDii": "A",
    "website": "www.website.org",
    "activity": 15
  }
},
{
  "model": "asmfa.actor",
  "pk": 33,
  "fields": {
    "source": false,
    "sink": false,
    "BvDid": "NL00000557",
    "name": "Market 2",
    "consCode": "111",
    "year": 2017,
    "revenue": 1000,
    "employees": 100,
    "BvDii": "A",
    "website": "www.website.org",
    "activity": 15
  }
},
{
  "model": "asmfa.actor",
  "pk": 34,
  "fields": {
    "source": false,
    "sink": false,
    "BvDid": "NL00000558",
    "name": "Market 3",
    "consCode": "111",
    "year": 2017,
    "revenue": 1000,
    "employees": 100,
    "BvDii": "A",
    "website": "www.website.org",
    "activity": 15
  }
},
{
  "model": "asmfa.actor",
  "pk": 35,
  "fields": {
    "source": false,
    "sink": false,
    "BvDid": "NL00000559",
    "name": "Market 4",
    "consCode": "111",
    "year": 2017,
    "revenue": 1000,
    "employees": 100,
    "BvDii": "A",
    "website": "www.website.org",
    "activity": 15
  }
},
{
  "model": "asmfa.actor",
  "pk": 36,
  "fields": {
    "source": false,
    "sink": false,
    "BvDid": "NL00000660",
    "name": "Farm Type 4",
    "consCode": "111",
    "year": 2017,
    "revenue": 1000,
    "employees": 100,
    "BvDii": "A",
    "website": "www.website.org",
    "activity": 18
  }
},
{
  "model": "asmfa.actor",
  "pk": 37,
  "fields": {
    "source": false,
    "sink": false,
    "BvDid": "NL00000661",
    "name": "Household Type 1",
    "consCode": "111",
    "year": 2017,
    "revenue": 1000,
    "employees": 100,
    "BvDii": "A",
    "website": "www.website.org",
    "activity": 19
  }
},
{
  "model": "asmfa.actor",
  "pk": 38,
  "fields": {
    "source": false,
    "sink": false,
    "BvDid": "NL00000662",
    "name": "Household Type 2",
    "consCode": "111",
    "year": 2017,
    "revenue": 1000,
    "employees": 100,
    "BvDii": "A",
    "website": "www.website.org",
    "activity": 19
  }
},
{
  "model": "asmfa.actor",
  "pk": 39,
  "fields": {
    "source": false,
    "sink": false,
    "BvDid": "NL00000663",
    "name": "Household Type 3",
    "consCode": "111",
    "year": 2017,
    "revenue": 1000,
    "employees": 100,
    "BvDii": "A",
    "website": "www.website.org",
    "activity": 19
  }
},
{
  "model": "asmfa.actor",
  "pk": 40,
  "fields": {
    "source": false,
    "sink": false,
    "BvDid": "NL00000664",
    "name": "Household Type 4",
    "consCode": "111",
    "year": 2017,
    "revenue": 1000,
    "employees": 100,
    "BvDii": "A",
    "website": "www.website.org",
    "activity": 19
  }
},
{
  "model": "asmfa.actor",
  "pk": 41,
  "fields": {
    "source": false,
    "sink": false,
    "BvDid": "NL00000665",
    "name": "Household Type 5",
    "consCode": "111",
    "year": 2017,
    "revenue": 1000,
    "employees": 100,
    "BvDii": "A",
    "website": "www.website.org",
    "activity": 19
  }
},
{
  "model": "asmfa.actor",
  "pk": 42,
  "fields": {
    "source": false,
    "sink": false,
    "BvDid": "NL00000666",
    "name": "Household Type 6",
    "consCode": "111",
    "year": 2017,
    "revenue": 1000,
    "employees": 100,
    "BvDii": "A",
    "website": "www.website.org",
    "activity": 19
  }
},
{
  "model": "asmfa.actor",
  "pk": 43,
  "fields": {
    "source": false,
    "sink": false,
    "BvDid": "NL00000667",
    "name": "Farm Type 1",
    "consCode": "111",
    "year": 2017,
    "revenue": 1000,
    "employees": 100,
    "BvDii": "A",
    "website": "www.website.org",
    "activity": 18
  }
},
{
  "model": "asmfa.actor",
  "pk": 44,
  "fields": {
    "source": false,
    "sink": false,
    "BvDid": "NL00000668",
    "name": "Farm Type 2",
    "consCode": "111",
    "year": 2017,
    "revenue": 1000,
    "employees": 100,
    "BvDii": "A",
    "website": "www.website.org",
    "activity": 18
  }
},
{
  "model": "asmfa.actor",
  "pk": 45,
  "fields": {
    "source": false,
    "sink": false,
    "BvDid": "NL00000669",
    "name": "Tourism",
    "consCode": "111",
    "year": 2017,
    "revenue": 1000,
    "employees": 100,
    "BvDii": "A",
    "website": "www.website.org",
    "activity": 18
  }
},
{
  "model": "asmfa.actor",
  "pk": 46,
  "fields": {
    "source": false,
    "sink": false,
    "BvDid": "NL00000771",
    "name": "Restaurant 1",
    "consCode": "111",
    "year": 2017,
    "revenue": 1000,
    "employees": 100,
    "BvDii": "A",
    "website": "www.website.org",
    "activity": 22
  }
},
{
  "model": "asmfa.actor",
  "pk": 47,
  "fields": {
    "source": false,
    "sink": false,
    "BvDid": "NL00000772",
    "name": "Restaurant 2",
    "consCode": "111",
    "year": 2017,
    "revenue": 1000,
    "employees": 100,
    "BvDii": "A",
    "website": "www.website.org",
    "activity": 22
  }
},
{
  "model": "asmfa.actor",
  "pk": 48,
  "fields": {
    "source": false,
    "sink": false,
    "BvDid": "NL00000773",
    "name": "Restaurant 3",
    "consCode": "111",
    "year": 2017,
    "revenue": 1000,
    "employees": 100,
    "BvDii": "A",
    "website": "www.website.org",
    "activity": 22
  }
},
{
  "model": "asmfa.actor",
  "pk": 49,
  "fields": {
    "source": false,
    "sink": false,
    "BvDid": "NL00000774",
    "name": "Restaurant 4",
    "consCode": "111",
    "year": 2017,
    "revenue": 1000,
    "employees": 100,
    "BvDii": "A",
    "website": "www.website.org",
    "activity": 22
  }
},
{
  "model": "asmfa.actor",
  "pk": 50,
  "fields": {
    "source": false,
    "sink": false,
    "BvDid": "NL00000775",
    "name": "Bar 1",
    "consCode": "111",
    "year": 2017,
    "revenue": 1000,
    "employees": 100,
    "BvDii": "A",
    "website": "www.website.org",
    "activity": 20
  }
},
{
  "model": "asmfa.actor",
  "pk": 51,
  "fields": {
    "source": false,
    "sink": false,
    "BvDid": "NL00000776",
    "name": "Bar 2",
    "consCode": "111",
    "year": 2017,
    "revenue": 1000,
    "employees": 100,
    "BvDii": "A",
    "website": "www.website.org",
    "activity": 22
  }
},
{
  "model": "asmfa.actor",
  "pk": 52,
  "fields": {
    "source": false,
    "sink": false,
    "BvDid": "NL00000777",
    "name": "Cafe 1",
    "consCode": "111",
    "year": 2017,
    "revenue": 1000,
    "employees": 100,
    "BvDii": "A",
    "website": "www.website.org",
    "activity": 21
  }
},
{
  "model": "asmfa.actor",
  "pk": 53,
  "fields": {
    "source": false,
    "sink": false,
    "BvDid": "NL00000778",
    "name": "Cafe 2",
    "consCode": "111",
    "year": 2017,
    "revenue": 1000,
    "employees": 100,
    "BvDii": "A",
    "website": "www.website.org",
    "activity": 21
  }
},
{
  "model": "asmfa.actor",
  "pk": 54,
  "fields": {
    "source": false,
    "sink": false,
    "BvDid": "NL00000779",
    "name": "Cafe 3",
    "consCode": "111",
    "year": 2017,
    "revenue": 1000,
    "employees": 100,
    "BvDii": "A",
    "website": "www.website.org",
    "activity": 21
  }
},
{
  "model": "asmfa.actor",
  "pk": 55,
  "fields": {
    "source": false,
    "sink": false,
    "BvDid": "NL00000881",
    "name": "Plastic Sorting bv",
    "consCode": "111",
    "year": 2017,
    "revenue": 1000,
    "employees": 100,
    "BvDii": "A",
    "website": "www.website.org",
    "activity": 24
  }
},
{
  "model": "asmfa.actor",
  "pk": 56,
  "fields": {
    "source": false,
    "sink": false,
    "BvDid": "NL00000882",
    "name": "Bottle Sorting bv",
    "consCode": "111",
    "year": 2017,
    "revenue": 1000,
    "employees": 100,
    "BvDii": "A",
    "website": "www.website.org",
    "activity": 24
  }
},
{
  "model": "asmfa.actor",
  "pk": 57,
  "fields": {
    "source": false,
    "sink": false,
    "BvDid": "NL00000883",
    "name": "Bottle Deposit bv",
    "consCode": "111",
    "year": 2017,
    "revenue": 1000,
    "employees": 100,
    "BvDii": "A",
    "website": "www.website.org",
    "activity": 23
  }
},
{
  "model": "asmfa.actor",
  "pk": 58,
  "fields": {
    "source": false,
    "sink": false,
    "BvDid": "NL00000991",
    "name": "MSW collector",
    "consCode": "111",
    "year": 2017,
    "revenue": 1000,
    "employees": 100,
    "BvDii": "A",
    "website": "www.website.org",
    "activity": 25
  }
},
{
  "model": "asmfa.actor",
  "pk": 59,
  "fields": {
    "source": false,
    "sink": false,
    "BvDid": "NL00000992",
    "name": "Food&Plastic waste collector",
    "consCode": "111",
    "year": 2017,
    "revenue": 1000,
    "employees": 100,
    "BvDii": "A",
    "website": "www.website.org",
    "activity": 26
  }
},
{
  "model": "asmfa.actor",
  "pk": 60,
  "fields": {
    "source": false,
    "sink": false,
    "BvDid": "NL00000993",
    "name": "Restaurant waste collector",
    "consCode": "111",
    "year": 2017,
    "revenue": 1000,
    "employees": 100,
    "BvDii": "A",
    "website": "www.website.org",
    "activity": 26
  }
},
{
  "model": "asmfa.actor",
  "pk": 61,
  "fields": {
    "source": false,
    "sink": false,
    "BvDid": "NL00000994",
    "name": "Farm waste collector",
    "consCode": "111",
    "year": 2017,
    "revenue": 1000,
    "employees": 100,
    "BvDii": "A",
    "website": "www.website.org",
    "activity": 27
  }
},
{
  "model": "asmfa.actor",
  "pk": 62,
  "fields": {
    "source": false,
    "sink": true,
    "BvDid": "ee00000000",
    "name": "Export",
    "consCode": "",
    "year": 0,
    "revenue": 0,
    "employees": 0,
    "BvDii": "",
    "website": "",
    "activity": 28
  }
},
{
  "model": "asmfa.actor",
  "pk": 63,
  "fields": {
    "source": true,
    "sink": false,
    "BvDid": "ii00000000",
    "name": "Import",
    "consCode": "",
    "year": 0,
    "revenue": 0,
    "employees": 0,
    "BvDii": "",
    "website": "",
    "activity": 29
  }
},
{
  "model": "asmfa.group2group",
  "pk": 24,
  "fields": {
    "amount": 10,
    "casestudy": 1,
    "destination": 10,
    "origin": 9,
    "material": 1,
    "quality": 4
  }
},
{
  "model": "asmfa.group2group",
  "pk": 25,
  "fields": {
    "amount": 50,
    "casestudy": 1,
    "destination": 6,
    "origin": 4,
    "material": 1,
    "quality": 1
  }
},
{
  "model": "asmfa.group2group",
  "pk": 26,
  "fields": {
    "amount": 5,
    "casestudy": 1,
    "destination": 9,
    "origin": 4,
    "material": 1,
    "quality": 1
  }
},
{
  "model": "asmfa.group2group",
  "pk": 27,
  "fields": {
    "amount": 10,
    "casestudy": 1,
    "destination": 11,
    "origin": 3,
    "material": 1,
    "quality": 1
  }
},
{
  "model": "asmfa.group2group",
  "pk": 28,
  "fields": {
    "amount": 50,
    "casestudy": 1,
    "destination": 8,
    "origin": 12,
    "material": 1,
    "quality": 1
  }
},
{
  "model": "asmfa.group2group",
  "pk": 29,
  "fields": {
    "amount": 30,
    "casestudy": 1,
    "destination": 2,
    "origin": 1,
    "material": 1,
    "quality": 3
  }
},
{
  "model": "asmfa.group2group",
  "pk": 30,
  "fields": {
    "amount": 50,
    "casestudy": 1,
    "destination": 6,
    "origin": 5,
    "material": 1,
    "quality": 1
  }
},
{
  "model": "asmfa.group2group",
  "pk": 31,
  "fields": {
    "amount": 50,
    "casestudy": 1,
    "destination": 1,
    "origin": 8,
    "material": 1,
    "quality": 1
  }
},
{
  "model": "asmfa.group2group",
  "pk": 32,
  "fields": {
    "amount": 30,
    "casestudy": 1,
    "destination": 5,
    "origin": 7,
    "material": 1,
    "quality": 1
  }
},
{
  "model": "asmfa.group2group",
  "pk": 33,
  "fields": {
    "amount": 50,
    "casestudy": 1,
    "destination": 9,
    "origin": 3,
    "material": 1,
    "quality": 1
  }
},
{
  "model": "asmfa.group2group",
  "pk": 34,
  "fields": {
    "amount": 30,
    "casestudy": 1,
    "destination": 2,
    "origin": 9,
    "material": 1,
    "quality": 3
  }
},
{
  "model": "asmfa.group2group",
  "pk": 35,
  "fields": {
    "amount": 5,
    "casestudy": 1,
    "destination": 10,
    "origin": 4,
    "material": 1,
    "quality": 4
  }
},
{
  "model": "asmfa.group2group",
  "pk": 36,
  "fields": {
    "amount": 5,
    "casestudy": 1,
    "destination": 11,
    "origin": 1,
    "material": 1,
    "quality": 1
  }
},
{
  "model": "asmfa.group2group",
  "pk": 37,
  "fields": {
    "amount": 100,
    "casestudy": 1,
    "destination": 3,
    "origin": 6,
    "material": 1,
    "quality": 1
  }
},
{
  "model": "asmfa.group2group",
  "pk": 38,
  "fields": {
    "amount": 10,
    "casestudy": 1,
    "destination": 7,
    "origin": 9,
    "material": 1,
    "quality": 2
  }
},
{
  "model": "asmfa.group2group",
  "pk": 39,
  "fields": {
    "amount": 30,
    "casestudy": 1,
    "destination": 8,
    "origin": 3,
    "material": 1,
    "quality": 1
  }
},
{
  "model": "asmfa.group2group",
  "pk": 40,
  "fields": {
    "amount": 20,
    "casestudy": 1,
    "destination": 7,
    "origin": 1,
    "material": 1,
    "quality": 2
  }
},
{
  "model": "asmfa.group2group",
  "pk": 41,
  "fields": {
    "amount": 10,
    "casestudy": 1,
    "destination": 11,
    "origin": 8,
    "material": 1,
    "quality": 1
  }
},
{
  "model": "asmfa.group2group",
  "pk": 42,
  "fields": {
    "amount": 5,
    "casestudy": 1,
    "destination": 10,
    "origin": 5,
    "material": 1,
    "quality": 4
  }
},
{
  "model": "asmfa.group2group",
  "pk": 43,
  "fields": {
    "amount": 10,
    "casestudy": 1,
    "destination": 10,
    "origin": 8,
    "material": 1,
    "quality": 4
  }
},
{
  "model": "asmfa.group2group",
  "pk": 44,
  "fields": {
    "amount": 50,
    "casestudy": 1,
    "destination": 10,
    "origin": 2,
    "material": 1,
    "quality": 4
  }
},
{
  "model": "asmfa.group2group",
  "pk": 45,
  "fields": {
    "amount": 10,
    "casestudy": 1,
    "destination": 11,
    "origin": 4,
    "material": 1,
    "quality": 1
  }
},
{
  "model": "asmfa.group2group",
  "pk": 46,
  "fields": {
    "amount": 5,
    "casestudy": 1,
    "destination": 1,
    "origin": 4,
    "material": 1,
    "quality": 1
  }
},
{
  "model": "asmfa.activity2activity",
  "pk": 55,
  "fields": {
    "amount": 5,
    "casestudy": 1,
    "destination": 27,
    "origin": 18,
    "material": 1,
    "quality": 3
  }
},
{
  "model": "asmfa.activity2activity",
  "pk": 56,
  "fields": {
    "amount": 5,
    "casestudy": 1,
    "destination": 20,
    "origin": 14,
    "material": 1,
    "quality": 1
  }
},
{
  "model": "asmfa.activity2activity",
  "pk": 57,
  "fields": {
    "amount": 5,
    "casestudy": 1,
    "destination": 28,
    "origin": 18,
    "material": 1,
    "quality": 1
  }
},
{
  "model": "asmfa.activity2activity",
  "pk": 58,
  "fields": {
    "amount": 15,
    "casestudy": 1,
    "destination": 24,
    "origin": 19,
    "material": 1,
    "quality": 2
  }
},
{
  "model": "asmfa.activity2activity",
  "pk": 59,
  "fields": {
    "amount": 10,
    "casestudy": 1,
    "destination": 13,
    "origin": 10,
    "material": 1,
    "quality": 1
  }
},
{
  "model": "asmfa.activity2activity",
  "pk": 60,
  "fields": {
    "amount": 10,
    "casestudy": 1,
    "destination": 28,
    "origin": 13,
    "material": 1,
    "quality": 1
  }
},
{
  "model": "asmfa.activity2activity",
  "pk": 61,
  "fields": {
    "amount": 5,
    "casestudy": 1,
    "destination": 1,
    "origin": 17,
    "material": 1,
    "quality": 4
  }
},
{
  "model": "asmfa.activity2activity",
  "pk": 62,
  "fields": {
    "amount": 10,
    "casestudy": 1,
    "destination": 18,
    "origin": 15,
    "material": 1,
    "quality": 1
  }
},
{
  "model": "asmfa.activity2activity",
  "pk": 63,
  "fields": {
    "amount": 40,
    "casestudy": 1,
    "destination": 14,
    "origin": 9,
    "material": 1,
    "quality": 1
  }
},
{
  "model": "asmfa.activity2activity",
  "pk": 64,
  "fields": {
    "amount": 10,
    "casestudy": 1,
    "destination": 28,
    "origin": 4,
    "material": 1,
    "quality": 1
  }
},
{
  "model": "asmfa.activity2activity",
  "pk": 65,
  "fields": {
    "amount": 35,
    "casestudy": 1,
    "destination": 1,
    "origin": 25,
    "material": 1,
    "quality": 4
  }
},
{
  "model": "asmfa.activity2activity",
  "pk": 66,
  "fields": {
    "amount": 5,
    "casestudy": 1,
    "destination": 26,
    "origin": 18,
    "material": 1,
    "quality": 3
  }
},
{
  "model": "asmfa.activity2activity",
  "pk": 67,
  "fields": {
    "amount": 10,
    "casestudy": 1,
    "destination": 15,
    "origin": 14,
    "material": 1,
    "quality": 1
  }
},
{
  "model": "asmfa.activity2activity",
  "pk": 68,
  "fields": {
    "amount": 25,
    "casestudy": 1,
    "destination": 11,
    "origin": 8,
    "material": 1,
    "quality": 1
  }
},
{
  "model": "asmfa.activity2activity",
  "pk": 69,
  "fields": {
    "amount": 10,
    "casestudy": 1,
    "destination": 25,
    "origin": 21,
    "material": 1,
    "quality": 3
  }
},
{
  "model": "asmfa.activity2activity",
  "pk": 70,
  "fields": {
    "amount": 40,
    "casestudy": 1,
    "destination": 13,
    "origin": 11,
    "material": 1,
    "quality": 1
  }
},
{
  "model": "asmfa.activity2activity",
  "pk": 71,
  "fields": {
    "amount": 5,
    "casestudy": 1,
    "destination": 25,
    "origin": 18,
    "material": 1,
    "quality": 3
  }
},
{
  "model": "asmfa.activity2activity",
  "pk": 72,
  "fields": {
    "amount": 5,
    "casestudy": 1,
    "destination": 7,
    "origin": 23,
    "material": 1,
    "quality": 1
  }
},
{
  "model": "asmfa.activity2activity",
  "pk": 73,
  "fields": {
    "amount": 20,
    "casestudy": 1,
    "destination": 9,
    "origin": 7,
    "material": 1,
    "quality": 1
  }
},
{
  "model": "asmfa.activity2activity",
  "pk": 74,
  "fields": {
    "amount": 5,
    "casestudy": 1,
    "destination": 11,
    "origin": 4,
    "material": 1,
    "quality": 1
  }
},
{
  "model": "asmfa.activity2activity",
  "pk": 75,
  "fields": {
    "amount": 10,
    "casestudy": 1,
    "destination": 11,
    "origin": 3,
    "material": 1,
    "quality": 1
  }
},
{
  "model": "asmfa.activity2activity",
  "pk": 76,
  "fields": {
    "amount": 15,
    "casestudy": 1,
    "destination": 25,
    "origin": 22,
    "material": 1,
    "quality": 3
  }
},
{
  "model": "asmfa.activity2activity",
  "pk": 77,
  "fields": {
    "amount": 5,
    "casestudy": 1,
    "destination": 9,
    "origin": 6,
    "material": 1,
    "quality": 1
  }
},
{
  "model": "asmfa.activity2activity",
  "pk": 78,
  "fields": {
    "amount": 15,
    "casestudy": 1,
    "destination": 1,
    "origin": 26,
    "material": 1,
    "quality": 4
  }
},
{
  "model": "asmfa.activity2activity",
  "pk": 79,
  "fields": {
    "amount": 5,
    "casestudy": 1,
    "destination": 10,
    "origin": 8,
    "material": 1,
    "quality": 1
  }
},
{
  "model": "asmfa.activity2activity",
  "pk": 80,
  "fields": {
    "amount": 10,
    "casestudy": 1,
    "destination": 9,
    "origin": 3,
    "material": 1,
    "quality": 1
  }
},
{
  "model": "asmfa.activity2activity",
  "pk": 81,
  "fields": {
    "amount": 5,
    "casestudy": 1,
    "destination": 22,
    "origin": 13,
    "material": 1,
    "quality": 1
  }
},
{
  "model": "asmfa.activity2activity",
  "pk": 82,
  "fields": {
    "amount": 5,
    "casestudy": 1,
    "destination": 2,
    "origin": 8,
    "material": 1,
    "quality": 4
  }
},
{
  "model": "asmfa.activity2activity",
  "pk": 83,
  "fields": {
    "amount": 5,
    "casestudy": 1,
    "destination": 1,
    "origin": 16,
    "material": 1,
    "quality": 4
  }
},
{
  "model": "asmfa.activity2activity",
  "pk": 84,
  "fields": {
    "amount": 30,
    "casestudy": 1,
    "destination": 19,
    "origin": 16,
    "material": 1,
    "quality": 1
  }
},
{
  "model": "asmfa.activity2activity",
  "pk": 85,
  "fields": {
    "amount": 10,
    "casestudy": 1,
    "destination": 26,
    "origin": 19,
    "material": 1,
    "quality": 3
  }
},
{
  "model": "asmfa.activity2activity",
  "pk": 86,
  "fields": {
    "amount": 10,
    "casestudy": 1,
    "destination": 18,
    "origin": 16,
    "material": 1,
    "quality": 1
  }
},
{
  "model": "asmfa.activity2activity",
  "pk": 87,
  "fields": {
    "amount": 10,
    "casestudy": 1,
    "destination": 28,
    "origin": 15,
    "material": 1,
    "quality": 1
  }
},
{
  "model": "asmfa.activity2activity",
  "pk": 88,
  "fields": {
    "amount": 5,
    "casestudy": 1,
    "destination": 17,
    "origin": 14,
    "material": 1,
    "quality": 1
  }
},
{
  "model": "asmfa.activity2activity",
  "pk": 89,
  "fields": {
    "amount": 5,
    "casestudy": 1,
    "destination": 2,
    "origin": 22,
    "material": 1,
    "quality": 4
  }
},
{
  "model": "asmfa.activity2activity",
  "pk": 90,
  "fields": {
    "amount": 5,
    "casestudy": 1,
    "destination": 7,
    "origin": 24,
    "material": 1,
    "quality": 1
  }
},
{
  "model": "asmfa.activity2activity",
  "pk": 91,
  "fields": {
    "amount": 5,
    "casestudy": 1,
    "destination": 22,
    "origin": 5,
    "material": 1,
    "quality": 1
  }
},
{
  "model": "asmfa.activity2activity",
  "pk": 92,
  "fields": {
    "amount": 5,
    "casestudy": 1,
    "destination": 16,
    "origin": 13,
    "material": 1,
    "quality": 1
  }
},
{
  "model": "asmfa.activity2activity",
  "pk": 93,
  "fields": {
    "amount": 5,
    "casestudy": 1,
    "destination": 1,
    "origin": 5,
    "material": 1,
    "quality": 4
  }
},
{
  "model": "asmfa.activity2activity",
  "pk": 94,
  "fields": {
    "amount": 5,
    "casestudy": 1,
    "destination": 24,
    "origin": 22,
    "material": 1,
    "quality": 2
  }
},
{
  "model": "asmfa.activity2activity",
  "pk": 95,
  "fields": {
    "amount": 20,
    "casestudy": 1,
    "destination": 8,
    "origin": 24,
    "material": 1,
    "quality": 1
  }
},
{
  "model": "asmfa.activity2activity",
  "pk": 96,
  "fields": {
    "amount": 10,
    "casestudy": 1,
    "destination": 12,
    "origin": 9,
    "material": 1,
    "quality": 1
  }
},
{
  "model": "asmfa.activity2activity",
  "pk": 97,
  "fields": {
    "amount": 10,
    "casestudy": 1,
    "destination": 15,
    "origin": 12,
    "material": 1,
    "quality": 1
  }
},
{
  "model": "asmfa.activity2activity",
  "pk": 98,
  "fields": {
    "amount": 15,
    "casestudy": 1,
    "destination": 9,
    "origin": 4,
    "material": 1,
    "quality": 1
  }
},
{
  "model": "asmfa.activity2activity",
  "pk": 99,
  "fields": {
    "amount": 20,
    "casestudy": 1,
    "destination": 22,
    "origin": 14,
    "material": 1,
    "quality": 1
  }
},
{
  "model": "asmfa.activity2activity",
  "pk": 100,
  "fields": {
    "amount": 5,
    "casestudy": 1,
    "destination": 23,
    "origin": 19,
    "material": 1,
    "quality": 2
  }
},
{
  "model": "asmfa.activity2activity",
  "pk": 101,
  "fields": {
    "amount": 5,
    "casestudy": 1,
    "destination": 10,
    "origin": 6,
    "material": 1,
    "quality": 1
  }
},
{
  "model": "asmfa.activity2activity",
  "pk": 102,
  "fields": {
    "amount": 5,
    "casestudy": 1,
    "destination": 25,
    "origin": 19,
    "material": 1,
    "quality": 3
  }
},
{
  "model": "asmfa.activity2activity",
  "pk": 103,
  "fields": {
    "amount": 5,
    "casestudy": 1,
    "destination": 2,
    "origin": 20,
    "material": 1,
    "quality": 4
  }
},
{
  "model": "asmfa.activity2activity",
  "pk": 104,
  "fields": {
    "amount": 50,
    "casestudy": 1,
    "destination": 16,
    "origin": 29,
    "material": 1,
    "quality": 1
  }
},
{
  "model": "asmfa.activity2activity",
  "pk": 105,
  "fields": {
    "amount": 20,
    "casestudy": 1,
    "destination": 21,
    "origin": 13,
    "material": 1,
    "quality": 1
  }
},
{
  "model": "asmfa.activity2activity",
  "pk": 106,
  "fields": {
    "amount": 5,
    "casestudy": 1,
    "destination": 19,
    "origin": 5,
    "material": 1,
    "quality": 1
  }
},
{
  "model": "asmfa.activity2activity",
  "pk": 107,
  "fields": {
    "amount": 5,
    "casestudy": 1,
    "destination": 26,
    "origin": 22,
    "material": 1,
    "quality": 3
  }
},
{
  "model": "asmfa.activity2activity",
  "pk": 108,
  "fields": {
    "amount": 5,
    "casestudy": 1,
    "destination": 24,
    "origin": 21,
    "material": 1,
    "quality": 2
  }
},
{
  "model": "asmfa.actor2actor",
  "pk": 1,
  "fields": {
    "amount": 5,
    "casestudy": 1,
    "destination": 1,
    "origin": 4,
    "material": 1,
    "quality": 4
  }
},
{
  "model": "asmfa.actor2actor",
  "pk": 2,
  "fields": {
    "amount": 5,
    "casestudy": 1,
    "destination": 46,
    "origin": 5,
    "material": 1,
    "quality": 1
  }
},
{
  "model": "asmfa.actor2actor",
  "pk": 3,
  "fields": {
    "amount": 5,
    "casestudy": 1,
    "destination": 37,
    "origin": 6,
    "material": 1,
    "quality": 1
  }
},
{
  "model": "asmfa.actor2actor",
  "pk": 4,
  "fields": {
    "amount": 5,
    "casestudy": 1,
    "destination": 18,
    "origin": 7,
    "material": 1,
    "quality": 1
  }
},
{
  "model": "asmfa.actor2actor",
  "pk": 5,
  "fields": {
    "amount": 5,
    "casestudy": 1,
    "destination": 19,
    "origin": 8,
    "material": 1,
    "quality": 1
  }
},
{
  "model": "asmfa.actor2actor",
  "pk": 6,
  "fields": {
    "amount": 5,
    "casestudy": 1,
    "destination": 20,
    "origin": 9,
    "material": 1,
    "quality": 1
  }
},
{
  "model": "asmfa.actor2actor",
  "pk": 7,
  "fields": {
    "amount": 5,
    "casestudy": 1,
    "destination": 21,
    "origin": 10,
    "material": 1,
    "quality": 1
  }
},
{
  "model": "asmfa.actor2actor",
  "pk": 8,
  "fields": {
    "amount": 5,
    "casestudy": 1,
    "destination": 22,
    "origin": 11,
    "material": 1,
    "quality": 1
  }
},
{
  "model": "asmfa.actor2actor",
  "pk": 9,
  "fields": {
    "amount": 5,
    "casestudy": 1,
    "destination": 18,
    "origin": 12,
    "material": 1,
    "quality": 1
  }
},
{
  "model": "asmfa.actor2actor",
  "pk": 10,
  "fields": {
    "amount": 5,
    "casestudy": 1,
    "destination": 19,
    "origin": 3,
    "material": 1,
    "quality": 1
  }
},
{
  "model": "asmfa.actor2actor",
  "pk": 11,
  "fields": {
    "amount": 5,
    "casestudy": 1,
    "destination": 20,
    "origin": 3,
    "material": 1,
    "quality": 1
  }
},
{
  "model": "asmfa.actor2actor",
  "pk": 12,
  "fields": {
    "amount": 10,
    "casestudy": 1,
    "destination": 18,
    "origin": 3,
    "material": 1,
    "quality": 1
  }
},
{
  "model": "asmfa.actor2actor",
  "pk": 13,
  "fields": {
    "amount": 10,
    "casestudy": 1,
    "destination": 62,
    "origin": 3,
    "material": 1,
    "quality": 1
  }
},
{
  "model": "asmfa.actor2actor",
  "pk": 14,
  "fields": {
    "amount": 5,
    "casestudy": 1,
    "destination": 18,
    "origin": 13,
    "material": 1,
    "quality": 1
  }
},
{
  "model": "asmfa.actor2actor",
  "pk": 15,
  "fields": {
    "amount": 5,
    "casestudy": 1,
    "destination": 18,
    "origin": 14,
    "material": 1,
    "quality": 1
  }
},
{
  "model": "asmfa.actor2actor",
  "pk": 16,
  "fields": {
    "amount": 10,
    "casestudy": 1,
    "destination": 19,
    "origin": 14,
    "material": 1,
    "quality": 1
  }
},
{
  "model": "asmfa.actor2actor",
  "pk": 17,
  "fields": {
    "amount": 10,
    "casestudy": 1,
    "destination": 20,
    "origin": 15,
    "material": 1,
    "quality": 1
  }
},
{
  "model": "asmfa.actor2actor",
  "pk": 18,
  "fields": {
    "amount": 5,
    "casestudy": 1,
    "destination": 21,
    "origin": 16,
    "material": 1,
    "quality": 1
  }
},
{
  "model": "asmfa.actor2actor",
  "pk": 19,
  "fields": {
    "amount": 10,
    "casestudy": 1,
    "destination": 21,
    "origin": 17,
    "material": 1,
    "quality": 1
  }
},
{
  "model": "asmfa.actor2actor",
  "pk": 20,
  "fields": {
    "amount": 5,
    "casestudy": 1,
    "destination": 22,
    "origin": 17,
    "material": 1,
    "quality": 1
  }
},
{
  "model": "asmfa.actor2actor",
  "pk": 21,
  "fields": {
    "amount": 5,
    "casestudy": 1,
    "destination": 2,
    "origin": 17,
    "material": 1,
    "quality": 4
  }
},
{
  "model": "asmfa.actor2actor",
  "pk": 22,
  "fields": {
    "amount": 5,
    "casestudy": 1,
    "destination": 23,
    "origin": 18,
    "material": 1,
    "quality": 1
  }
},
{
  "model": "asmfa.actor2actor",
  "pk": 23,
  "fields": {
    "amount": 25,
    "casestudy": 1,
    "destination": 24,
    "origin": 18,
    "material": 1,
    "quality": 1
  }
},
{
  "model": "asmfa.actor2actor",
  "pk": 24,
  "fields": {
    "amount": 5,
    "casestudy": 1,
    "destination": 23,
    "origin": 19,
    "material": 1,
    "quality": 1
  }
},
{
  "model": "asmfa.actor2actor",
  "pk": 25,
  "fields": {
    "amount": 15,
    "casestudy": 1,
    "destination": 24,
    "origin": 19,
    "material": 1,
    "quality": 1
  }
},
{
  "model": "asmfa.actor2actor",
  "pk": 26,
  "fields": {
    "amount": 20,
    "casestudy": 1,
    "destination": 25,
    "origin": 20,
    "material": 1,
    "quality": 1
  }
},
{
  "model": "asmfa.actor2actor",
  "pk": 27,
  "fields": {
    "amount": 20,
    "casestudy": 1,
    "destination": 25,
    "origin": 21,
    "material": 1,
    "quality": 1
  }
},
{
  "model": "asmfa.actor2actor",
  "pk": 28,
  "fields": {
    "amount": 10,
    "casestudy": 1,
    "destination": 25,
    "origin": 22,
    "material": 1,
    "quality": 1
  }
},
{
  "model": "asmfa.actor2actor",
  "pk": 29,
  "fields": {
    "amount": 10,
    "casestudy": 1,
    "destination": 27,
    "origin": 63,
    "material": 1,
    "quality": 1
  }
},
{
  "model": "asmfa.actor2actor",
  "pk": 30,
  "fields": {
    "amount": 10,
    "casestudy": 1,
    "destination": 28,
    "origin": 63,
    "material": 1,
    "quality": 1
  }
},
{
  "model": "asmfa.actor2actor",
  "pk": 31,
  "fields": {
    "amount": 10,
    "casestudy": 1,
    "destination": 29,
    "origin": 63,
    "material": 1,
    "quality": 1
  }
},
{
  "model": "asmfa.actor2actor",
  "pk": 32,
  "fields": {
    "amount": 10,
    "casestudy": 1,
    "destination": 30,
    "origin": 63,
    "material": 1,
    "quality": 1
  }
},
{
  "model": "asmfa.actor2actor",
  "pk": 33,
  "fields": {
    "amount": 10,
    "casestudy": 1,
    "destination": 31,
    "origin": 63,
    "material": 1,
    "quality": 1
  }
},
{
  "model": "asmfa.actor2actor",
  "pk": 34,
  "fields": {
    "amount": 5,
    "casestudy": 1,
    "destination": 32,
    "origin": 23,
    "material": 1,
    "quality": 1
  }
},
{
  "model": "asmfa.actor2actor",
  "pk": 35,
  "fields": {
    "amount": 5,
    "casestudy": 1,
    "destination": 33,
    "origin": 23,
    "material": 1,
    "quality": 1
  }
},
{
  "model": "asmfa.actor2actor",
  "pk": 36,
  "fields": {
    "amount": 5,
    "casestudy": 1,
    "destination": 34,
    "origin": 24,
    "material": 1,
    "quality": 1
  }
},
{
  "model": "asmfa.actor2actor",
  "pk": 37,
  "fields": {
    "amount": 5,
    "casestudy": 1,
    "destination": 35,
    "origin": 24,
    "material": 1,
    "quality": 1
  }
},
{
  "model": "asmfa.actor2actor",
  "pk": 38,
  "fields": {
    "amount": 5,
    "casestudy": 1,
    "destination": 26,
    "origin": 24,
    "material": 1,
    "quality": 1
  }
},
{
  "model": "asmfa.actor2actor",
  "pk": 39,
  "fields": {
    "amount": 5,
    "casestudy": 1,
    "destination": 46,
    "origin": 24,
    "material": 1,
    "quality": 1
  }
},
{
  "model": "asmfa.actor2actor",
  "pk": 40,
  "fields": {
    "amount": 5,
    "casestudy": 1,
    "destination": 47,
    "origin": 24,
    "material": 1,
    "quality": 1
  }
},
{
  "model": "asmfa.actor2actor",
  "pk": 41,
  "fields": {
    "amount": 5,
    "casestudy": 1,
    "destination": 48,
    "origin": 24,
    "material": 1,
    "quality": 1
  }
},
{
  "model": "asmfa.actor2actor",
  "pk": 42,
  "fields": {
    "amount": 5,
    "casestudy": 1,
    "destination": 49,
    "origin": 24,
    "material": 1,
    "quality": 1
  }
},
{
  "model": "asmfa.actor2actor",
  "pk": 43,
  "fields": {
    "amount": 5,
    "casestudy": 1,
    "destination": 50,
    "origin": 24,
    "material": 1,
    "quality": 1
  }
},
{
  "model": "asmfa.actor2actor",
  "pk": 44,
  "fields": {
    "amount": 5,
    "casestudy": 1,
    "destination": 51,
    "origin": 25,
    "material": 1,
    "quality": 1
  }
},
{
  "model": "asmfa.actor2actor",
  "pk": 45,
  "fields": {
    "amount": 5,
    "casestudy": 1,
    "destination": 52,
    "origin": 25,
    "material": 1,
    "quality": 1
  }
},
{
  "model": "asmfa.actor2actor",
  "pk": 46,
  "fields": {
    "amount": 5,
    "casestudy": 1,
    "destination": 53,
    "origin": 25,
    "material": 1,
    "quality": 1
  }
},
{
  "model": "asmfa.actor2actor",
  "pk": 47,
  "fields": {
    "amount": 10,
    "casestudy": 1,
    "destination": 54,
    "origin": 25,
    "material": 1,
    "quality": 1
  }
},
{
  "model": "asmfa.actor2actor",
  "pk": 48,
  "fields": {
    "amount": 10,
    "casestudy": 1,
    "destination": 62,
    "origin": 25,
    "material": 1,
    "quality": 1
  }
},
{
  "model": "asmfa.actor2actor",
  "pk": 49,
  "fields": {
    "amount": 5,
    "casestudy": 1,
    "destination": 30,
    "origin": 25,
    "material": 1,
    "quality": 1
  }
},
{
  "model": "asmfa.actor2actor",
  "pk": 50,
  "fields": {
    "amount": 5,
    "casestudy": 1,
    "destination": 1,
    "origin": 26,
    "material": 1,
    "quality": 4
  }
},
{
  "model": "asmfa.actor2actor",
  "pk": 51,
  "fields": {
    "amount": 5,
    "casestudy": 1,
    "destination": 1,
    "origin": 27,
    "material": 1,
    "quality": 4
  }
},
{
  "model": "asmfa.actor2actor",
  "pk": 52,
  "fields": {
    "amount": 5,
    "casestudy": 1,
    "destination": 37,
    "origin": 29,
    "material": 1,
    "quality": 1
  }
},
{
  "model": "asmfa.actor2actor",
  "pk": 53,
  "fields": {
    "amount": 5,
    "casestudy": 1,
    "destination": 38,
    "origin": 29,
    "material": 1,
    "quality": 1
  }
},
{
  "model": "asmfa.actor2actor",
  "pk": 54,
  "fields": {
    "amount": 5,
    "casestudy": 1,
    "destination": 39,
    "origin": 28,
    "material": 1,
    "quality": 1
  }
},
{
  "model": "asmfa.actor2actor",
  "pk": 55,
  "fields": {
    "amount": 5,
    "casestudy": 1,
    "destination": 40,
    "origin": 30,
    "material": 1,
    "quality": 1
  }
},
{
  "model": "asmfa.actor2actor",
  "pk": 56,
  "fields": {
    "amount": 5,
    "casestudy": 1,
    "destination": 41,
    "origin": 30,
    "material": 1,
    "quality": 1
  }
},
{
  "model": "asmfa.actor2actor",
  "pk": 57,
  "fields": {
    "amount": 5,
    "casestudy": 1,
    "destination": 42,
    "origin": 30,
    "material": 1,
    "quality": 1
  }
},
{
  "model": "asmfa.actor2actor",
  "pk": 58,
  "fields": {
    "amount": 5,
    "casestudy": 1,
    "destination": 43,
    "origin": 31,
    "material": 1,
    "quality": 1
  }
},
{
  "model": "asmfa.actor2actor",
  "pk": 59,
  "fields": {
    "amount": 5,
    "casestudy": 1,
    "destination": 44,
    "origin": 31,
    "material": 1,
    "quality": 1
  }
},
{
  "model": "asmfa.actor2actor",
  "pk": 60,
  "fields": {
    "amount": 5,
    "casestudy": 1,
    "destination": 45,
    "origin": 32,
    "material": 1,
    "quality": 1
  }
},
{
  "model": "asmfa.actor2actor",
  "pk": 61,
  "fields": {
    "amount": 5,
    "casestudy": 1,
    "destination": 36,
    "origin": 33,
    "material": 1,
    "quality": 1
  }
},
{
  "model": "asmfa.actor2actor",
  "pk": 62,
  "fields": {
    "amount": 5,
    "casestudy": 1,
    "destination": 62,
    "origin": 34,
    "material": 1,
    "quality": 1
  }
},
{
  "model": "asmfa.actor2actor",
  "pk": 63,
  "fields": {
    "amount": 5,
    "casestudy": 1,
    "destination": 62,
    "origin": 35,
    "material": 1,
    "quality": 1
  }
},
{
  "model": "asmfa.actor2actor",
  "pk": 75,
  "fields": {
    "amount": 5,
    "casestudy": 1,
    "destination": 58,
    "origin": 36,
    "material": 1,
    "quality": 3
  }
},
{
  "model": "asmfa.actor2actor",
  "pk": 76,
  "fields": {
    "amount": 5,
    "casestudy": 1,
    "destination": 58,
    "origin": 37,
    "material": 1,
    "quality": 3
  }
},
{
  "model": "asmfa.actor2actor",
  "pk": 77,
  "fields": {
    "amount": 5,
    "casestudy": 1,
    "destination": 55,
    "origin": 37,
    "material": 1,
    "quality": 2
  }
},
{
  "model": "asmfa.actor2actor",
  "pk": 78,
  "fields": {
    "amount": 5,
    "casestudy": 1,
    "destination": 55,
    "origin": 38,
    "material": 1,
    "quality": 2
  }
},
{
  "model": "asmfa.actor2actor",
  "pk": 79,
  "fields": {
    "amount": 5,
    "casestudy": 1,
    "destination": 56,
    "origin": 39,
    "material": 1,
    "quality": 2
  }
},
{
  "model": "asmfa.actor2actor",
  "pk": 80,
  "fields": {
    "amount": 5,
    "casestudy": 1,
    "destination": 57,
    "origin": 40,
    "material": 1,
    "quality": 2
  }
},
{
  "model": "asmfa.actor2actor",
  "pk": 81,
  "fields": {
    "amount": 5,
    "casestudy": 1,
    "destination": 59,
    "origin": 41,
    "material": 1,
    "quality": 3
  }
},
{
  "model": "asmfa.actor2actor",
  "pk": 82,
  "fields": {
    "amount": 5,
    "casestudy": 1,
    "destination": 59,
    "origin": 42,
    "material": 1,
    "quality": 3
  }
},
{
  "model": "asmfa.actor2actor",
  "pk": 83,
  "fields": {
    "amount": 5,
    "casestudy": 1,
    "destination": 61,
    "origin": 43,
    "material": 1,
    "quality": 3
  }
},
{
  "model": "asmfa.actor2actor",
  "pk": 84,
  "fields": {
    "amount": 5,
    "casestudy": 1,
    "destination": 60,
    "origin": 44,
    "material": 1,
    "quality": 3
  }
},
{
  "model": "asmfa.actor2actor",
  "pk": 85,
  "fields": {
    "amount": 5,
    "casestudy": 1,
    "destination": 62,
    "origin": 45,
    "material": 1,
    "quality": 1
  }
},
{
  "model": "asmfa.actor2actor",
  "pk": 86,
  "fields": {
    "amount": 5,
    "casestudy": 1,
    "destination": 2,
    "origin": 46,
    "material": 1,
    "quality": 4
  }
},
{
  "model": "asmfa.actor2actor",
  "pk": 87,
  "fields": {
    "amount": 5,
    "casestudy": 1,
    "destination": 58,
    "origin": 46,
    "material": 1,
    "quality": 3
  }
},
{
  "model": "asmfa.actor2actor",
  "pk": 88,
  "fields": {
    "amount": 5,
    "casestudy": 1,
    "destination": 58,
    "origin": 47,
    "material": 1,
    "quality": 3
  }
},
{
  "model": "asmfa.actor2actor",
  "pk": 89,
  "fields": {
    "amount": 5,
    "casestudy": 1,
    "destination": 59,
    "origin": 48,
    "material": 1,
    "quality": 3
  }
},
{
  "model": "asmfa.actor2actor",
  "pk": 90,
  "fields": {
    "amount": 5,
    "casestudy": 1,
    "destination": 58,
    "origin": 49,
    "material": 1,
    "quality": 3
  }
},
{
  "model": "asmfa.actor2actor",
  "pk": 91,
  "fields": {
    "amount": 5,
    "casestudy": 1,
    "destination": 2,
    "origin": 50,
    "material": 1,
    "quality": 4
  }
},
{
  "model": "asmfa.actor2actor",
  "pk": 92,
  "fields": {
    "amount": 5,
    "casestudy": 1,
    "destination": 55,
    "origin": 51,
    "material": 1,
    "quality": 2
  }
},
{
  "model": "asmfa.actor2actor",
  "pk": 93,
  "fields": {
    "amount": 5,
    "casestudy": 1,
    "destination": 55,
    "origin": 52,
    "material": 1,
    "quality": 2
  }
},
{
  "model": "asmfa.actor2actor",
  "pk": 94,
  "fields": {
    "amount": 5,
    "casestudy": 1,
    "destination": 58,
    "origin": 53,
    "material": 1,
    "quality": 3
  }
},
{
  "model": "asmfa.actor2actor",
  "pk": 95,
  "fields": {
    "amount": 5,
    "casestudy": 1,
    "destination": 58,
    "origin": 54,
    "material": 1,
    "quality": 3
  }
},
{
  "model": "asmfa.actor2actor",
  "pk": 96,
  "fields": {
    "amount": 20,
    "casestudy": 1,
    "destination": 17,
    "origin": 55,
    "material": 1,
    "quality": 1
  }
},
{
  "model": "asmfa.actor2actor",
  "pk": 97,
  "fields": {
    "amount": 5,
    "casestudy": 1,
    "destination": 13,
    "origin": 56,
    "material": 1,
    "quality": 1
  }
},
{
  "model": "asmfa.actor2actor",
  "pk": 98,
  "fields": {
    "amount": 5,
    "casestudy": 1,
    "destination": 14,
    "origin": 57,
    "material": 1,
    "quality": 1
  }
},
{
  "model": "asmfa.actor2actor",
  "pk": 99,
  "fields": {
    "amount": 35,
    "casestudy": 1,
    "destination": 1,
    "origin": 58,
    "material": 1,
    "quality": 4
  }
},
{
  "model": "asmfa.actor2actor",
  "pk": 100,
  "fields": {
    "amount": 15,
    "casestudy": 1,
    "destination": 1,
    "origin": 59,
    "material": 1,
    "quality": 4
  }
},
{
  "model": "asmfa.groupstock",
  "pk": 5,
  "fields": {
    "amount": 5,
    "origin": 9,
    "material": 1,
    "quality": 1
  }
},
{
  "model": "asmfa.groupstock",
  "pk": 6,
  "fields": {
    "amount": 10,
    "origin": 8,
    "material": 1,
    "quality": 1
  }
},
{
  "model": "asmfa.groupstock",
  "pk": 7,
  "fields": {
    "amount": 10,
    "origin": 2,
    "material": 1,
    "quality": 1
  }
},
{
  "model": "asmfa.groupstock",
  "pk": 8,
  "fields": {
    "amount": 10,
    "origin": 4,
    "material": 1,
    "quality": 1
  }
},
{
  "model": "asmfa.groupstock",
  "pk": 9,
  "fields": {
    "amount": 10,
    "origin": 3,
    "material": 1,
    "quality": 1
  }
},
{
  "model": "asmfa.activitystock",
  "pk": 5,
  "fields": {
    "amount": 10,
    "origin": 16,
    "material": 1,
    "quality": 1
  }
},
{
  "model": "asmfa.activitystock",
  "pk": 6,
  "fields": {
    "amount": 5,
    "origin": 27,
    "material": 1,
    "quality": 1
  }
},
{
  "model": "asmfa.activitystock",
  "pk": 7,
  "fields": {
    "amount": 5,
    "origin": 26,
    "material": 1,
    "quality": 1
  }
},
{
  "model": "asmfa.activitystock",
  "pk": 8,
  "fields": {
    "amount": 10,
    "origin": 5,
    "material": 1,
    "quality": 1
  }
},
{
  "model": "asmfa.activitystock",
  "pk": 9,
  "fields": {
    "amount": 5,
    "origin": 22,
    "material": 1,
    "quality": 1
  }
},
{
  "model": "asmfa.activitystock",
  "pk": 10,
  "fields": {
    "amount": 10,
    "origin": 12,
    "material": 1,
    "quality": 1
  }
},
{
  "model": "asmfa.actorstock",
  "pk": 1,
  "fields": {
    "amount": 5,
    "origin": 4,
    "material": 1,
    "quality": 1
  }
},
{
  "model": "asmfa.actorstock",
  "pk": 2,
  "fields": {
    "amount": 5,
    "origin": 5,
    "material": 1,
    "quality": 1
  }
},
{
  "model": "asmfa.actorstock",
  "pk": 3,
  "fields": {
    "amount": 5,
    "origin": 28,
    "material": 1,
    "quality": 1
  }
},
{
  "model": "asmfa.actorstock",
  "pk": 4,
  "fields": {
    "amount": 5,
    "origin": 27,
    "material": 1,
    "quality": 1
  }
},
{
  "model": "asmfa.actorstock",
  "pk": 5,
  "fields": {
    "amount": 5,
    "origin": 60,
    "material": 1,
    "quality": 1
  }
},
{
  "model": "asmfa.actorstock",
  "pk": 6,
  "fields": {
    "amount": 5,
    "origin": 61,
    "material": 1,
    "quality": 1
  }
},
{
  "model": "asmfa.actorstock",
  "pk": 7,
  "fields": {
    "amount": 10,
    "origin": 23,
    "material": 1,
    "quality": 1
  }
},
{
  "model": "asmfa.actorstock",
  "pk": 8,
  "fields": {
    "amount": 5,
    "origin": 46,
    "material": 1,
    "quality": 1
  }
}
]
